version 2
JvmtiExport can_access_local_variables 0
JvmtiExport can_hotswap_or_post_breakpoint 0
JvmtiExport can_post_on_exceptions 0
# 707 ciObject found
instanceKlass java/net/URLClassLoader$1
ciInstanceKlass java/lang/Cloneable 1 0 7 100 1 100 1 1 1
instanceKlass org/gradle/api/internal/file/FileSystemLocationPropertyInternal
instanceKlass org/gradle/api/internal/provider/MapCollectors$EntriesFromMap
instanceKlass org/gradle/api/internal/provider/DefaultMapProperty$NoValueSupplier
instanceKlass org/gradle/api/internal/provider/ValidatingMapEntryCollector
instanceKlass org/gradle/api/internal/provider/DefaultMapProperty$EmptySupplier
instanceKlass org/gradle/api/internal/provider/MapSupplier
instanceKlass org/gradle/api/internal/provider/MapCollector
instanceKlass org/gradle/api/internal/provider/MapEntryCollector
instanceKlass org/gradle/api/internal/provider/MapPropertyInternal
instanceKlass org/gradle/api/internal/provider/MapProviderInternal
instanceKlass org/gradle/api/internal/provider/AppendOnceList
instanceKlass org/gradle/api/internal/provider/ValueSupplier$ValueProducer
instanceKlass org/gradle/api/internal/provider/Collectors$ElementsFromCollection
instanceKlass org/gradle/api/internal/provider/AbstractCollectionProperty$NoValueSupplier
instanceKlass org/gradle/api/internal/provider/AbstractCollectionProperty$EmptySupplier
instanceKlass org/gradle/api/internal/provider/ValidatingValueCollector
# instanceKlass org/gradle/api/internal/provider/DefaultListProperty$$Lambda+0x000001fb9e611c60
instanceKlass org/gradle/api/internal/provider/CollectionSupplier
# instanceKlass java/lang/invoke/LambdaForm$MH+0x000001fb9e61dc00
# instanceKlass java/lang/invoke/LambdaForm$MH+0x000001fb9e61d800
# instanceKlass java/lang/invoke/LambdaForm$DMH+0x000001fb9e61c400
instanceKlass java/util/ArrayList$SubList$1
# instanceKlass java/lang/invoke/LambdaForm$MH+0x000001fb9e61c000
# instanceKlass org/gradle/internal/classpath/intercept/DefaultCallSiteDecorator$DecoratingCallSite$$Lambda+0x000001fb9e613760
# instanceKlass org/gradle/api/internal/provider/sources/process/ProviderCompatibleExecSpec_Decorated$$Lambda+0x000001fb9e613538
instanceKlass org/gradle/process/CommandLineArgumentProvider
instanceKlass org/gradle/process/internal/streams/SafeStreams
instanceKlass org/gradle/process/internal/ProcessStreamsSpec
instanceKlass org/gradle/process/internal/ProcessArgumentsSpec
instanceKlass org/gradle/process/internal/streams/EmptyStdInStreamsHandler
instanceKlass org/gradle/process/internal/ExecHandle
instanceKlass org/gradle/process/internal/StreamsHandler
instanceKlass org/gradle/process/internal/DefaultClientExecHandleBuilder
instanceKlass org/gradle/process/internal/ProcessArgumentsSpec$HasExecutable
instanceKlass org/gradle/process/internal/DefaultExecAction
# instanceKlass org/gradle/api/internal/provider/DefaultValueSourceProviderFactory$DefaultValueSourceSpec_Decorated$$Lambda+0x000001fb9e616898
instanceKlass org/gradle/api/internal/provider/DefaultValueSourceProviderFactory$DefaultValueSourceSpec
# instanceKlass org/gradle/api/internal/provider/sources/process/ProcessOutputValueSource$Parameters_Decorated$$Lambda+0x000001fb9e6160d0
instanceKlass org/gradle/api/internal/provider/sources/process/ProcessOutputValueSource$Parameters_Decorated
instanceKlass  @bci org/gradle/internal/instantiation/generator/AsmBackedClassGenerator$ClassBuilderImpl addDefaultConstructor ()V 8 <appendix> member <vmtarget> ; # org/gradle/internal/instantiation/generator/AsmBackedClassGenerator$ClassBuilderImpl$$Lambda+0x000001fb9e615580
instanceKlass  @bci org/gradle/internal/instantiation/generator/AsmBackedClassGenerator$ClassBuilderImpl applyReadOnlyManagedStateToGetter (Lorg/gradle/internal/instantiation/generator/AbstractClassGenerator$PropertyMetadata;Ljava/lang/reflect/Method;Z)V 53 <appendix> member <vmtarget> ; # org/gradle/internal/instantiation/generator/AsmBackedClassGenerator$ClassBuilderImpl$$Lambda+0x000001fb9e614e68
instanceKlass  @cpi org/gradle/internal/instantiation/generator/AsmBackedClassGenerator$ClassBuilderImpl 1738 form vmentry <vmtarget> ; # java/lang/invoke/LambdaForm$DMH+0x000001fb9e611400
instanceKlass org/gradle/internal/instantiation/generator/AsmBackedClassGenerator$AttachedProperty
instanceKlass org/gradle/internal/reflect/Types$1
instanceKlass org/gradle/api/internal/provider/sources/process/ProcessOutputValueSource$Parameters
instanceKlass org/gradle/api/internal/provider/sources/process/ProcessOutputValueSource$ExecOutputData
instanceKlass org/gradle/internal/reflect/Types
instanceKlass  @bci org/gradle/internal/isolated/IsolationScheme inferParameterType (Ljava/lang/Class;I)Ljava/lang/Class; 23 <adapter> ; # java/lang/invoke/LambdaForm$MH+0x000001fb9e611000
# instanceKlass java/lang/invoke/LambdaForm$DMH+0x000001fb9e610c00
instanceKlass  @bci org/gradle/internal/isolated/IsolationScheme inferParameterType (Ljava/lang/Class;I)Ljava/lang/Class; 23 <appendix> form vmentry <vmtarget> ; # java/lang/invoke/LambdaForm$DMH+0x000001fb9e610800
instanceKlass  @bci org/gradle/internal/isolated/IsolationScheme inferParameterType (Ljava/lang/Class;I)Ljava/lang/Class; 23 <appendix> member <vmtarget> ; # org/gradle/internal/isolated/IsolationScheme$$Lambda+0x000001fb9e614000
instanceKlass  @cpi org/gradle/internal/isolated/IsolationScheme 275 form vmentry <vmtarget> ; # java/lang/invoke/LambdaForm$DMH+0x000001fb9e60b400
instanceKlass org/gradle/internal/reflect/Types$TypeVisitor
instanceKlass  @bci org/gradle/api/internal/provider/DefaultProviderFactory exec (Lorg/gradle/api/Action;)Lorg/gradle/process/ExecOutput; 24 <appendix> member <vmtarget> ; # org/gradle/api/internal/provider/DefaultProviderFactory$$Lambda+0x000001fb9e60f828
instanceKlass org/gradle/api/internal/provider/sources/process/ProcessOutputValueSource
instanceKlass org/gradle/api/internal/provider/sources/process/DefaultExecOutput
instanceKlass org/gradle/process/ExecOutput$StandardStreamContent
instanceKlass  @bci java/lang/reflect/Executable typeVarBounds (Ljava/lang/reflect/TypeVariable;)Ljava/lang/String; 58 <appendix> argL0 ; # java/lang/reflect/Executable$$Lambda+0x000001fb9e576860
instanceKlass org/gradle/api/credentials/Credentials
instanceKlass org/gradle/internal/instrumentation/api/groovybytecode/InvocationUtils
instanceKlass  @bci org/gradle/internal/classpath/intercept/DefaultCallSiteDecorator$DecoratingCallSite call (Ljava/lang/Object;[Ljava/lang/Object;)Ljava/lang/Object; 29 <appendix> member <vmtarget> ; # org/gradle/internal/classpath/intercept/DefaultCallSiteDecorator$DecoratingCallSite$$Lambda+0x000001fb9e60eb40
instanceKlass org/gradle/internal/configuration/inputs/NoOpInputsListener
instanceKlass org/gradle/internal/configuration/inputs/InstrumentedInputs
instanceKlass org/gradle/internal/classpath/Instrumented$1
instanceKlass org/gradle/internal/configuration/inputs/AccessTrackingSet$Listener
instanceKlass  @bci org/gradle/internal/classpath/intercept/DefaultCallSiteDecorator$DecoratingCallSite callGetProperty (Ljava/lang/Object;)Ljava/lang/Object; 31 <appendix> member <vmtarget> ; # org/gradle/internal/classpath/intercept/DefaultCallSiteDecorator$DecoratingCallSite$$Lambda+0x000001fb9e606980
instanceKlass org/gradle/internal/instrumentation/api/groovybytecode/InvocationImpl$ThrowingSupplier
instanceKlass org/gradle/internal/instrumentation/api/groovybytecode/InvocationImpl
instanceKlass sun/reflect/generics/tree/BooleanSignature
instanceKlass sun/reflect/generics/reflectiveObjects/GenericArrayTypeImpl
instanceKlass java/io/Console
instanceKlass  @bci org/codehaus/groovy/vmplugin/v9/Java9 concealedPackageList (Ljava/lang/Module;)Ljava/util/Set; 7 <appendix> argL0 ; # org/codehaus/groovy/vmplugin/v9/Java9$$Lambda+0x000001fb9e605a30
instanceKlass org/gradle/internal/serialize/ExceptionReplacingObjectOutputStream$1
instanceKlass org/gradle/internal/serialize/Message
# instanceKlass java/lang/invoke/LambdaForm$MH+0x000001fb9e60b000
instanceKlass org/gradle/internal/classpath/declarations/GroovyDynamicDispatchInterceptors
instanceKlass  @bci org/gradle/plugin/management/internal/argumentloaded/ArgumentSourcedPluginHandler getArgumentSourcedPlugins ()Lorg/gradle/plugin/management/internal/PluginRequests; 12 <appendix> member <vmtarget> ; # org/gradle/plugin/management/internal/argumentloaded/ArgumentSourcedPluginHandler$$Lambda+0x000001fb9e604200
instanceKlass  @bci org/gradle/plugin/management/internal/autoapply/CompositeAutoAppliedPluginRegistry getAutoAppliedPlugins (Lorg/gradle/api/initialization/Settings;)Lorg/gradle/plugin/management/internal/PluginRequests; 23 <appendix> argL0 ; # org/gradle/plugin/management/internal/autoapply/CompositeAutoAppliedPluginRegistry$$Lambda+0x000001fb9e601c20
instanceKlass  @bci org/gradle/plugin/management/internal/autoapply/CompositeAutoAppliedPluginRegistry getAutoAppliedPlugins (Lorg/gradle/api/initialization/Settings;)Lorg/gradle/plugin/management/internal/PluginRequests; 10 <appendix> member <vmtarget> ; # org/gradle/plugin/management/internal/autoapply/CompositeAutoAppliedPluginRegistry$$Lambda+0x000001fb9e6019d8
instanceKlass org/gradle/internal/resource/transfer/CachingTextUriResourceLoader
instanceKlass org/gradle/internal/resource/transfer/CacheAwareExternalResourceAccessor$ResourceFileStore
instanceKlass org/gradle/api/internal/artifacts/repositories/resolver/DefaultExternalResourceAccessor
instanceKlass org/gradle/internal/resource/ExternalResource$ContentAndMetadataAction
instanceKlass org/gradle/internal/resource/transfer/DefaultCacheAwareExternalResourceAccessor
instanceKlass org/gradle/internal/resource/transfer/DefaultExternalResourceRepository
instanceKlass org/gradle/internal/resource/transfer/ProgressLoggingExternalResourceLister$1
instanceKlass org/gradle/internal/resource/ExternalResourceListBuildOperationType$Result
instanceKlass org/gradle/internal/resource/transfer/ProgressLoggingExternalResourceAccessor$1
instanceKlass org/gradle/internal/resource/ExternalResourceReadMetadataBuildOperationType$Result
instanceKlass org/gradle/internal/resource/transfer/AbstractProgressLoggingHandler
instanceKlass org/gradle/internal/resource/transfer/CacheAwareExternalResourceAccessor
instanceKlass org/gradle/internal/resource/transport/AbstractRepositoryTransport
instanceKlass org/gradle/api/internal/artifacts/ivyservice/resolutionstrategy/DefaultExternalResourceCachePolicy
instanceKlass org/gradle/internal/resource/transfer/DefaultExternalResourceConnector$NoOpStats
instanceKlass org/gradle/internal/resource/transfer/DefaultExternalResourceConnector$1
instanceKlass org/gradle/internal/resource/transfer/DefaultExternalResourceConnector$ExternalResourceAccessStats
instanceKlass org/gradle/internal/resource/transfer/DefaultExternalResourceConnector
instanceKlass org/apache/http/HttpEntityEnclosingRequest
instanceKlass org/apache/http/HttpEntity
instanceKlass org/gradle/internal/resource/transport/http/HttpResourceUploader
instanceKlass org/gradle/internal/resource/transport/http/HttpResourceLister
instanceKlass org/gradle/internal/resource/transfer/ExternalResourceReadResponse
instanceKlass org/gradle/internal/resource/transfer/AbstractExternalResourceAccessor
instanceKlass org/apache/http/message/AbstractHttpMessage
instanceKlass org/apache/http/client/methods/AbortableHttpRequest
instanceKlass org/apache/http/client/methods/HttpExecutionAware
instanceKlass org/apache/http/client/methods/Configurable
instanceKlass org/apache/http/protocol/HttpContext
instanceKlass org/apache/http/client/methods/HttpUriRequest
instanceKlass org/slf4j/spi/LocationAwareLogger
instanceKlass org/apache/commons/logging/impl/SLF4JLog
instanceKlass org/apache/commons/logging/impl/SLF4JLocationAwareLog
instanceKlass org/apache/commons/logging/Log
instanceKlass org/apache/commons/logging/LogFactory
instanceKlass org/apache/http/conn/ssl/DefaultHostnameVerifier
instanceKlass org/gradle/internal/resource/transport/http/DefaultHttpSettings$Builder
instanceKlass org/gradle/internal/resource/transport/http/DefaultHttpSettings$2$2
instanceKlass javax/net/ssl/X509TrustManager
instanceKlass javax/net/ssl/TrustManager
instanceKlass  @bci com/google/common/base/Suppliers$NonSerializableMemoizingSupplier <clinit> ()V 0 <appendix> argL0 ; # com/google/common/base/Suppliers$NonSerializableMemoizingSupplier$$Lambda+0x000001fb9e5f9430
instanceKlass com/google/common/base/Suppliers$MemoizingSupplier
instanceKlass com/google/common/base/Suppliers$NonSerializableMemoizingSupplier
instanceKlass org/gradle/internal/resource/transport/http/DefaultHttpSettings$2$1
instanceKlass org/gradle/internal/resource/transport/http/DefaultHttpSettings$2
instanceKlass org/gradle/internal/resource/transport/http/DefaultHttpSettings$1
instanceKlass org/gradle/internal/resource/transport/http/HttpTimeoutSettings
instanceKlass org/gradle/internal/resource/transport/http/HttpProxySettings
instanceKlass javax/net/ssl/HostnameVerifier
instanceKlass org/gradle/internal/resource/transport/http/DefaultHttpSettings
instanceKlass org/gradle/api/internal/artifacts/repositories/transport/RepositoryTransportFactory$DefaultResourceConnectorSpecification
instanceKlass  @bci org/gradle/internal/verifier/HttpRedirectVerifierFactory create (Ljava/net/URI;ZLjava/lang/Runnable;Ljava/util/function/Consumer;)Lorg/gradle/internal/verifier/HttpRedirectVerifier; 40 <appendix> member <vmtarget> ; # org/gradle/internal/verifier/HttpRedirectVerifierFactory$$Lambda+0x000001fb9e5f8000
instanceKlass org/gradle/internal/verifier/HttpRedirectVerifierFactory
instanceKlass  @bci org/gradle/api/internal/plugins/DefaultObjectConfigurationAction createHttpRedirectVerifier (Ljava/net/URI;)Lorg/gradle/internal/verifier/HttpRedirectVerifier; 9 <appendix> member <vmtarget> ; # org/gradle/api/internal/plugins/DefaultObjectConfigurationAction$$Lambda+0x000001fb9e5f7dc0
instanceKlass  @bci org/gradle/api/internal/plugins/DefaultObjectConfigurationAction createHttpRedirectVerifier (Ljava/net/URI;)Lorg/gradle/internal/verifier/HttpRedirectVerifier; 3 <appendix> member <vmtarget> ; # org/gradle/api/internal/plugins/DefaultObjectConfigurationAction$$Lambda+0x000001fb9e5f7b98
instanceKlass org/gradle/internal/typeconversion/TransformingConverter$ResultImpl
instanceKlass org/gradle/api/internal/plugins/DefaultObjectConfigurationAction$1
instanceKlass org/codehaus/groovy/runtime/ScriptBytecodeAdapter
instanceKlass org/gradle/api/initialization/ConfigurableIncludedPluginBuild
instanceKlass  @bci org/gradle/plugin/management/internal/DefaultPluginManagementSpec_Decorated $gradleInit ()V 1 <appendix> member <vmtarget> ; # org/gradle/plugin/management/internal/DefaultPluginManagementSpec_Decorated$$Lambda+0x000001fb9e5df5a0
instanceKlass org/gradle/plugin/use/PluginDependencySpec
instanceKlass org/gradle/plugin/management/internal/DefaultPluginManagementSpec$PluginDependenciesSpecImpl
instanceKlass org/gradle/plugin/use/PluginDependenciesSpec
instanceKlass org/gradle/plugin/management/internal/DefaultPluginManagementSpec
instanceKlass org/gradle/plugin/management/internal/PluginManagementSpecInternal
# instanceKlass java/lang/invoke/LambdaForm$MH+0x000001fb9e5f6000
# instanceKlass java/lang/invoke/LambdaForm$MH+0x000001fb9e5f5c00
# instanceKlass java/lang/invoke/LambdaForm$MH+0x000001fb9e5f5800
# instanceKlass java/lang/invoke/LambdaForm$MH+0x000001fb9e5f5400
# instanceKlass java/lang/invoke/LambdaForm$MH+0x000001fb9e5f5000
# instanceKlass java/lang/invoke/LambdaForm$MH+0x000001fb9e5e9c00
instanceKlass org/gradle/api/initialization/ConfigurableIncludedBuild
instanceKlass org/codehaus/groovy/reflection/CachedClass$CachedMethodComparatorByName
instanceKlass org/gradle/plugin/use/internal/PluginRequestCollector
instanceKlass org/gradle/api/internal/cache/CacheDirUtil
instanceKlass  @bci org/gradle/api/internal/provider/AbstractProperty beforeRead (Lorg/gradle/internal/evaluation/EvaluationScopeContext;Lorg/gradle/internal/state/ModelObject;Lorg/gradle/api/internal/provider/ValueSupplier$ValueConsumer;)V 12 <appendix> member <vmtarget> ; # org/gradle/api/internal/provider/AbstractProperty$$Lambda+0x000001fb9e5f20f8
instanceKlass org/gradle/cache/CleanupFrequency$3
instanceKlass org/gradle/cache/CleanupFrequency$2
instanceKlass org/gradle/cache/CleanupFrequency$1
instanceKlass org/gradle/api/internal/cache/DefaultCleanup
instanceKlass org/gradle/api/internal/cache/CleanupInternal
instanceKlass  @bci it/unimi/dsi/fastutil/objects/ReferenceArrayList <clinit> ()V 26 <appendix> argL0 ; # it/unimi/dsi/fastutil/objects/ReferenceArrayList$$Lambda+0x000001fb9e5f0f98
instanceKlass  @bci it/unimi/dsi/fastutil/objects/ReferenceArrayList <clinit> ()V 21 <appendix> argL0 ; # it/unimi/dsi/fastutil/objects/ReferenceArrayList$$Lambda+0x000001fb9e5f0d68
instanceKlass  @bci it/unimi/dsi/fastutil/objects/ReferenceArrayList <clinit> ()V 16 <appendix> argL0 ; # it/unimi/dsi/fastutil/objects/ReferenceArrayList$$Lambda+0x000001fb9e5f0b48
instanceKlass it/unimi/dsi/fastutil/objects/ObjectListIterator
instanceKlass it/unimi/dsi/fastutil/objects/ObjectBidirectionalIterator
instanceKlass it/unimi/dsi/fastutil/BidirectionalIterator
instanceKlass it/unimi/dsi/fastutil/Stack
instanceKlass it/unimi/dsi/fastutil/objects/ReferenceList
instanceKlass  @bci it/unimi/dsi/fastutil/objects/ReferenceOpenHashSet <clinit> ()V 10 <appendix> argL0 ; # it/unimi/dsi/fastutil/objects/ReferenceOpenHashSet$$Lambda+0x000001fb9e5eabe0
instanceKlass  @bci it/unimi/dsi/fastutil/objects/ReferenceOpenHashSet <clinit> ()V 5 <appendix> argL0 ; # it/unimi/dsi/fastutil/objects/ReferenceOpenHashSet$$Lambda+0x000001fb9e5ea9b0
instanceKlass  @bci it/unimi/dsi/fastutil/objects/ReferenceOpenHashSet <clinit> ()V 0 <appendix> argL0 ; # it/unimi/dsi/fastutil/objects/ReferenceOpenHashSet$$Lambda+0x000001fb9e5ea790
instanceKlass it/unimi/dsi/fastutil/objects/ObjectSpliterator
instanceKlass it/unimi/dsi/fastutil/objects/ObjectIterator
instanceKlass it/unimi/dsi/fastutil/objects/ReferenceSet
instanceKlass it/unimi/dsi/fastutil/objects/ReferenceCollection
instanceKlass  @bci org/gradle/internal/evaluation/EvaluationContext <init> ()V 6 <appendix> member <vmtarget> ; # org/gradle/internal/evaluation/EvaluationContext$$Lambda+0x000001fb9e5eea88
instanceKlass org/gradle/internal/evaluation/EvaluationContext$PerThreadContext
instanceKlass org/gradle/internal/evaluation/EvaluationScopeContext
instanceKlass org/gradle/internal/evaluation/EvaluationContext
instanceKlass  @bci org/gradle/api/internal/cache/DefaultCacheConfigurations$ContextualErrorMessageProperty set (Lorg/gradle/api/provider/Provider;)V 3 <appendix> member <vmtarget> ; # org/gradle/api/internal/cache/DefaultCacheConfigurations$ContextualErrorMessageProperty$$Lambda+0x000001fb9e5ee200
instanceKlass  @bci org/gradle/api/internal/cache/DefaultCacheConfigurations$ContextualErrorMessageProperty value (Lorg/gradle/api/provider/Provider;)Lorg/gradle/api/internal/cache/DefaultCacheConfigurations$ContextualErrorMessageProperty; 3 <appendix> member <vmtarget> ; # org/gradle/api/internal/cache/DefaultCacheConfigurations$ContextualErrorMessageProperty$$Lambda+0x000001fb9e5edfd8
instanceKlass org/gradle/internal/event/DefaultListenerManager$ExclusiveEventBroadcast$2
instanceKlass org/gradle/internal/event/BroadcastDispatch$ActionInvocationHandler
instanceKlass  @bci org/gradle/internal/operations/notify/BuildOperationNotificationBridge$2 beforeSettings (Lorg/gradle/api/initialization/Settings;)V 21 <appendix> member <vmtarget> ; # org/gradle/internal/operations/notify/BuildOperationNotificationBridge$2$$Lambda+0x000001fb9e5ed938
instanceKlass  @bci org/gradle/initialization/DefaultSettings_Decorated getConventionWhileDisabledDeprecationLogger ()Lorg/gradle/api/plugins/Convention; 1 <appendix> member <vmtarget> ; # org/gradle/initialization/DefaultSettings_Decorated$$Lambda+0x000001fb9e5ed428
instanceKlass  @bci org/gradle/initialization/DefaultSettings_Decorated $gradleInit ()V 1 <appendix> member <vmtarget> ; # org/gradle/initialization/DefaultSettings_Decorated$$Lambda+0x000001fb9e5ed200
instanceKlass  @bci org/gradle/initialization/DefaultToolchainManagement_Decorated $gradleInit ()V 1 <appendix> member <vmtarget> ; # org/gradle/initialization/DefaultToolchainManagement_Decorated$$Lambda+0x000001fb9e5ecfd8
instanceKlass  @bci jdk/internal/reflect/MethodHandleIntegerFieldAccessorImpl setInt (Ljava/lang/Object;I)V 29 <adapter> ; # java/lang/invoke/LambdaForm$MH+0x000001fb9e5e9800
# instanceKlass java/lang/invoke/LambdaForm$DMH+0x000001fb9e5e9400
instanceKlass  @bci org/gradle/internal/instantiation/generator/AsmBackedClassGenerator$ClassBuilderImpl addManagedMethods (Ljava/util/List;Ljava/util/List;)V 116 <appendix> member <vmtarget> ; # org/gradle/internal/instantiation/generator/AsmBackedClassGenerator$ClassBuilderImpl$$Lambda+0x000001fb9e5ec4d0
instanceKlass  @bci org/gradle/internal/instantiation/generator/AsmBackedClassGenerator$ClassBuilderImpl addManagedMethods (Ljava/util/List;Ljava/util/List;)V 93 <adapter> ; # java/lang/invoke/LambdaForm$MH+0x000001fb9e5e9000
# instanceKlass java/lang/invoke/LambdaForm$DMH+0x000001fb9e5e8c00
instanceKlass  @bci org/gradle/internal/instantiation/generator/AsmBackedClassGenerator$ClassBuilderImpl addManagedMethods (Ljava/util/List;Ljava/util/List;)V 93 <appendix> form vmentry <vmtarget> ; # java/lang/invoke/LambdaForm$DMH+0x000001fb9e5e8800
instanceKlass  @bci org/gradle/internal/instantiation/generator/AsmBackedClassGenerator$ClassBuilderImpl addManagedMethods (Ljava/util/List;Ljava/util/List;)V 93 <appendix> member <vmtarget> ; # org/gradle/internal/instantiation/generator/AsmBackedClassGenerator$ClassBuilderImpl$$Lambda+0x000001fb9e5e3c28
instanceKlass  @cpi org/gradle/internal/instantiation/generator/AsmBackedClassGenerator$ClassBuilderImpl 1774 form vmentry <vmtarget> ; # java/lang/invoke/LambdaForm$DMH+0x000001fb9e5e8400
instanceKlass  @bci org/gradle/internal/instantiation/generator/AsmBackedClassGenerator$ClassBuilderImpl addManagedMethods (Ljava/util/List;Ljava/util/List;)V 72 <adapter> ; # java/lang/invoke/LambdaForm$MH+0x000001fb9e5e8000
# instanceKlass java/lang/invoke/LambdaForm$DMH+0x000001fb9e5e1c00
instanceKlass  @bci org/gradle/internal/instantiation/generator/AsmBackedClassGenerator$ClassBuilderImpl addManagedMethods (Ljava/util/List;Ljava/util/List;)V 72 <appendix> form vmentry <vmtarget> ; # java/lang/invoke/LambdaForm$DMH+0x000001fb9e5e1800
instanceKlass  @bci org/gradle/internal/instantiation/generator/AsmBackedClassGenerator$ClassBuilderImpl addManagedMethods (Ljava/util/List;Ljava/util/List;)V 72 <appendix> member <vmtarget> ; # org/gradle/internal/instantiation/generator/AsmBackedClassGenerator$ClassBuilderImpl$$Lambda+0x000001fb9e5e3530
instanceKlass  @cpi org/gradle/internal/instantiation/generator/AsmBackedClassGenerator$ClassBuilderImpl 1771 form vmentry <vmtarget> ; # java/lang/invoke/LambdaForm$DMH+0x000001fb9e5e1400
instanceKlass  @bci org/gradle/internal/instantiation/generator/AsmBackedClassGenerator$ClassBuilderImpl addManagedMethods (Ljava/util/List;Ljava/util/List;)V 53 <appendix> member <vmtarget> ; # org/gradle/internal/instantiation/generator/AsmBackedClassGenerator$ClassBuilderImpl$$Lambda+0x000001fb9e5e2e38
instanceKlass org/gradle/initialization/DefaultToolchainManagement
instanceKlass  @bci org/gradle/internal/management/DefaultDependencyResolutionManagement_Decorated $gradleInit ()V 1 <appendix> member <vmtarget> ; # org/gradle/internal/management/DefaultDependencyResolutionManagement_Decorated$$Lambda+0x000001fb9e5de968
instanceKlass  @bci org/gradle/internal/management/DefaultVersionCatalogBuilderContainer_Decorated $gradleInit ()V 1 <appendix> member <vmtarget> ; # org/gradle/internal/management/DefaultVersionCatalogBuilderContainer_Decorated$$Lambda+0x000001fb9e5de740
instanceKlass com/google/common/collect/MapMakerInternalMap$StrongKeyDummyValueEntry$Helper
instanceKlass org/gradle/api/internal/DefaultNamedDomainObjectCollection$UnfilteredIndex
instanceKlass  @bci org/gradle/api/internal/collections/SortedSetElementSource <init> (Ljava/util/Comparator;)V 12 <appendix> argL0 ; # org/gradle/api/internal/collections/SortedSetElementSource$$Lambda+0x000001fb9e5e7b50
instanceKlass org/gradle/api/Namer$Comparator
instanceKlass org/gradle/api/internal/collections/SortedSetElementSource
instanceKlass org/gradle/api/Named$Namer
# instanceKlass java/lang/invoke/LambdaForm$MH+0x000001fb9e5e1000
# instanceKlass java/lang/invoke/LambdaForm$MH+0x000001fb9e5e0c00
# instanceKlass java/lang/invoke/LambdaForm$MH+0x000001fb9e5e0800
# instanceKlass java/lang/invoke/LambdaForm$MH+0x000001fb9e5e0400
instanceKlass java/lang/SafeVarargs
instanceKlass com/google/common/reflect/Types$WildcardTypeImpl
instanceKlass com/google/common/reflect/Types$ClassOwnership$1LocalClass
instanceKlass com/google/common/reflect/Types$ParameterizedTypeImpl
instanceKlass com/google/common/reflect/Types
instanceKlass com/google/common/reflect/TypeResolver$TypeVariableKey
instanceKlass com/google/common/reflect/TypeResolver$TypeTable
instanceKlass com/google/common/reflect/TypeResolver
instanceKlass com/google/common/reflect/TypeVisitor
instanceKlass com/google/common/reflect/Invokable
instanceKlass org/gradle/api/internal/collections/CollectionFilter
instanceKlass org/gradle/api/NamedDomainObjectCollectionSchema
instanceKlass org/gradle/api/Rule
instanceKlass org/gradle/api/internal/DefaultNamedDomainObjectCollection$Index
instanceKlass  @bci org/gradle/internal/management/DefaultDependencyResolutionManagement <init> (Lorg/gradle/internal/code/UserCodeApplicationContext;Lorg/gradle/api/internal/artifacts/DependencyManagementServices;Lorg/gradle/api/model/ObjectFactory;Lorg/gradle/api/internal/CollectionCallbackActionDecorator;)V 83 <appendix> member <vmtarget> ; # org/gradle/internal/management/DefaultDependencyResolutionManagement$$Lambda+0x000001fb9e5dd1a8
instanceKlass org/gradle/api/internal/provider/ValueSanitizers$4
instanceKlass org/gradle/internal/management/DefaultDependencyResolutionManagement$ComponentMetadataRulesRegistar
# instanceKlass java/lang/invoke/LambdaForm$MH+0x000001fb9e5e0000
instanceKlass org/gradle/api/initialization/dsl/VersionCatalogBuilder
instanceKlass org/gradle/api/reflect/HasPublicType
instanceKlass org/gradle/api/artifacts/repositories/ArtifactRepository
instanceKlass org/gradle/api/initialization/resolve/MutableVersionCatalogContainer
instanceKlass org/gradle/internal/management/DefaultDependencyResolutionManagement
# instanceKlass java/lang/invoke/LambdaForm$MH+0x000001fb9e5d7400
# instanceKlass java/lang/invoke/LambdaForm$MH+0x000001fb9e5d7000
# instanceKlass java/lang/invoke/LambdaForm$MH+0x000001fb9e5d6c00
# instanceKlass java/lang/invoke/LambdaForm$MH+0x000001fb9e5d6800
# instanceKlass java/lang/invoke/LambdaForm$MH+0x000001fb9e5d6400
# instanceKlass java/lang/invoke/LambdaForm$MH+0x000001fb9e5d6000
instanceKlass  @bci java/io/WinNTFileSystem listRoots ()[Ljava/io/File; 38 <appendix> argL0 ; # java/io/WinNTFileSystem$$Lambda+0x000001fb9e573a90
instanceKlass  @bci java/io/WinNTFileSystem listRoots ()[Ljava/io/File; 28 <appendix> member <vmtarget> ; # java/io/WinNTFileSystem$$Lambda+0x000001fb9e573838
instanceKlass  @bci java/io/WinNTFileSystem listRoots ()[Ljava/io/File; 17 <appendix> member <vmtarget> ; # java/io/WinNTFileSystem$$Lambda+0x000001fb9e573610
instanceKlass java/util/BitSet$1BitSetSpliterator
instanceKlass org/gradle/vcs/VcsMappings
instanceKlass org/gradle/vcs/internal/services/VersionControlServices$VersionControlSettingsServices
instanceKlass org/gradle/plugin/internal/PluginUseServices$SettingsScopeServices
instanceKlass org/gradle/internal/service/scopes/SettingsScopeServices
# instanceKlass java/lang/invoke/LambdaForm$MH+0x000001fb9e5d5c00
# instanceKlass java/lang/invoke/LambdaForm$MH+0x000001fb9e5d5800
# instanceKlass java/lang/invoke/LambdaForm$MH+0x000001fb9e5d5400
# instanceKlass java/lang/invoke/LambdaForm$MH+0x000001fb9e5d5000
# instanceKlass java/lang/invoke/LambdaForm$MH+0x000001fb9e5d4c00
# instanceKlass java/lang/invoke/LambdaForm$MH+0x000001fb9e5d4800
# instanceKlass java/lang/invoke/LambdaForm$MH+0x000001fb9e5d4400
# instanceKlass java/lang/invoke/LambdaForm$MH+0x000001fb9e5d4000
instanceKlass org/gradle/declarative/dsl/model/annotations/Configuring
instanceKlass org/gradle/declarative/dsl/model/annotations/Adding
instanceKlass org/gradle/declarative/dsl/model/annotations/Restricted
instanceKlass org/gradle/initialization/IncludedBuildSpec
instanceKlass org/gradle/api/file/BuildLayout
instanceKlass org/gradle/initialization/ProjectDescriptorRegistry
instanceKlass org/gradle/vcs/SourceControl
instanceKlass org/gradle/initialization/DefaultProjectDescriptor
instanceKlass org/gradle/plugin/management/PluginManagementSpec
instanceKlass org/gradle/api/initialization/ProjectDescriptor
instanceKlass org/gradle/initialization/SettingsFactory$SettingsServiceRegistryFactory
instanceKlass org/gradle/initialization/BuildOperationSettingsProcessor$2$1
instanceKlass org/gradle/initialization/EvaluateSettingsBuildOperationType$Details
instanceKlass org/gradle/initialization/BuildOperationSettingsProcessor$2
instanceKlass org/gradle/internal/logging/sink/ProgressLogEventGenerator$1
instanceKlass  @bci org/gradle/internal/classpath/DefaultInstrumentedClosuresTracker leaveClosure (Lorg/gradle/internal/classpath/InstrumentableClosure;)V 5 <appendix> argL0 ; # org/gradle/internal/classpath/DefaultInstrumentedClosuresTracker$$Lambda+0x000001fb9e5cf0b0
# instanceKlass java/lang/invoke/LambdaForm$MH+0x000001fb9e5cd800
# instanceKlass java/lang/invoke/LambdaForm$MH+0x000001fb9e5c9c00
instanceKlass  @bci org/gradle/internal/classpath/DefaultInstrumentedClosuresTracker enterClosure (Lorg/gradle/internal/classpath/InstrumentableClosure;)V 6 <appendix> argL0 ; # org/gradle/internal/classpath/DefaultInstrumentedClosuresTracker$$Lambda+0x000001fb9e5cee08
instanceKlass it/unimi/dsi/fastutil/ints/IntBinaryOperator
instanceKlass it/unimi/dsi/fastutil/HashCommon
instanceKlass it/unimi/dsi/fastutil/objects/Object2IntMap$FastEntrySet
instanceKlass it/unimi/dsi/fastutil/objects/ObjectSet
instanceKlass it/unimi/dsi/fastutil/objects/ObjectCollection
instanceKlass it/unimi/dsi/fastutil/objects/ObjectIterable
instanceKlass it/unimi/dsi/fastutil/ints/IntCollection
instanceKlass it/unimi/dsi/fastutil/ints/IntIterable
instanceKlass java/util/function/IntBinaryOperator
instanceKlass it/unimi/dsi/fastutil/objects/AbstractObject2IntFunction
instanceKlass it/unimi/dsi/fastutil/Hash
instanceKlass  @bci org/gradle/internal/classpath/InstrumentedClosuresHelper <clinit> ()V 4 <appendix> argL0 ; # org/gradle/internal/classpath/InstrumentedClosuresHelper$$Lambda+0x000001fb9e5c61a0
instanceKlass it/unimi/dsi/fastutil/objects/Object2IntMap
instanceKlass it/unimi/dsi/fastutil/objects/Object2IntFunction
instanceKlass org/gradle/internal/classpath/DefaultInstrumentedClosuresTracker
instanceKlass org/gradle/internal/classpath/PerThreadInstrumentedClosuresTracker
instanceKlass org/gradle/internal/classpath/InstrumentedClosuresTracker
instanceKlass org/gradle/internal/classpath/InstrumentedClosuresHelper
instanceKlass org/gradle/util/internal/ClosureBackedAction
instanceKlass org/gradle/configuration/internal/DefaultListenerBuildOperationDecorator$1
instanceKlass org/gradle/listener/ClosureBackedMethodInvocationDispatch
# instanceKlass java/lang/invoke/LambdaForm$MH+0x000001fb9e5c9800
# instanceKlass java/lang/invoke/LambdaForm$MH+0x000001fb9e5c9400
# instanceKlass java/lang/invoke/LambdaForm$MH+0x000001fb9e5c9000
# instanceKlass java/lang/invoke/LambdaForm$MH+0x000001fb9e5c8c00
# instanceKlass java/lang/invoke/LambdaForm$MH+0x000001fb9e5c8800
instanceKlass  @bci org/codehaus/groovy/reflection/ClassLoaderForClassArtifacts defineClassAndGetConstructor (Ljava/lang/String;[B)Ljava/lang/reflect/Constructor; 3 <appendix> member <vmtarget> ; # org/codehaus/groovy/reflection/ClassLoaderForClassArtifacts$$Lambda+0x000001fb9e5c44b8
instanceKlass groovyjarjarasm/asm/Attribute
instanceKlass groovyjarjarasm/asm/Handler
instanceKlass org/codehaus/groovy/runtime/typehandling/DefaultTypeTransformation
instanceKlass org/codehaus/groovy/classgen/asm/BytecodeHelper
instanceKlass groovyjarjarasm/asm/Edge
instanceKlass groovyjarjarasm/asm/Label
instanceKlass groovyjarjarasm/asm/Frame
instanceKlass  @bci org/codehaus/groovy/reflection/CachedClass$5 initValue ()Lorg/codehaus/groovy/runtime/callsite/CallSiteClassLoader; 1 <appendix> member <vmtarget> ; # org/codehaus/groovy/reflection/CachedClass$5$$Lambda+0x000001fb9e5c2d80
instanceKlass groovyjarjarasm/asm/ByteVector
instanceKlass groovyjarjarasm/asm/Symbol
instanceKlass groovyjarjarasm/asm/SymbolTable
instanceKlass groovyjarjarasm/asm/FieldVisitor
instanceKlass groovyjarjarasm/asm/MethodVisitor
instanceKlass groovyjarjarasm/asm/AnnotationVisitor
instanceKlass groovyjarjarasm/asm/ModuleVisitor
instanceKlass groovyjarjarasm/asm/RecordComponentVisitor
instanceKlass org/codehaus/groovy/classgen/GeneratorContext
instanceKlass org/codehaus/groovy/reflection/android/AndroidSupport
instanceKlass  @bci org/codehaus/groovy/runtime/callsite/GroovySunClassLoader <clinit> ()V 31 <appendix> argL0 ; # org/codehaus/groovy/runtime/callsite/GroovySunClassLoader$$Lambda+0x000001fb9e5bf800
instanceKlass  @bci org/codehaus/groovy/reflection/SunClassLoader <clinit> ()V 0 <appendix> argL0 ; # org/codehaus/groovy/reflection/SunClassLoader$$Lambda+0x000001fb9e5bbd58
instanceKlass org/codehaus/groovy/runtime/callsite/CallSiteGenerator
instanceKlass org/codehaus/groovy/runtime/metaclass/MetaMethodIndex$CacheEntry
instanceKlass  @bci org/codehaus/groovy/runtime/metaclass/ClosureMetaClass assignMethodChooser ()V 66 <appendix> member <vmtarget> ; # org/codehaus/groovy/runtime/metaclass/ClosureMetaClass$$Lambda+0x000001fb9e5b9e08
# instanceKlass java/lang/invoke/LambdaForm$MH+0x000001fb9e5bec00
# instanceKlass java/lang/invoke/LambdaForm$MH+0x000001fb9e5be800
# instanceKlass java/lang/invoke/LambdaForm$MH+0x000001fb9e5be400
# instanceKlass java/lang/invoke/LambdaForm$MH+0x000001fb9e5be000
# instanceKlass java/lang/invoke/LambdaForm$DMH+0x000001fb9e5bdc00
# instanceKlass java/lang/invoke/LambdaForm$DMH+0x000001fb9e5bd800
instanceKlass sun/invoke/util/ValueConversions$1
instanceKlass org/gradle/internal/metaobject/InstrumentedMetaClass
instanceKlass org/gradle/configuration/internal/DefaultListenerBuildOperationDecorator$BuildOperationEmittingAction
instanceKlass org/gradle/internal/code/DefaultUserCodeApplicationContext$CurrentApplication$1
instanceKlass  @bci org/gradle/invocation/DefaultGradle allprojects (Lorg/gradle/api/Action;)V 5 <appendix> member <vmtarget> ; # org/gradle/invocation/DefaultGradle$$Lambda+0x000001fb9e5b88a8
instanceKlass org/codehaus/groovy/reflection/AccessPermissionChecker
instanceKlass  @bci org/codehaus/groovy/reflection/ReflectionUtils makeAccessibleInPrivilegedAction (Ljava/lang/reflect/AccessibleObject;)Ljava/util/Optional; 1 <appendix> member <vmtarget> ; # org/codehaus/groovy/reflection/ReflectionUtils$$Lambda+0x000001fb9e5b8210
instanceKlass groovyjarjarasm/asm/Type
instanceKlass java/lang/invoke/SerializedLambda
instanceKlass  @bci org/codehaus/groovy/ast/ClassNode <init> (Ljava/lang/String;ILorg/codehaus/groovy/ast/ClassNode;[Lorg/codehaus/groovy/ast/ClassNode;[Lorg/codehaus/groovy/ast/MixinNode;)V 82 <appendix> argL0 ; # org/codehaus/groovy/ast/ClassNode$$Lambda+0x000001fb9e5a8c00
instanceKlass org/codehaus/groovy/ast/ClassNode$MapOfLists
instanceKlass org/codehaus/groovy/util/AbstractConcurrentMap$Entry
instanceKlass org/codehaus/groovy/util/AbstractConcurrentMapBase$Entry
instanceKlass org/codehaus/groovy/ast/ClassHelper$ClassHelperCache
instanceKlass org/codehaus/groovy/runtime/GeneratedLambda
instanceKlass org/codehaus/groovy/ast/ClassHelper
instanceKlass org/codehaus/groovy/classgen/asm/util/TypeUtil
instanceKlass org/codehaus/groovy/syntax/Types
instanceKlass org/codehaus/groovy/syntax/CSTNode
instanceKlass org/codehaus/groovy/ast/tools/GeneralUtils
instanceKlass org/gradle/api/project/IsolatedProject
instanceKlass org/gradle/api/component/SoftwareComponentContainer
instanceKlass org/gradle/api/NamedDomainObjectFactory
instanceKlass org/gradle/normalization/internal/InputNormalizationHandlerInternal
instanceKlass org/gradle/api/internal/tasks/TaskContainerInternal
instanceKlass org/gradle/api/internal/PolymorphicDomainObjectContainerInternal
instanceKlass org/gradle/api/internal/tasks/TaskResolver
instanceKlass org/gradle/api/internal/project/ProjectIdentity
instanceKlass org/gradle/internal/model/RuleBasedPluginListener
instanceKlass org/gradle/configuration/project/ProjectConfigurationActionContainer
instanceKlass org/gradle/api/internal/project/ProjectInternal$DetachedResolver
instanceKlass org/gradle/model/internal/registry/ModelRegistry
instanceKlass org/gradle/api/internal/project/ProjectStateInternal
instanceKlass org/gradle/normalization/InputNormalizationHandler
instanceKlass org/gradle/api/ProjectState
instanceKlass org/gradle/internal/metaobject/DynamicInvokeResult
instanceKlass  @bci org/gradle/internal/classpath/intercept/CallInterceptorResolver$ClosureCallInterceptorResolver <clinit> ()V 3 <appendix> argL0 ; # org/gradle/internal/classpath/intercept/CallInterceptorResolver$ClosureCallInterceptorResolver$$Lambda+0x000001fb9e5ac8b0
instanceKlass org/gradle/internal/classpath/intercept/CallInterceptorResolver$ClosureCallInterceptorResolver
instanceKlass  @bci org/gradle/internal/metaobject/BeanDynamicObject$MetaClassAdapter maybeAddCallInterceptionHooksToMetaclass (Ljava/lang/String;)V 14 <adapter> ; # java/lang/invoke/LambdaForm$MH+0x000001fb9e5a8800
instanceKlass org/codehaus/groovy/runtime/wrappers/Wrapper
instanceKlass groovy/lang/AdaptingMetaClass
instanceKlass groovy/lang/GroovyInterceptable
instanceKlass org/codehaus/groovy/runtime/ArrayUtil
instanceKlass org/codehaus/groovy/runtime/metaclass/ClosureMetaClass$StandardClosureChooser
instanceKlass org/codehaus/groovy/runtime/metaclass/ClosureMetaClass$MethodChooser
instanceKlass org/codehaus/groovy/runtime/callsite/BooleanClosureWrapper
instanceKlass  @bci com/sun/beans/finder/MethodFinder findAccessibleMethod (Ljava/lang/reflect/Method;Ljava/lang/reflect/Type;)Ljava/lang/reflect/Method; 179 <appendix> form vmentry <vmtarget> ; # java/lang/invoke/LambdaForm$MH+0x000001fb9e5a8400
# instanceKlass java/lang/invoke/LambdaForm$MH+0x000001fb9e5a8000
instanceKlass  @bci com/sun/beans/finder/MethodFinder findAccessibleMethod (Ljava/lang/reflect/Method;Ljava/lang/reflect/Type;)Ljava/lang/reflect/Method; 179 <appendix> argL3 form vmentry <vmtarget> ; # java/lang/invoke/LambdaForm$MH+0x000001fb9e5a3c00
# instanceKlass java/lang/invoke/LambdaForm$MH+0x000001fb9e5a3800
instanceKlass  @bci com/sun/beans/finder/MethodFinder findAccessibleMethod (Ljava/lang/reflect/Method;Ljava/lang/reflect/Type;)Ljava/lang/reflect/Method; 179 <appendix> argL2 form vmentry <vmtarget> ; # java/lang/invoke/LambdaForm$MH+0x000001fb9e5a3400
# instanceKlass java/lang/invoke/LambdaForm$MH+0x000001fb9e5a3000
# instanceKlass java/lang/invoke/LambdaForm$MH+0x000001fb9e5a2400
instanceKlass com/sun/beans/finder/FinderUtils
instanceKlass com/sun/beans/finder/AbstractFinder
instanceKlass sun/reflect/generics/tree/ArrayTypeSignature
instanceKlass sun/reflect/generics/tree/IntSignature
instanceKlass org/gradle/internal/classpath/InstrumentableClosure
instanceKlass org/gradle/api/internal/file/copy/CopySpecInternal
instanceKlass org/gradle/api/file/SyncSpec
instanceKlass org/gradle/api/internal/file/copy/CopyAction
instanceKlass org/gradle/api/internal/file/copy/FileCopier
instanceKlass org/gradle/api/internal/resources/DefaultResourceHandler
instanceKlass org/gradle/api/resources/TextResource
instanceKlass org/gradle/api/internal/resources/DefaultTextResourceFactory
instanceKlass org/gradle/api/internal/resources/DefaultResourceResolver
instanceKlass org/gradle/api/internal/resources/ResourceResolver
instanceKlass org/gradle/api/resources/TextResourceFactory
instanceKlass org/gradle/api/internal/resources/DefaultResourceHandler$Factory$FactoryImpl
instanceKlass org/gradle/api/internal/file/archive/DefaultDecompressionCoordinator
instanceKlass  @bci org/gradle/api/internal/provider/DefaultProviderFactory_Decorated $gradleInit ()V 1 <appendix> member <vmtarget> ; # org/gradle/api/internal/provider/DefaultProviderFactory_Decorated$$Lambda+0x000001fb9e59fdd0
# instanceKlass java/lang/invoke/LambdaForm$MH+0x000001fb9e5a2000
instanceKlass org/gradle/api/internal/provider/CredentialsProviderFactory
instanceKlass org/gradle/api/provider/ValueSourceSpec
instanceKlass org/gradle/api/file/FileContents
instanceKlass org/gradle/process/ExecOutput
instanceKlass org/gradle/api/internal/provider/DefaultProviderFactory
# instanceKlass java/lang/invoke/LambdaForm$MH+0x000001fb9e5a1c00
# instanceKlass java/lang/invoke/LambdaForm$MH+0x000001fb9e5a1800
# instanceKlass java/lang/invoke/LambdaForm$MH+0x000001fb9e5a1400
# instanceKlass java/lang/invoke/LambdaForm$MH+0x000001fb9e5a1000
# instanceKlass java/lang/invoke/LambdaForm$MH+0x000001fb9e5a0c00
# instanceKlass java/lang/invoke/LambdaForm$MH+0x000001fb9e5a0800
instanceKlass org/gradle/api/internal/provider/sources/process/DelegatingExecSpec
instanceKlass org/gradle/api/internal/provider/sources/process/DelegatingJavaExecSpec
instanceKlass org/gradle/api/internal/provider/sources/process/ProviderCompatibleBaseExecSpec
instanceKlass org/gradle/api/internal/provider/sources/process/DelegatingBaseExecSpec
instanceKlass org/gradle/process/internal/DefaultExecSpecFactory
instanceKlass org/gradle/api/internal/provider/ValueSourceProviderFactory$ComputationListener
instanceKlass org/gradle/api/internal/provider/ValueSourceProviderFactory$ValueListener
instanceKlass org/gradle/api/provider/ValueSourceParameters$None
instanceKlass org/gradle/api/provider/ValueSourceParameters
instanceKlass org/gradle/api/provider/ValueSource
instanceKlass org/gradle/internal/isolated/IsolationScheme
instanceKlass org/gradle/api/internal/provider/DefaultValueSourceProviderFactory
# instanceKlass java/lang/invoke/LambdaForm$MH+0x000001fb9e5a0400
# instanceKlass java/lang/invoke/LambdaForm$MH+0x000001fb9e5a0000
# instanceKlass java/lang/invoke/LambdaForm$MH+0x000001fb9e59bc00
# instanceKlass java/lang/invoke/LambdaForm$MH+0x000001fb9e59b800
# instanceKlass java/lang/invoke/LambdaForm$MH+0x000001fb9e59b400
# instanceKlass java/lang/invoke/LambdaForm$MH+0x000001fb9e59b000
# instanceKlass java/lang/invoke/LambdaForm$MH+0x000001fb9e59ac00
# instanceKlass java/lang/invoke/LambdaForm$MH+0x000001fb9e59a800
# instanceKlass java/lang/invoke/LambdaForm$MH+0x000001fb9e59a400
# instanceKlass java/lang/invoke/LambdaForm$MH+0x000001fb9e59a000
# instanceKlass java/lang/invoke/LambdaForm$MH+0x000001fb9e599c00
# instanceKlass java/lang/invoke/LambdaForm$MH+0x000001fb9e599800
# instanceKlass java/lang/invoke/LambdaForm$MH+0x000001fb9e599400
# instanceKlass java/lang/invoke/LambdaForm$MH+0x000001fb9e599000
# instanceKlass java/lang/invoke/LambdaForm$MH+0x000001fb9e598c00
# instanceKlass java/lang/invoke/LambdaForm$MH+0x000001fb9e598800
# instanceKlass java/lang/invoke/LambdaForm$MH+0x000001fb9e598400
# instanceKlass java/lang/invoke/LambdaForm$MH+0x000001fb9e598000
# instanceKlass java/lang/invoke/LambdaForm$MH+0x000001fb9e597c00
# instanceKlass java/lang/invoke/LambdaForm$MH+0x000001fb9e597800
# instanceKlass java/lang/invoke/LambdaForm$MH+0x000001fb9e597400
# instanceKlass java/lang/invoke/LambdaForm$MH+0x000001fb9e597000
# instanceKlass java/lang/invoke/LambdaForm$MH+0x000001fb9e596c00
instanceKlass org/gradle/process/internal/DefaultExecActionFactory$BuilderImpl
instanceKlass org/gradle/process/internal/ExecFactory$Builder
# instanceKlass java/lang/invoke/LambdaForm$MH+0x000001fb9e596800
# instanceKlass java/lang/invoke/LambdaForm$MH+0x000001fb9e596400
# instanceKlass java/lang/invoke/LambdaForm$MH+0x000001fb9e596000
# instanceKlass java/lang/invoke/LambdaForm$MH+0x000001fb9e595c00
# instanceKlass java/lang/invoke/LambdaForm$MH+0x000001fb9e595800
# instanceKlass java/lang/invoke/LambdaForm$MH+0x000001fb9e595400
# instanceKlass java/lang/invoke/LambdaForm$MH+0x000001fb9e595000
instanceKlass org/gradle/cache/internal/DefaultFileContentCacheFactory$DefaultFileContentCache
instanceKlass org/gradle/internal/jvm/JavaModuleDetector$ModuleInfoLocator
instanceKlass org/gradle/cache/internal/FileContentCache
instanceKlass org/gradle/cache/internal/DefaultFileContentCacheFactory
# instanceKlass java/lang/invoke/LambdaForm$MH+0x000001fb9e594c00
# instanceKlass java/lang/invoke/LambdaForm$MH+0x000001fb9e594800
# instanceKlass java/lang/invoke/LambdaForm$MH+0x000001fb9e594400
# instanceKlass java/lang/invoke/LambdaForm$MH+0x000001fb9e594000
# instanceKlass java/lang/invoke/LambdaForm$MH+0x000001fb9e593c00
instanceKlass org/gradle/process/internal/JavaForkOptionsInternal
instanceKlass org/gradle/process/internal/ExecHandleBuilder
instanceKlass org/gradle/process/internal/ExecAction
instanceKlass org/gradle/process/internal/JavaExecAction
instanceKlass org/gradle/process/internal/ExecHandleListener
instanceKlass org/gradle/process/internal/DefaultExecActionFactory
# instanceKlass java/lang/invoke/LambdaForm$MH+0x000001fb9e593800
# instanceKlass java/lang/invoke/LambdaForm$MH+0x000001fb9e593400
# instanceKlass java/lang/invoke/LambdaForm$MH+0x000001fb9e593000
# instanceKlass java/lang/invoke/LambdaForm$MH+0x000001fb9e592c00
# instanceKlass java/lang/invoke/LambdaForm$MH+0x000001fb9e592800
# instanceKlass java/lang/invoke/LambdaForm$MH+0x000001fb9e592400
# instanceKlass java/lang/invoke/LambdaForm$MH+0x000001fb9e592000
# instanceKlass java/lang/invoke/LambdaForm$MH+0x000001fb9e591c00
instanceKlass  @bci org/gradle/api/internal/artifacts/DependencyManagementBuildScopeServices createTextUrlResourceLoaderFactory (Lorg/gradle/api/internal/artifacts/ivyservice/modulecache/FileStoreAndIndexProvider;Lorg/gradle/api/internal/artifacts/repositories/transport/RepositoryTransportFactory;Lorg/gradle/internal/file/RelativeFilePathResolver;)Lorg/gradle/internal/resource/TextUriResourceLoader$Factory; 24 <appendix> member <vmtarget> ; # org/gradle/api/internal/artifacts/DependencyManagementBuildScopeServices$$Lambda+0x000001fb9e58ad38
instanceKlass org/gradle/api/internal/artifacts/repositories/transport/RepositoryTransport
instanceKlass org/gradle/api/internal/artifacts/ivyservice/resolutionstrategy/ExternalResourceCachePolicy
instanceKlass org/gradle/internal/resource/connector/ResourceConnectorSpecification
instanceKlass  @bci org/gradle/api/internal/artifacts/DependencyManagementBuildScopeServices createRepositoryTransportFactory (Lorg/gradle/api/internal/file/temp/TemporaryFileProvider;Lorg/gradle/api/internal/artifacts/ivyservice/modulecache/FileStoreAndIndexProvider;Lorg/gradle/util/internal/BuildCommencedTimeProvider;Lorg/gradle/api/internal/artifacts/ivyservice/ArtifactCachesProvider;Ljava/util/List;Lorg/gradle/internal/operations/BuildOperationRunner;Lorg/gradle/cache/internal/ProducerGuard;Lorg/gradle/internal/resource/local/FileResourceRepository;Lorg/gradle/internal/hash/ChecksumService;Lorg/gradle/api/internal/artifacts/ivyservice/ivyresolve/StartParameterResolutionOverride;)Lorg/gradle/api/internal/artifacts/repositories/transport/RepositoryTransportFactory; 17 <appendix> member <vmtarget> ; # org/gradle/api/internal/artifacts/DependencyManagementBuildScopeServices$$Lambda+0x000001fb9e58a700
# instanceKlass java/lang/invoke/LambdaForm$MH+0x000001fb9e591800
# instanceKlass java/lang/invoke/LambdaForm$MH+0x000001fb9e591400
# instanceKlass java/lang/invoke/LambdaForm$MH+0x000001fb9e591000
# instanceKlass java/lang/invoke/LambdaForm$MH+0x000001fb9e590c00
# instanceKlass java/lang/invoke/LambdaForm$MH+0x000001fb9e590800
# instanceKlass java/lang/invoke/LambdaForm$MH+0x000001fb9e590400
# instanceKlass java/lang/invoke/LambdaForm$MH+0x000001fb9e590000
# instanceKlass java/lang/invoke/LambdaForm$MH+0x000001fb9e58fc00
# instanceKlass java/lang/invoke/LambdaForm$MH+0x000001fb9e58f800
# instanceKlass java/lang/invoke/LambdaForm$MH+0x000001fb9e58f400
# instanceKlass java/lang/invoke/LambdaForm$MH+0x000001fb9e58f000
instanceKlass  @bci org/gradle/api/internal/artifacts/DependencyManagementBuildTreeScopeServices createFileStoreAndIndexProvider (Lorg/gradle/util/internal/BuildCommencedTimeProvider;Lorg/gradle/api/internal/artifacts/ivyservice/ArtifactCachesProvider;Lorg/gradle/internal/resource/cached/DefaultExternalResourceFileStore$Factory;Lorg/gradle/api/internal/filestore/DefaultArtifactIdentifierFileStore$Factory;)Lorg/gradle/api/internal/artifacts/ivyservice/modulecache/FileStoreAndIndexProvider; 111 <appendix> member <vmtarget> ; # org/gradle/api/internal/artifacts/DependencyManagementBuildTreeScopeServices$$Lambda+0x000001fb9e58a4c8
instanceKlass  @bci org/gradle/api/internal/artifacts/DependencyManagementBuildTreeScopeServices createFileStoreAndIndexProvider (Lorg/gradle/util/internal/BuildCommencedTimeProvider;Lorg/gradle/api/internal/artifacts/ivyservice/ArtifactCachesProvider;Lorg/gradle/internal/resource/cached/DefaultExternalResourceFileStore$Factory;Lorg/gradle/api/internal/filestore/DefaultArtifactIdentifierFileStore$Factory;)Lorg/gradle/api/internal/artifacts/ivyservice/modulecache/FileStoreAndIndexProvider; 80 <appendix> member <vmtarget> ; # org/gradle/api/internal/artifacts/DependencyManagementBuildTreeScopeServices$$Lambda+0x000001fb9e58a290
instanceKlass  @bci org/gradle/api/internal/filestore/DefaultArtifactIdentifierFileStore <clinit> ()V 10 <appendix> argL0 ; # org/gradle/api/internal/filestore/DefaultArtifactIdentifierFileStore$$Lambda+0x000001fb9e58a070
instanceKlass org/gradle/api/internal/filestore/DefaultArtifactIdentifierFileStore$1
instanceKlass  @bci org/gradle/api/internal/artifacts/DependencyManagementBuildTreeScopeServices createFileStoreAndIndexProvider (Lorg/gradle/util/internal/BuildCommencedTimeProvider;Lorg/gradle/api/internal/artifacts/ivyservice/ArtifactCachesProvider;Lorg/gradle/internal/resource/cached/DefaultExternalResourceFileStore$Factory;Lorg/gradle/api/internal/filestore/DefaultArtifactIdentifierFileStore$Factory;)Lorg/gradle/api/internal/artifacts/ivyservice/modulecache/FileStoreAndIndexProvider; 60 <appendix> member <vmtarget> ; # org/gradle/api/internal/artifacts/DependencyManagementBuildTreeScopeServices$$Lambda+0x000001fb9e589bf8
instanceKlass org/gradle/internal/resource/cached/CachedExternalResource
instanceKlass org/gradle/internal/resource/metadata/ExternalResourceMetaData
instanceKlass org/gradle/internal/resource/cached/DefaultCachedExternalResourceIndex$CachedExternalResourceSerializer
instanceKlass org/gradle/internal/resource/cached/CachedItem
instanceKlass  @bci org/gradle/api/internal/artifacts/ivyservice/ArtifactCachesProvider withReadOnlyCache (Ljava/util/function/BiFunction;)Ljava/util/Optional; 8 <appendix> member <vmtarget> ; # org/gradle/api/internal/artifacts/ivyservice/ArtifactCachesProvider$$Lambda+0x000001fb9e589360
instanceKlass  @cpi org/gradle/api/internal/artifacts/ivyservice/ArtifactCachesProvider 87 form vmentry <vmtarget> ; # java/lang/invoke/LambdaForm$DMH+0x000001fb9e58ec00
instanceKlass  @bci org/gradle/api/internal/artifacts/DependencyManagementBuildTreeScopeServices createFileStoreAndIndexProvider (Lorg/gradle/util/internal/BuildCommencedTimeProvider;Lorg/gradle/api/internal/artifacts/ivyservice/ArtifactCachesProvider;Lorg/gradle/internal/resource/cached/DefaultExternalResourceFileStore$Factory;Lorg/gradle/api/internal/filestore/DefaultArtifactIdentifierFileStore$Factory;)Lorg/gradle/api/internal/artifacts/ivyservice/modulecache/FileStoreAndIndexProvider; 16 <appendix> member <vmtarget> ; # org/gradle/api/internal/artifacts/DependencyManagementBuildTreeScopeServices$$Lambda+0x000001fb9e589128
instanceKlass org/gradle/internal/resource/local/LocallyAvailableResource
instanceKlass org/gradle/internal/resource/local/DefaultPathKeyFileStore
instanceKlass  @bci org/gradle/internal/resource/cached/DefaultExternalResourceFileStore <clinit> ()V 10 <appendix> argL0 ; # org/gradle/internal/resource/cached/DefaultExternalResourceFileStore$$Lambda+0x000001fb9e588f08
instanceKlass org/gradle/api/Namer
instanceKlass org/gradle/internal/resource/cached/DefaultExternalResourceFileStore$1
instanceKlass org/gradle/internal/resource/local/GroupedAndNamedUniqueFileStore$Grouper
instanceKlass org/gradle/internal/resource/local/PathKeyFileStore
# instanceKlass java/lang/invoke/LambdaForm$MH+0x000001fb9e58e800
# instanceKlass java/lang/invoke/LambdaForm$MH+0x000001fb9e58e400
# instanceKlass java/lang/invoke/LambdaForm$MH+0x000001fb9e58e000
# instanceKlass java/lang/invoke/LambdaForm$MH+0x000001fb9e58dc00
# instanceKlass java/lang/invoke/LambdaForm$MH+0x000001fb9e58d800
instanceKlass org/gradle/internal/hash/ChecksumHasher
instanceKlass org/gradle/internal/hash/DefaultChecksumService
# instanceKlass java/lang/invoke/LambdaForm$MH+0x000001fb9e58d400
# instanceKlass java/lang/invoke/LambdaForm$MH+0x000001fb9e58d000
# instanceKlass java/lang/invoke/LambdaForm$MH+0x000001fb9e58cc00
# instanceKlass java/lang/invoke/LambdaForm$MH+0x000001fb9e58c800
# instanceKlass java/lang/invoke/LambdaForm$MH+0x000001fb9e58c400
# instanceKlass java/lang/invoke/LambdaForm$MH+0x000001fb9e58c000
instanceKlass org/gradle/internal/resource/transport/sftp/SftpConnectorFactory
instanceKlass org/gradle/internal/resource/transport/sftp/LockableSftpClient
instanceKlass com/jcraft/jsch/HostKeyRepository
instanceKlass com/jcraft/jsch/Logger
instanceKlass org/gradle/internal/resource/transport/sftp/SftpClientFactory$SftpClientCreator
instanceKlass org/gradle/internal/resource/transport/http/HttpConnectorFactory
instanceKlass  @bci org/gradle/internal/resource/transport/http/HttpClientHelper$Factory createFactory (Lorg/gradle/api/internal/DocumentationRegistry;)Lorg/gradle/internal/resource/transport/http/HttpClientHelper$Factory; 1 <appendix> member <vmtarget> ; # org/gradle/internal/resource/transport/http/HttpClientHelper$Factory$$Lambda+0x000001fb9e583bd8
instanceKlass org/gradle/internal/resource/transport/http/HttpClientHelper
instanceKlass org/gradle/internal/resource/transport/http/HttpSettings
instanceKlass org/gradle/internal/resource/transport/http/DefaultSslContextFactory
instanceKlass org/gradle/internal/resource/transport/gcp/gcs/GcsConnectorFactory
instanceKlass org/gradle/internal/resource/transport/aws/s3/S3ConnectorFactory
instanceKlass org/gradle/internal/resource/transport/file/FileConnectorFactory
instanceKlass org/gradle/internal/extensibility/ExtensionsStorage$ExtensionHolder
instanceKlass org/gradle/api/plugins/ExtensionsSchema$ExtensionSchema
instanceKlass org/gradle/api/NamedDomainObjectCollectionSchema$NamedDomainObjectSchema
instanceKlass org/gradle/api/internal/plugins/ExtraPropertiesExtensionInternal
instanceKlass org/gradle/internal/extensibility/ExtensionsStorage
instanceKlass org/gradle/api/reflect/TypeOf
instanceKlass org/gradle/api/plugins/ExtraPropertiesExtension
instanceKlass org/gradle/internal/extensibility/DefaultConvention
instanceKlass org/gradle/api/internal/plugins/ExtensionContainerInternal
instanceKlass org/gradle/internal/metaobject/DynamicObjectUtil
instanceKlass org/gradle/api/internal/project/DefaultDynamicLookupRoutine
instanceKlass org/gradle/api/internal/coerce/StringToEnumTransformer
instanceKlass org/gradle/internal/classpath/InstrumentedGroovyMetaClassHelper
instanceKlass org/gradle/internal/metaobject/BeanDynamicObject$MetaClassAdapter
instanceKlass org/gradle/api/internal/coerce/PropertySetTransformer
instanceKlass org/gradle/api/internal/coerce/MethodArgumentsTransformer
instanceKlass  @bci java/lang/reflect/Executable sharedToGenericString (IZ)Ljava/lang/String; 33 <appendix> argL0 ; # java/lang/reflect/Executable$$Lambda+0x000001fb9e571528
instanceKlass org/gradle/process/JavaExecSpec
instanceKlass org/gradle/process/JavaForkOptions
instanceKlass org/gradle/process/ExecSpec
instanceKlass org/gradle/process/BaseExecSpec
instanceKlass org/gradle/process/ProcessForkOptions
instanceKlass  @bci org/codehaus/groovy/runtime/memoize/StampedCommonCache clearAll ()Ljava/util/Map; 1 <appendix> argL0 ; # org/codehaus/groovy/runtime/memoize/StampedCommonCache$$Lambda+0x000001fb9e53a0b8
instanceKlass org/codehaus/groovy/runtime/memoize/EvictableCache$Action
instanceKlass java/util/WeakHashMap$HashIterator
instanceKlass  @bci java/util/stream/StreamSpliterators$WrappingSpliterator initPartialTraversalState ()V 37 <appendix> member <vmtarget> ; # java/util/stream/StreamSpliterators$WrappingSpliterator$$Lambda+0x000001fb9e570bc0
instanceKlass java/util/function/BooleanSupplier
instanceKlass  @bci java/util/stream/StreamSpliterators$WrappingSpliterator initPartialTraversalState ()V 24 <appendix> member <vmtarget> ; # java/util/stream/StreamSpliterators$WrappingSpliterator$$Lambda+0x000001fb9e570710
instanceKlass jdk/internal/jrtfs/JrtDirectoryStream$1
instanceKlass  @bci jdk/internal/jrtfs/JrtFileSystem iteratorOf (Ljdk/internal/jrtfs/JrtPath;Ljava/nio/file/DirectoryStream$Filter;)Ljava/util/Iterator; 82 <appendix> member <vmtarget> ; # jdk/internal/jrtfs/JrtFileSystem$$Lambda+0x000001fb9e570250
instanceKlass  @bci jdk/internal/jrtfs/JrtFileSystem iteratorOf (Ljdk/internal/jrtfs/JrtPath;Ljava/nio/file/DirectoryStream$Filter;)Ljava/util/Iterator; 71 <appendix> member <vmtarget> ; # jdk/internal/jrtfs/JrtFileSystem$$Lambda+0x000001fb9e570008
instanceKlass jdk/internal/jrtfs/JrtDirectoryStream
instanceKlass jdk/internal/jrtfs/JrtFileAttributes
instanceKlass  @bci jdk/internal/jimage/ImageReader$SharedImageReader handleModulesSubTree (Ljava/lang/String;Ljdk/internal/jimage/ImageLocation;)Ljdk/internal/jimage/ImageReader$Node; 37 <appendix> member <vmtarget> ; # jdk/internal/jimage/ImageReader$SharedImageReader$$Lambda+0x000001fb9e56f558
instanceKlass jdk/internal/jimage/ImageReader$SharedImageReader$LocationVisitor
instanceKlass jdk/internal/jimage/ImageReader$Node
instanceKlass jdk/internal/jrtfs/SystemImage$2
instanceKlass java/lang/Class$Holder
instanceKlass  @bci jdk/internal/jrtfs/SystemImage <clinit> ()V 0 <appendix> argL0 ; # jdk/internal/jrtfs/SystemImage$$Lambda+0x000001fb9e56e3a8
instanceKlass jdk/internal/jrtfs/SystemImage
instanceKlass jdk/internal/jrtfs/JrtPath
instanceKlass groovy/grape/GrapeIvy
instanceKlass groovy/grape/GrapeEngine
instanceKlass  @bci org/codehaus/groovy/vmplugin/v9/Java9 lambda$doFindClasses$3 (Ljava/util/List;Ljava/util/Map$Entry;)Ljava/util/Set; 25 <appendix> argL0 ; # org/codehaus/groovy/vmplugin/v9/Java9$$Lambda+0x000001fb9e5396b0
instanceKlass  @bci org/codehaus/groovy/vmplugin/v9/Java9 lambda$doFindClasses$3 (Ljava/util/List;Ljava/util/Map$Entry;)Ljava/util/Set; 15 <appendix> member <vmtarget> ; # org/codehaus/groovy/vmplugin/v9/Java9$$Lambda+0x000001fb9e539458
instanceKlass  @bci org/codehaus/groovy/vmplugin/v9/Java9 lambda$doFindClasses$0 (Ljava/util/List;Ljava/util/Map$Entry;)Z 20 <appendix> member <vmtarget> ; # org/codehaus/groovy/vmplugin/v9/Java9$$Lambda+0x000001fb9e539200
instanceKlass  @bci org/codehaus/groovy/vmplugin/v9/Java9 doFindClasses (Ljava/net/URI;Ljava/lang/String;Ljava/util/List;)Ljava/util/Map; 33 <appendix> member <vmtarget> ; # org/codehaus/groovy/vmplugin/v9/Java9$$Lambda+0x000001fb9e538fb8
instanceKlass  @bci org/codehaus/groovy/vmplugin/v9/Java9 doFindClasses (Ljava/net/URI;Ljava/lang/String;Ljava/util/List;)Ljava/util/Map; 27 <appendix> argL0 ; # org/codehaus/groovy/vmplugin/v9/Java9$$Lambda+0x000001fb9e538d78
instanceKlass  @bci org/codehaus/groovy/vmplugin/v9/Java9 doFindClasses (Ljava/net/URI;Ljava/lang/String;Ljava/util/List;)Ljava/util/Map; 17 <appendix> member <vmtarget> ; # org/codehaus/groovy/vmplugin/v9/Java9$$Lambda+0x000001fb9e538b20
instanceKlass  @bci jdk/nio/zipfs/ZipFileSystemProvider removeFileSystem (Ljava/nio/file/Path;Ljdk/nio/zipfs/ZipFileSystem;)V 17 <appendix> member <vmtarget> ; # jdk/nio/zipfs/ZipFileSystemProvider$$Lambda+0x000001fb9e53e150
instanceKlass  @bci jdk/nio/zipfs/ZipFileSystem close ()V 97 <appendix> member <vmtarget> ; # jdk/nio/zipfs/ZipFileSystem$$Lambda+0x000001fb9e53df28
instanceKlass  @bci org/codehaus/groovy/vmplugin/v9/ClassFinder$1 visitFile (Ljava/nio/file/Path;Ljava/nio/file/attribute/BasicFileAttributes;)Ljava/nio/file/FileVisitResult; 153 <appendix> argL0 ; # org/codehaus/groovy/vmplugin/v9/ClassFinder$1$$Lambda+0x000001fb9e5388e0
instanceKlass jdk/nio/zipfs/ZipDirectoryStream$1
instanceKlass jdk/nio/zipfs/ZipDirectoryStream
instanceKlass jdk/nio/zipfs/ZipUtils
instanceKlass java/nio/file/SimpleFileVisitor
instanceKlass jdk/nio/zipfs/ZipFileSystem$END
instanceKlass jdk/nio/zipfs/ZipConstants
instanceKlass sun/nio/fs/WindowsChannelFactory$2
instanceKlass sun/nio/fs/WindowsSecurityDescriptor
instanceKlass java/nio/file/attribute/PosixFileAttributeView
instanceKlass jdk/nio/zipfs/ZipFileAttributeView
instanceKlass jdk/nio/zipfs/ZipPath
instanceKlass jdk/nio/zipfs/ZipCoder
instanceKlass sun/nio/fs/WindowsSecurity
instanceKlass sun/nio/fs/AbstractAclFileAttributeView
instanceKlass java/nio/file/attribute/AclFileAttributeView
instanceKlass java/nio/file/attribute/FileOwnerAttributeView
instanceKlass  @bci jdk/nio/zipfs/ZipFileSystem <init> (Ljdk/nio/zipfs/ZipFileSystemProvider;Ljava/nio/file/Path;Ljava/util/Map;)V 431 <appendix> member <vmtarget> ; # jdk/nio/zipfs/ZipFileSystem$$Lambda+0x000001fb9e53c000
instanceKlass sun/nio/ch/FileChannelImpl$Closer
instanceKlass sun/nio/fs/WindowsChannelFactory$Flags
instanceKlass sun/nio/fs/WindowsChannelFactory$1
instanceKlass sun/nio/fs/WindowsChannelFactory
instanceKlass sun/nio/fs/WindowsFileSystemProvider$1
instanceKlass  @bci jdk/nio/zipfs/ZipFileSystem <clinit> ()V 0 <appendix> argL0 ; # jdk/nio/zipfs/ZipFileSystem$$Lambda+0x000001fb9e51fd50
instanceKlass java/nio/file/attribute/PosixFileAttributes
instanceKlass jdk/nio/zipfs/ZipFileAttributes
instanceKlass jdk/nio/zipfs/ZipFileSystem$IndexNode
instanceKlass sun/nio/fs/WindowsLinkSupport
instanceKlass  @bci sun/net/www/protocol/jrt/JavaRuntimeURLConnection <clinit> ()V 0 <appendix> argL0 ; # sun/net/www/protocol/jrt/JavaRuntimeURLConnection$$Lambda+0x000001fb9e5696e0
instanceKlass java/nio/channels/AsynchronousFileChannel
instanceKlass java/nio/channels/AsynchronousChannel
instanceKlass java/nio/file/FileStore
instanceKlass java/nio/file/spi/FileSystemProvider$1
instanceKlass sun/nio/fs/WindowsUriSupport
instanceKlass org/codehaus/groovy/vmplugin/v9/ClassFinder
instanceKlass org/apache/groovy/util/Maps
instanceKlass org/codehaus/groovy/GroovyExceptionInterface
instanceKlass groovy/lang/GroovyClassLoader$1
instanceKlass org/codehaus/groovy/runtime/memoize/CommonCache
instanceKlass java/util/concurrent/locks/StampedLock
instanceKlass org/codehaus/groovy/runtime/memoize/StampedCommonCache
instanceKlass org/codehaus/groovy/runtime/memoize/ValueConvertable
instanceKlass org/codehaus/groovy/control/CompilationUnit$IPrimaryClassNodeOperation
instanceKlass org/codehaus/groovy/control/CompilationUnit$ClassgenCallback
instanceKlass org/codehaus/groovy/runtime/memoize/UnlimitedConcurrentCache
instanceKlass org/codehaus/groovy/runtime/memoize/EvictableCache
instanceKlass org/codehaus/groovy/ast/expr/MethodCall
instanceKlass org/codehaus/groovy/ast/stmt/LoopingStatement
instanceKlass org/codehaus/groovy/control/messages/Message
instanceKlass org/codehaus/groovy/ast/CodeVisitorSupport
instanceKlass org/codehaus/groovy/ast/GroovyClassVisitor
instanceKlass org/codehaus/groovy/transform/ErrorCollecting
instanceKlass org/codehaus/groovy/ast/expr/ExpressionTransformer
instanceKlass org/apache/groovy/plugin/GroovyRunnerRegistry
instanceKlass  @bci org/codehaus/groovy/runtime/metaclass/MetaClassRegistryImpl <init> (IZ)V 318 <appendix> member <vmtarget> ; # org/codehaus/groovy/runtime/metaclass/MetaClassRegistryImpl$$Lambda+0x000001fb9e529630
instanceKlass  @bci groovy/lang/MetaClassImpl getPropName (Ljava/lang/String;)Ljava/lang/String; 5 <appendix> member <vmtarget> ; # groovy/lang/MetaClassImpl$$Lambda+0x000001fb9e5291a0
instanceKlass org/codehaus/groovy/runtime/GroovyCategorySupport
instanceKlass org/codehaus/groovy/util/ComplexKeyHashMap$1
instanceKlass  @bci org/codehaus/groovy/reflection/CachedClass$1 lambda$initValue$2 ()[Lorg/codehaus/groovy/reflection/CachedField; 33 <appendix> argL0 ; # org/codehaus/groovy/reflection/CachedClass$1$$Lambda+0x000001fb9e5288b0
instanceKlass  @bci org/codehaus/groovy/reflection/CachedClass$1 lambda$initValue$2 ()[Lorg/codehaus/groovy/reflection/CachedField; 23 <appendix> argL0 ; # org/codehaus/groovy/reflection/CachedClass$1$$Lambda+0x000001fb9e528670
instanceKlass  @bci org/codehaus/groovy/reflection/CachedClass$1 lambda$initValue$2 ()[Lorg/codehaus/groovy/reflection/CachedField; 13 <appendix> argL0 ; # org/codehaus/groovy/reflection/CachedClass$1$$Lambda+0x000001fb9e528420
instanceKlass  @bci org/codehaus/groovy/reflection/CachedClass$1 initValue ()[Lorg/codehaus/groovy/reflection/CachedField; 1 <appendix> member <vmtarget> ; # org/codehaus/groovy/reflection/CachedClass$1$$Lambda+0x000001fb9e5281f8
instanceKlass java/beans/SimpleBeanInfo
instanceKlass java/beans/BeanProperty
instanceKlass  @bci com/sun/beans/introspect/PropertyInfo get (Ljava/lang/Class;)Ljava/util/Map; 440 <appendix> argL0 ; # com/sun/beans/introspect/PropertyInfo$$Lambda+0x000001fb9e5662f0
instanceKlass com/sun/beans/WildcardTypeImpl
instanceKlass com/sun/beans/introspect/PropertyInfo
instanceKlass  @bci com/sun/beans/introspect/EventSetInfo get (Ljava/lang/Class;)Ljava/util/Map; 314 <appendix> argL0 ; # com/sun/beans/introspect/EventSetInfo$$Lambda+0x000001fb9e565c40
instanceKlass com/sun/beans/introspect/EventSetInfo
instanceKlass  @bci java/lang/reflect/Executable sharedToGenericString (IZ)Ljava/lang/String; 193 <appendix> argL0 ; # java/lang/reflect/Executable$$Lambda+0x000001fb9e5655f8
instanceKlass com/sun/beans/WeakCache
instanceKlass com/sun/beans/TypeResolver
instanceKlass java/beans/MethodRef
instanceKlass com/sun/beans/introspect/MethodInfo$MethodOrder
instanceKlass  @bci java/util/ArrayDeque copyElements (Ljava/util/Collection;)V 2 <appendix> member <vmtarget> ; # java/util/ArrayDeque$$Lambda+0x000001fb9e564830
instanceKlass com/sun/beans/introspect/MethodInfo
instanceKlass com/sun/beans/util/Cache$Ref
instanceKlass com/sun/beans/util/Cache$CacheEntry
instanceKlass com/sun/beans/util/Cache
instanceKlass com/sun/beans/introspect/ClassInfo
instanceKlass javax/swing/SwingContainer
instanceKlass java/beans/JavaBean
instanceKlass com/sun/beans/finder/ClassFinder
instanceKlass com/sun/beans/finder/InstanceFinder
instanceKlass java/beans/WeakIdentityMap
instanceKlass java/beans/ThreadGroupContext
instanceKlass  @bci groovy/lang/MetaClassImpl addProperties ()V 27 <appendix> member <vmtarget> ; # groovy/lang/MetaClassImpl$$Lambda+0x000001fb9e527bc8
instanceKlass java/beans/BeanInfo
instanceKlass org/codehaus/groovy/reflection/CachedClass$CachedMethodComparatorWithString
instanceKlass org/codehaus/groovy/util/AbstractConcurrentMapBase
instanceKlass java/lang/reflect/AnnotatedType
instanceKlass groovyjarjarasm/asm/ClassVisitor
instanceKlass  @bci org/codehaus/groovy/reflection/CachedClass$2 lambda$initValue$4 ()[Lorg/codehaus/groovy/reflection/CachedConstructor; 44 <appendix> argL0 ; # org/codehaus/groovy/reflection/CachedClass$2$$Lambda+0x000001fb9e525668
instanceKlass  @bci org/codehaus/groovy/reflection/CachedClass$2 lambda$initValue$4 ()[Lorg/codehaus/groovy/reflection/CachedConstructor; 34 <appendix> member <vmtarget> ; # org/codehaus/groovy/reflection/CachedClass$2$$Lambda+0x000001fb9e525420
instanceKlass  @bci org/codehaus/groovy/reflection/CachedClass$2 lambda$initValue$4 ()[Lorg/codehaus/groovy/reflection/CachedConstructor; 23 <appendix> argL0 ; # org/codehaus/groovy/reflection/CachedClass$2$$Lambda+0x000001fb9e5251d0
instanceKlass  @bci org/codehaus/groovy/reflection/CachedClass$2 lambda$initValue$4 ()[Lorg/codehaus/groovy/reflection/CachedConstructor; 13 <appendix> argL0 ; # org/codehaus/groovy/reflection/CachedClass$2$$Lambda+0x000001fb9e524f80
instanceKlass groovy/lang/ClosureInvokingMethod
instanceKlass org/codehaus/groovy/runtime/MethodKey
instanceKlass groovy/lang/ExpandoMetaClass$Callable
instanceKlass  @bci org/codehaus/groovy/reflection/CachedClass$2 initValue ()[Lorg/codehaus/groovy/reflection/CachedConstructor; 1 <appendix> member <vmtarget> ; # org/codehaus/groovy/reflection/CachedClass$2$$Lambda+0x000001fb9e523c78
instanceKlass org/codehaus/groovy/runtime/metaclass/MetaMethodIndex$Header
instanceKlass org/codehaus/groovy/runtime/metaclass/MetaMethodIndex$Entry
instanceKlass org/codehaus/groovy/runtime/metaclass/MetaMethodIndex$EntryIterator
instanceKlass org/codehaus/groovy/runtime/metaclass/MetaMethodIndex
instanceKlass  @bci groovy/lang/MetaClassImpl <clinit> ()V 111 <appendix> argL0 ; # groovy/lang/MetaClassImpl$$Lambda+0x000001fb9e5228d8
instanceKlass  @bci groovy/lang/MetaClassImpl <clinit> ()V 103 <appendix> argL0 ; # groovy/lang/MetaClassImpl$$Lambda+0x000001fb9e5226b8
instanceKlass org/codehaus/groovy/util/SingleKeyHashMap$Copier
instanceKlass  @bci groovy/lang/MetaClassImpl <clinit> ()V 55 <appendix> argL0 ; # groovy/lang/MetaClassImpl$$Lambda+0x000001fb9e522278
instanceKlass groovy/lang/MetaClassImpl$MethodIndexAction
instanceKlass org/codehaus/groovy/runtime/GeneratedClosure
instanceKlass groovy/lang/MetaClassImpl
instanceKlass groovy/lang/MutableMetaClass
instanceKlass org/gradle/api/internal/provider/MapPropertyExtensions
instanceKlass org/w3c/dom/Document
instanceKlass org/w3c/dom/UserDataHandler
instanceKlass org/w3c/dom/NamedNodeMap
instanceKlass org/w3c/dom/TypeInfo
instanceKlass org/w3c/dom/Attr
instanceKlass org/w3c/dom/Element
instanceKlass org/w3c/dom/Node
instanceKlass org/w3c/dom/NodeList
instanceKlass org/apache/groovy/xml/extensions/XmlExtensions
instanceKlass java/sql/SQLType
instanceKlass java/sql/Statement
instanceKlass java/sql/RowId
instanceKlass java/sql/SQLXML
instanceKlass java/sql/NClob
instanceKlass java/sql/Clob
instanceKlass java/sql/Blob
instanceKlass java/sql/Array
instanceKlass java/sql/Ref
instanceKlass groovy/sql/GroovyResultSet
instanceKlass java/sql/ResultSet
instanceKlass java/sql/ResultSetMetaData
instanceKlass java/sql/Wrapper
instanceKlass org/apache/groovy/sql/extensions/SqlExtensions
instanceKlass java/nio/file/WatchKey
instanceKlass java/nio/file/WatchEvent$Modifier
instanceKlass java/nio/file/WatchEvent$Kind
instanceKlass java/nio/file/WatchService
instanceKlass org/apache/groovy/dateutil/extensions/DateUtilStaticExtensions
instanceKlass org/apache/groovy/dateutil/extensions/DateUtilExtensions
instanceKlass java/time/chrono/Era
instanceKlass java/time/format/DateTimeFormatter
instanceKlass java/time/temporal/TemporalQuery
instanceKlass java/time/MonthDay
instanceKlass java/time/Year
instanceKlass java/time/OffsetDateTime
instanceKlass java/time/Period
instanceKlass java/time/OffsetTime
instanceKlass java/time/YearMonth
instanceKlass java/time/chrono/ChronoPeriod
instanceKlass org/apache/groovy/datetime/extensions/DateTimeStaticExtensions
instanceKlass org/apache/groovy/datetime/extensions/DateTimeExtensions
instanceKlass org/gradle/api/artifacts/DependencyArtifact
instanceKlass org/gradle/api/artifacts/dsl/DependencyModifier
instanceKlass org/gradle/api/artifacts/DependencyConstraint
instanceKlass org/gradle/api/provider/ProviderConvertible
instanceKlass org/gradle/api/artifacts/ExternalModuleDependency
instanceKlass org/gradle/api/artifacts/ExternalDependency
instanceKlass org/gradle/api/artifacts/ModuleVersionSelector
instanceKlass org/gradle/api/artifacts/dsl/Dependencies
instanceKlass org/gradle/api/internal/artifacts/dsl/dependencies/DependenciesExtensionModule
instanceKlass  @bci org/codehaus/groovy/runtime/metaclass/MetaClassRegistryImpl$DefaultModuleListener onModule (Lorg/codehaus/groovy/runtime/m12n/ExtensionModule;)V 157 <appendix> argL0 ; # org/codehaus/groovy/runtime/metaclass/MetaClassRegistryImpl$DefaultModuleListener$$Lambda+0x000001fb9e5158f8
instanceKlass org/codehaus/groovy/runtime/metaclass/MethodHelper
instanceKlass java/awt/LayoutManager
instanceKlass javax/swing/ButtonModel
instanceKlass javax/swing/AbstractButton$Handler
instanceKlass javax/swing/event/ChangeListener
instanceKlass javax/swing/Icon
instanceKlass javax/swing/event/TableColumnModelListener
instanceKlass javax/swing/ListSelectionModel
instanceKlass java/awt/event/ItemListener
instanceKlass javax/swing/MenuSelectionManager
instanceKlass javax/swing/event/TableModelListener
instanceKlass java/awt/image/ColorModel
instanceKlass java/awt/im/InputContext
instanceKlass java/awt/Toolkit
instanceKlass java/awt/PointerInfo
instanceKlass java/awt/dnd/DropTarget
instanceKlass java/awt/dnd/DropTargetListener
instanceKlass java/awt/peer/ComponentPeer
instanceKlass sun/java2d/pipe/Region
instanceKlass sun/awt/ComponentFactory
instanceKlass java/awt/BufferCapabilities
instanceKlass java/awt/ImageCapabilities
instanceKlass java/awt/image/ImageProducer
instanceKlass java/awt/Cursor
instanceKlass javax/accessibility/AccessibleStateSet
instanceKlass java/awt/ComponentOrientation
instanceKlass sun/awt/RequestFocusController
instanceKlass java/awt/im/InputMethodRequests
instanceKlass java/awt/event/InputMethodListener
instanceKlass java/awt/event/MouseWheelListener
instanceKlass java/awt/event/MouseMotionListener
instanceKlass java/awt/event/MouseListener
instanceKlass java/awt/event/KeyListener
instanceKlass java/awt/event/HierarchyBoundsListener
instanceKlass java/awt/event/HierarchyListener
instanceKlass java/awt/event/FocusListener
instanceKlass java/awt/image/BufferStrategy
instanceKlass java/awt/GraphicsConfiguration
instanceKlass java/awt/Event
instanceKlass java/awt/MenuComponent
instanceKlass java/awt/Image
instanceKlass javax/swing/plaf/ComponentUI
instanceKlass javax/swing/TransferHandler$DropLocation
instanceKlass javax/swing/InputVerifier
instanceKlass javax/swing/event/AncestorListener
instanceKlass javax/swing/AncestorNotifier
instanceKlass java/beans/PropertyChangeListener
instanceKlass java/awt/event/ComponentListener
instanceKlass java/beans/VetoableChangeListener
instanceKlass javax/swing/ArrayTable
instanceKlass java/awt/AWTKeyStroke
instanceKlass javax/swing/ActionMap
instanceKlass javax/swing/InputMap
instanceKlass java/awt/Insets
instanceKlass java/awt/FontMetrics
instanceKlass javax/swing/border/Border
instanceKlass java/awt/Font
instanceKlass java/util/EventObject
instanceKlass java/awt/Color
instanceKlass java/awt/Paint
instanceKlass java/awt/Transparency
instanceKlass java/awt/geom/Dimension2D
instanceKlass java/awt/geom/Point2D
instanceKlass java/awt/geom/RectangularShape
instanceKlass java/awt/Shape
instanceKlass java/awt/Graphics
instanceKlass javax/swing/TransferHandler
instanceKlass javax/accessibility/AccessibleContext
instanceKlass javax/swing/table/TableColumn
instanceKlass javax/swing/Action
instanceKlass javax/swing/table/AbstractTableModel
instanceKlass javax/swing/MutableComboBoxModel
instanceKlass javax/swing/ComboBoxModel
instanceKlass javax/swing/tree/DefaultMutableTreeNode
instanceKlass javax/swing/AbstractListModel
instanceKlass javax/swing/ButtonGroup
instanceKlass javax/swing/table/TableColumnModel
instanceKlass java/awt/event/ActionListener
instanceKlass javax/swing/event/ListDataListener
instanceKlass java/awt/ItemSelectable
instanceKlass javax/swing/MenuElement
instanceKlass javax/swing/table/TableModel
instanceKlass java/awt/Component
instanceKlass java/awt/MenuContainer
instanceKlass java/awt/image/ImageObserver
instanceKlass javax/swing/TransferHandler$HasGetTransferHandler
instanceKlass javax/swing/SwingConstants
instanceKlass javax/accessibility/Accessible
instanceKlass javax/swing/tree/TreePath
instanceKlass javax/swing/tree/MutableTreeNode
instanceKlass javax/swing/tree/TreeNode
instanceKlass javax/swing/ListModel
instanceKlass org/apache/groovy/swing/extensions/SwingExtensions
instanceKlass org/codehaus/groovy/runtime/m12n/ExtensionModule
instanceKlass org/codehaus/groovy/runtime/m12n/PropertiesModuleFactory
instanceKlass org/codehaus/groovy/util/URLStreams
instanceKlass org/codehaus/groovy/runtime/metaclass/MetaClassRegistryImpl$DefaultModuleListener
instanceKlass org/codehaus/groovy/runtime/m12n/ExtensionModuleScanner
instanceKlass java/util/ResourceBundle$CacheKey
instanceKlass org/codehaus/groovy/runtime/DefaultGroovyStaticMethods
instanceKlass java/lang/constant/DynamicConstantDesc
instanceKlass java/lang/constant/ClassDesc
instanceKlass  @bci org/codehaus/groovy/runtime/metaclass/MetaClassRegistryImpl registerMethods (Ljava/lang/Class;ZZLjava/util/Map;)V 253 <appendix> argL0 ; # org/codehaus/groovy/runtime/metaclass/MetaClassRegistryImpl$$Lambda+0x000001fb9e513400
instanceKlass org/codehaus/groovy/runtime/RangeInfo
instanceKlass java/util/function/ToDoubleFunction
instanceKlass java/util/function/ToLongFunction
instanceKlass java/util/function/ToIntFunction
instanceKlass java/util/function/DoubleFunction
instanceKlass java/util/function/DoublePredicate
instanceKlass java/util/function/LongPredicate
instanceKlass java/util/function/IntPredicate
instanceKlass java/util/stream/DoubleStream
instanceKlass java/util/stream/LongStream
instanceKlass java/util/OptionalInt
instanceKlass java/util/OptionalDouble
instanceKlass java/util/OptionalLong
instanceKlass  @bci org/codehaus/groovy/runtime/metaclass/MetaClassRegistryImpl createMetaMethodFromClass (Ljava/util/Map;Ljava/lang/Class;)V 28 <appendix> argL0 ; # org/codehaus/groovy/runtime/metaclass/MetaClassRegistryImpl$$Lambda+0x000001fb9e50cdb0
instanceKlass org/codehaus/groovy/runtime/NumberAwareComparator
instanceKlass org/codehaus/groovy/runtime/EncodingGroovyMethods
instanceKlass org/codehaus/groovy/runtime/DefaultGroovyMethodsSupport
instanceKlass java/lang/ProcessHandle
instanceKlass java/lang/ProcessHandle$Info
instanceKlass org/codehaus/groovy/runtime/MetaClassHelper
instanceKlass org/codehaus/groovy/reflection/CachedMethod$MyComparator
instanceKlass  @bci java/lang/SecurityManager nonExportedPkgs (Ljava/lang/module/ModuleDescriptor;)Ljava/util/Set; 92 <appendix> member <vmtarget> ; # java/lang/SecurityManager$$Lambda+0x000001fb9e1f68f8
instanceKlass  @bci java/lang/SecurityManager nonExportedPkgs (Ljava/lang/module/ModuleDescriptor;)Ljava/util/Set; 76 <appendix> argL0 ; # java/lang/SecurityManager$$Lambda+0x000001fb9e1f66b8
instanceKlass  @bci java/lang/SecurityManager nonExportedPkgs (Ljava/lang/module/ModuleDescriptor;)Ljava/util/Set; 66 <appendix> argL0 ; # java/lang/SecurityManager$$Lambda+0x000001fb9e1f6468
instanceKlass  @bci java/lang/SecurityManager nonExportedPkgs (Ljava/lang/module/ModuleDescriptor;)Ljava/util/Set; 47 <appendix> member <vmtarget> ; # java/lang/SecurityManager$$Lambda+0x000001fb9e1f6230
instanceKlass  @bci java/lang/SecurityManager nonExportedPkgs (Ljava/lang/module/ModuleDescriptor;)Ljava/util/Set; 31 <appendix> argL0 ; # java/lang/SecurityManager$$Lambda+0x000001fb9e1f5ff0
instanceKlass  @bci java/lang/SecurityManager nonExportedPkgs (Ljava/lang/module/ModuleDescriptor;)Ljava/util/Set; 21 <appendix> argL0 ; # java/lang/SecurityManager$$Lambda+0x000001fb9e1f5da0
instanceKlass  @bci java/lang/SecurityManager addNonExportedPackages (Ljava/lang/ModuleLayer;)V 59 <appendix> argL0 ; # java/lang/SecurityManager$$Lambda+0x000001fb9e1f5b70
instanceKlass  @bci java/lang/SecurityManager addNonExportedPackages (Ljava/lang/ModuleLayer;)V 49 <appendix> argL0 ; # java/lang/SecurityManager$$Lambda+0x000001fb9e1f5930
instanceKlass  @bci java/lang/SecurityManager addNonExportedPackages (Ljava/lang/ModuleLayer;)V 39 <appendix> argL0 ; # java/lang/SecurityManager$$Lambda+0x000001fb9e1f56f0
instanceKlass  @bci java/lang/SecurityManager addNonExportedPackages (Ljava/lang/ModuleLayer;)V 29 <appendix> member <vmtarget> ; # java/lang/SecurityManager$$Lambda+0x000001fb9e1f5498
instanceKlass  @cpi java/lang/SecurityManager 518 form vmentry <vmtarget> ; # java/lang/invoke/LambdaForm$DMH+0x000001fb9e50c400
instanceKlass  @bci java/lang/SecurityManager addNonExportedPackages (Ljava/lang/ModuleLayer;)V 17 <appendix> argL0 ; # java/lang/SecurityManager$$Lambda+0x000001fb9e1f5258
instanceKlass  @bci org/codehaus/groovy/vmplugin/v9/Java9 lambda$static$10 (Ljava/util/Map;Ljava/util/Map;Ljava/util/Map;Ljava/lang/String;)V 41 <appendix> argL0 ; # org/codehaus/groovy/vmplugin/v9/Java9$$Lambda+0x000001fb9e509f70
instanceKlass  @bci org/codehaus/groovy/vmplugin/v9/Java9 lambda$static$10 (Ljava/util/Map;Ljava/util/Map;Ljava/util/Map;Ljava/lang/String;)V 70 <appendix> argL0 ; # org/codehaus/groovy/vmplugin/v9/Java9$$Lambda+0x000001fb9e509d30
instanceKlass  @bci org/codehaus/groovy/vmplugin/v9/Java9 isExported (Ljava/lang/module/ModuleDescriptor;Ljava/lang/String;)Z 10 <appendix> member <vmtarget> ; # org/codehaus/groovy/vmplugin/v9/Java9$$Lambda+0x000001fb9e509ad8
instanceKlass  @bci org/codehaus/groovy/vmplugin/v9/Java9 isOpen (Ljava/lang/module/ModuleDescriptor;Ljava/lang/String;)Z 10 <appendix> member <vmtarget> ; # org/codehaus/groovy/vmplugin/v9/Java9$$Lambda+0x000001fb9e509880
instanceKlass  @bci org/codehaus/groovy/vmplugin/v9/Java9 <clinit> ()V 69 <appendix> member <vmtarget> ; # org/codehaus/groovy/vmplugin/v9/Java9$$Lambda+0x000001fb9e509648
instanceKlass  @cpi org/codehaus/groovy/vmplugin/v9/Java9 3507 form vmentry <vmtarget> ; # java/lang/invoke/LambdaForm$DMH+0x000001fb9e50c000
instanceKlass  @bci org/codehaus/groovy/vmplugin/v9/Java9 lambda$static$7 (Ljava/util/Map;Ljava/lang/module/ModuleDescriptor;)V 6 <appendix> member <vmtarget> ; # org/codehaus/groovy/vmplugin/v9/Java9$$Lambda+0x000001fb9e509410
instanceKlass  @bci org/codehaus/groovy/vmplugin/v9/Java9 <clinit> ()V 34 <appendix> member <vmtarget> ; # org/codehaus/groovy/vmplugin/v9/Java9$$Lambda+0x000001fb9e5091d8
instanceKlass  @cpi org/codehaus/groovy/vmplugin/v9/Java9 3488 form vmentry <vmtarget> ; # java/lang/invoke/LambdaForm$DMH+0x000001fb9e501c00
instanceKlass  @bci org/codehaus/groovy/vmplugin/v9/Java9 <clinit> ()V 23 <appendix> argL0 ; # org/codehaus/groovy/vmplugin/v9/Java9$$Lambda+0x000001fb9e508f98
instanceKlass org/codehaus/groovy/ast/Variable
instanceKlass groovyjarjarasm/asm/Opcodes
instanceKlass org/codehaus/groovy/vmplugin/v8/Java8
instanceKlass  @bci org/codehaus/groovy/vmplugin/VMPluginFactory createPlugin (Ljava/lang/String;Ljava/lang/String;)Lorg/codehaus/groovy/vmplugin/VMPlugin; 2 <appendix> member <vmtarget> ; # org/codehaus/groovy/vmplugin/VMPluginFactory$$Lambda+0x000001fb9e506d10
instanceKlass  @cpi org/codehaus/groovy/vmplugin/VMPluginFactory 45 form vmentry <vmtarget> ; # java/lang/invoke/LambdaForm$DMH+0x000001fb9e501800
instanceKlass org/codehaus/groovy/vmplugin/VMPlugin
instanceKlass org/codehaus/groovy/vmplugin/VMPluginFactory
instanceKlass org/codehaus/groovy/reflection/ReflectionUtils
instanceKlass  @bci org/codehaus/groovy/reflection/CachedClass$3 lambda$initValue$4 ()[Lorg/codehaus/groovy/reflection/CachedMethod; 44 <appendix> argL0 ; # org/codehaus/groovy/reflection/CachedClass$3$$Lambda+0x000001fb9e5064e0
instanceKlass  @bci org/codehaus/groovy/reflection/CachedClass$3 lambda$initValue$4 ()[Lorg/codehaus/groovy/reflection/CachedMethod; 34 <appendix> member <vmtarget> ; # org/codehaus/groovy/reflection/CachedClass$3$$Lambda+0x000001fb9e506298
instanceKlass  @bci org/codehaus/groovy/reflection/CachedClass$3 lambda$initValue$4 ()[Lorg/codehaus/groovy/reflection/CachedMethod; 23 <appendix> argL0 ; # org/codehaus/groovy/reflection/CachedClass$3$$Lambda+0x000001fb9e506048
instanceKlass  @bci org/codehaus/groovy/reflection/CachedClass$3 lambda$initValue$4 ()[Lorg/codehaus/groovy/reflection/CachedMethod; 13 <appendix> argL0 ; # org/codehaus/groovy/reflection/CachedClass$3$$Lambda+0x000001fb9e505df8
instanceKlass org/codehaus/groovy/runtime/memoize/MemoizeCache
instanceKlass  @bci org/codehaus/groovy/reflection/CachedClass$3 initValue ()[Lorg/codehaus/groovy/reflection/CachedMethod; 1 <appendix> member <vmtarget> ; # org/codehaus/groovy/reflection/CachedClass$3$$Lambda+0x000001fb9e504350
instanceKlass  @bci org/codehaus/groovy/reflection/stdclasses/CachedSAMClass getSAMMethod (Ljava/lang/Class;)Ljava/lang/reflect/Method; 135 <appendix> member <vmtarget> ; # org/codehaus/groovy/reflection/stdclasses/CachedSAMClass$$Lambda+0x000001fb9e4ffb50
instanceKlass  @bci org/codehaus/groovy/reflection/stdclasses/CachedSAMClass getDeclaredMethods (Ljava/lang/Class;)[Ljava/lang/reflect/Method; 6 <appendix> member <vmtarget> ; # org/codehaus/groovy/reflection/stdclasses/CachedSAMClass$$Lambda+0x000001fb9e4ff928
# instanceKlass java/lang/invoke/LambdaForm$MH+0x000001fb9e501400
# instanceKlass java/lang/invoke/LambdaForm$MH+0x000001fb9e501000
# instanceKlass java/lang/invoke/LambdaForm$MH+0x000001fb9e500c00
# instanceKlass java/lang/invoke/LambdaForm$MH+0x000001fb9e500800
# instanceKlass org/codehaus/groovy/reflection/stdclasses/CachedSAMClass$$InjectedInvoker+0x000001fb9e500400
instanceKlass java/lang/invoke/MethodHandleImpl$BindCaller$InjectedInvokerHolder
# instanceKlass java/lang/invoke/LambdaForm$MH+0x000001fb9e500000
instanceKlass java/lang/invoke/MethodHandleImpl$BindCaller
instanceKlass  @bci org/codehaus/groovy/runtime/metaclass/MetaClassRegistryImpl registerMethods (Ljava/lang/Class;ZZLjava/util/Map;)V 115 <appendix> argL0 ; # org/codehaus/groovy/runtime/metaclass/MetaClassRegistryImpl$$Lambda+0x000001fb9e4ff6e8
instanceKlass org/codehaus/groovy/transform/trait/Traits$Implemented
instanceKlass org/codehaus/groovy/util/ReferenceType$HardRef
instanceKlass org/codehaus/groovy/util/ManagedReference
instanceKlass org/codehaus/groovy/reflection/ClassInfo$GlobalClassSet
instanceKlass org/apache/groovy/util/SystemUtil
instanceKlass org/codehaus/groovy/reflection/GroovyClassValue
instanceKlass org/codehaus/groovy/reflection/GroovyClassValueFactory
instanceKlass org/codehaus/groovy/reflection/ClassInfo$1
instanceKlass org/codehaus/groovy/reflection/CachedClass
instanceKlass org/codehaus/groovy/reflection/GroovyClassValue$ComputeValue
instanceKlass org/codehaus/groovy/util/ComplexKeyHashMap$Entry
instanceKlass org/codehaus/groovy/util/ComplexKeyHashMap$EntryIterator
instanceKlass org/codehaus/groovy/util/ComplexKeyHashMap
instanceKlass org/codehaus/groovy/reflection/ReflectionCache
instanceKlass groovy/lang/Buildable
instanceKlass groovy/lang/Writable
instanceKlass java/util/Timer
instanceKlass java/util/TimerTask
instanceKlass groovy/lang/groovydoc/Groovydoc
instanceKlass groovy/lang/ListWithDefault
instanceKlass groovy/lang/Range
instanceKlass groovy/util/BufferedIterator
instanceKlass java/util/BitSet
instanceKlass org/codehaus/groovy/reflection/GeneratedMetaMethod$DgmMethodRecord
instanceKlass groovy/lang/MetaClassRegistry$MetaClassCreationHandle
instanceKlass org/codehaus/groovy/runtime/m12n/ExtensionModuleRegistry
instanceKlass org/codehaus/groovy/util/Reference
instanceKlass org/codehaus/groovy/util/ReferenceManager
instanceKlass org/codehaus/groovy/util/ReferenceBundle
instanceKlass org/codehaus/groovy/util/ManagedConcurrentLinkedQueue
instanceKlass org/codehaus/groovy/util/FastArray
instanceKlass groovy/lang/MetaClassRegistryChangeEventListener
instanceKlass java/util/EventListener
instanceKlass org/codehaus/groovy/reflection/ParameterTypes
instanceKlass org/codehaus/groovy/runtime/m12n/ExtensionModuleScanner$ExtensionModuleListener
instanceKlass org/codehaus/groovy/runtime/metaclass/MetaClassRegistryImpl
instanceKlass org/codehaus/groovy/runtime/InvokerHelper
instanceKlass  @bci org/gradle/internal/classpath/intercept/DefaultCallSiteDecorator addInterceptor (Lorg/gradle/internal/instrumentation/api/groovybytecode/CallInterceptor;)V 37 <appendix> member <vmtarget> ; # org/gradle/internal/classpath/intercept/DefaultCallSiteDecorator$$Lambda+0x000001fb9e4ee6c8
instanceKlass  @bci org/gradle/internal/classpath/intercept/DefaultCallSiteDecorator <init> (Ljava/util/List;)V 44 <appendix> member <vmtarget> ; # org/gradle/internal/classpath/intercept/DefaultCallSiteDecorator$$Lambda+0x000001fb9e4ee490
instanceKlass  @bci org/gradle/internal/classpath/intercept/DefaultCallSiteInterceptorSet getCallInterceptors (Lorg/gradle/internal/instrumentation/api/types/BytecodeInterceptorFilter;)Ljava/util/List; 20 <appendix> member <vmtarget> ; # org/gradle/internal/classpath/intercept/DefaultCallSiteInterceptorSet$$Lambda+0x000001fb9e4e4d70
instanceKlass org/gradle/internal/instrumentation/api/groovybytecode/PropertyAwareCallInterceptor
instanceKlass org/gradle/internal/instrumentation/api/groovybytecode/SignatureAwareCallInterceptor
instanceKlass org/gradle/internal/instrumentation/api/groovybytecode/InterceptScope
# instanceKlass java/lang/invoke/LambdaForm$DMH+0x000001fb9e4e4400
instanceKlass org/gradle/internal/instrumentation/api/groovybytecode/Invocation
instanceKlass org/gradle/internal/instrumentation/api/groovybytecode/AbstractCallInterceptor
instanceKlass org/gradle/internal/instrumentation/api/groovybytecode/FilterableCallInterceptor
instanceKlass java/lang/ProcessBuilder
instanceKlass java/lang/Process
# instanceKlass java/lang/invoke/LambdaForm$DMH+0x000001fb9e4e4000
instanceKlass org/gradle/internal/instrumentation/api/groovybytecode/CallInterceptor
instanceKlass org/gradle/internal/classpath/intercept/DefaultCallSiteDecorator
instanceKlass org/gradle/internal/classpath/intercept/CallInterceptorResolver
instanceKlass  @bci org/gradle/internal/classpath/intercept/CallInterceptorRegistry getGroovyCallDecorator (Lorg/gradle/internal/instrumentation/api/types/BytecodeInterceptorFilter;)Lorg/gradle/internal/classpath/intercept/CallSiteDecorator; 5 <appendix> member <vmtarget> ; # org/gradle/internal/classpath/intercept/CallInterceptorRegistry$$Lambda+0x000001fb9e4e1090
instanceKlass  @bci org/gradle/internal/classpath/Instrumented <clinit> ()V 50 <appendix> argL0 ; # org/gradle/internal/classpath/Instrumented$$Lambda+0x000001fb9e4e0e70
instanceKlass  @bci org/gradle/internal/classpath/Instrumented <clinit> ()V 34 <appendix> argL0 ; # org/gradle/internal/classpath/Instrumented$$Lambda+0x000001fb9e4e0c50
instanceKlass  @bci org/gradle/internal/classpath/MethodHandleUtils lazyKotlinStaticDefaultHandle (Ljava/lang/Class;Ljava/lang/String;Ljava/lang/Class;[Ljava/lang/Class;)Lorg/gradle/internal/lazy/Lazy; 7 <appendix> member <vmtarget> ; # org/gradle/internal/classpath/MethodHandleUtils$$Lambda+0x000001fb9e4e0a28
instanceKlass org/gradle/internal/classpath/MethodHandleUtils
instanceKlass kotlin/io/FilesKt__FilePathComponentsKt
instanceKlass org/gradle/internal/configuration/inputs/AccessTrackingProperties$Listener
instanceKlass org/gradle/internal/instrumentation/api/types/FilterableBytecodeInterceptorFactory$BytecodeUpgradeReportInterceptorFactory
instanceKlass org/gradle/internal/instrumentation/api/types/FilterableBytecodeInterceptor$BytecodeUpgradeReportInterceptor
instanceKlass org/gradle/internal/instrumentation/api/types/FilterableBytecodeInterceptorFactory$BytecodeUpgradeInterceptorFactory
instanceKlass org/gradle/internal/instrumentation/api/types/FilterableBytecodeInterceptor$BytecodeUpgradeInterceptor
instanceKlass org/gradle/internal/instrumentation/api/types/FilterableBytecodeInterceptorFactory$InstrumentationInterceptorFactory
instanceKlass org/gradle/internal/instrumentation/api/types/FilterableBytecodeInterceptorFactory
instanceKlass org/gradle/internal/instrumentation/api/types/FilterableBytecodeInterceptor$InstrumentationInterceptor
instanceKlass org/gradle/internal/instrumentation/api/types/FilterableBytecodeInterceptor
instanceKlass java/util/stream/Sink$ChainedInt
instanceKlass java/util/stream/Sink$OfInt
instanceKlass  @bci org/codehaus/groovy/runtime/callsite/CallSiteArray <init> (Ljava/lang/Class;[Ljava/lang/String;)V 28 <appendix> argL0 ; # org/codehaus/groovy/runtime/callsite/CallSiteArray$$Lambda+0x000001fb9e4df4b0
instanceKlass  @bci org/codehaus/groovy/runtime/callsite/CallSiteArray <init> (Ljava/lang/Class;[Ljava/lang/String;)V 18 <appendix> member <vmtarget> ; # org/codehaus/groovy/runtime/callsite/CallSiteArray$$Lambda+0x000001fb9e4df288
instanceKlass org/codehaus/groovy/runtime/callsite/AbstractCallSite
instanceKlass org/gradle/internal/instantiation/generator/AsmBackedClassGenerator$NoOpBuilder
instanceKlass groovy/transform/Internal
instanceKlass java/beans/Transient
instanceKlass org/gradle/api/internal/DeprecatedProcessOperations
instanceKlass org/gradle/api/file/CopySpec
instanceKlass org/gradle/api/file/CopyProcessingSpec
instanceKlass org/gradle/api/file/ContentFilterable
instanceKlass org/gradle/api/file/CopySourceSpec
instanceKlass org/gradle/process/ExecResult
instanceKlass org/gradle/api/tasks/WorkResult
instanceKlass org/gradle/api/resources/ResourceHandler
instanceKlass org/codehaus/groovy/reflection/ClassInfo
instanceKlass org/codehaus/groovy/util/Finalizable
instanceKlass org/codehaus/groovy/runtime/callsite/CallSite
instanceKlass org/codehaus/groovy/runtime/callsite/CallSiteArray
# instanceKlass java/lang/invoke/LambdaForm$MH+0x000001fb9e4d9800
# instanceKlass java/lang/invoke/LambdaForm$MH+0x000001fb9e4d9400
# instanceKlass java/lang/invoke/LambdaForm$MH+0x000001fb9e4d9000
# instanceKlass java/lang/invoke/LambdaForm$MH+0x000001fb9e4d8c00
# instanceKlass java/lang/invoke/LambdaForm$MH+0x000001fb9e4d8800
# instanceKlass java/lang/invoke/LambdaForm$MH+0x000001fb9e4d8400
# instanceKlass java/lang/invoke/LambdaForm$MH+0x000001fb9e4d8000
# instanceKlass java/lang/invoke/LambdaForm$MH+0x000001fb9e4d0c00
# instanceKlass java/lang/invoke/LambdaForm$BMH+0x000001fb9e4d0800
# instanceKlass java/lang/invoke/LambdaForm$DMH+0x000001fb9e4d0400
instanceKlass com/google/common/collect/Count
instanceKlass org/gradle/api/internal/initialization/loadercache/DefaultClassLoaderCache$CachedClassLoader
instanceKlass  @bci org/gradle/api/internal/initialization/loadercache/DefaultClassLoaderCache createIfAbsent (Lorg/gradle/api/internal/initialization/loadercache/ClassLoaderId;Lorg/gradle/internal/classpath/ClassPath;Ljava/lang/ClassLoader;Ljava/util/function/Function;Lorg/gradle/internal/hash/HashCode;)Ljava/lang/ClassLoader; 9 <appendix> member <vmtarget> ; # org/gradle/api/internal/initialization/loadercache/DefaultClassLoaderCache$$Lambda+0x000001fb9e4d36c8
instanceKlass  @bci org/gradle/groovy/scripts/internal/DefaultScriptCompilationHandler$ClassesDirCompiledScript prepareClassLoaderScope ()Lorg/gradle/api/internal/initialization/ClassLoaderScope; 93 <appendix> member <vmtarget> ; # org/gradle/groovy/scripts/internal/DefaultScriptCompilationHandler$ClassesDirCompiledScript$$Lambda+0x000001fb9e4d3168
instanceKlass org/gradle/initialization/ClassLoaderScopeOrigin$Script
instanceKlass  @bci org/gradle/configuration/DefaultScriptPluginFactory$ScriptPluginImpl apply (Ljava/lang/Object;)V 306 <appendix> member <vmtarget> ; # org/gradle/configuration/DefaultScriptPluginFactory$ScriptPluginImpl$$Lambda+0x000001fb9e4d2d18
instanceKlass org/gradle/groovy/scripts/internal/BuildScriptData
instanceKlass org/gradle/internal/fingerprint/impl/DefaultFileSystemLocationFingerprint$1
instanceKlass org/gradle/internal/fingerprint/impl/DefaultFileSystemLocationFingerprint
instanceKlass  @bci org/gradle/api/internal/changedetection/state/PropertiesFileAwareClasspathResourceHasher matchesAnyFilters (Ljava/util/function/Supplier;)Z 15 <appendix> member <vmtarget> ; # org/gradle/api/internal/changedetection/state/PropertiesFileAwareClasspathResourceHasher$$Lambda+0x000001fb9e4d7948
instanceKlass  @bci org/gradle/internal/io/IoSupplier wrap (Lorg/gradle/internal/io/IoSupplier;)Ljava/util/function/Supplier; 1 <appendix> member <vmtarget> ; # org/gradle/internal/io/IoSupplier$$Lambda+0x000001fb9e4d7720
instanceKlass  @bci org/gradle/api/internal/changedetection/state/FallbackHandlingResourceHasher hash (Lorg/gradle/internal/fingerprint/hashing/RegularFileSnapshotContext;)Lorg/gradle/internal/hash/HashCode; 25 <appendix> member <vmtarget> ; # org/gradle/api/internal/changedetection/state/FallbackHandlingResourceHasher$$Lambda+0x000001fb9e4d74f8
instanceKlass org/gradle/internal/io/IoSupplier
instanceKlass  @bci org/gradle/api/internal/changedetection/state/FallbackHandlingResourceHasher hash (Lorg/gradle/internal/fingerprint/hashing/RegularFileSnapshotContext;)Lorg/gradle/internal/hash/HashCode; 15 <appendix> member <vmtarget> ; # org/gradle/api/internal/changedetection/state/FallbackHandlingResourceHasher$$Lambda+0x000001fb9e4d70b0
instanceKlass  @bci org/gradle/api/internal/changedetection/state/FallbackHandlingResourceHasher hash (Lorg/gradle/internal/fingerprint/hashing/RegularFileSnapshotContext;)Lorg/gradle/internal/hash/HashCode; 5 <appendix> member <vmtarget> ; # org/gradle/api/internal/changedetection/state/FallbackHandlingResourceHasher$$Lambda+0x000001fb9e4d6e58
instanceKlass  @bci org/gradle/internal/fingerprint/classpath/impl/ClasspathFingerprintingStrategy$ClasspathFingerprintingVisitor hashContent (Lorg/gradle/internal/snapshot/RegularFileSnapshot;Lorg/gradle/internal/RelativePathSupplier;)Lorg/gradle/internal/hash/HashCode; 5 <appendix> member <vmtarget> ; # org/gradle/internal/fingerprint/classpath/impl/ClasspathFingerprintingStrategy$ClasspathFingerprintingVisitor$$Lambda+0x000001fb9e4d6c30
instanceKlass org/gradle/api/internal/changedetection/state/DefaultRegularFileSnapshotContext
instanceKlass org/gradle/api/internal/initialization/ClassLoaderScopeIdentifier$Id
instanceKlass org/gradle/model/dsl/internal/transform/ClosureCreationInterceptingVerifier
instanceKlass org/gradle/groovy/scripts/internal/FactoryBackedCompileOperation
instanceKlass org/gradle/groovy/scripts/internal/BuildScriptTransformer$1
instanceKlass org/gradle/groovy/scripts/internal/BuildScriptTransformer
instanceKlass  @bci org/gradle/api/internal/plugins/DefaultPluginManager_Decorated $gradleInit ()V 1 <appendix> member <vmtarget> ; # org/gradle/api/internal/plugins/DefaultPluginManager_Decorated$$Lambda+0x000001fb9e4d5710
instanceKlass  @bci org/gradle/api/internal/DefaultDomainObjectCollection <init> (Ljava/lang/Class;Lorg/gradle/api/internal/collections/ElementSource;Lorg/gradle/api/internal/collections/CollectionEventRegister;)V 32 <appendix> member <vmtarget> ; # org/gradle/api/internal/DefaultDomainObjectCollection$$Lambda+0x000001fb9e4d54d8
instanceKlass org/gradle/api/internal/lambdas/SerializableLambdas$SerializableAction
instanceKlass org/gradle/api/internal/collections/DefaultCollectionEventRegister
instanceKlass  @bci org/gradle/api/internal/collections/AbstractIterationOrderRetainingElementSource <init> ()V 27 <appendix> argL0 ; # org/gradle/api/internal/collections/AbstractIterationOrderRetainingElementSource$$Lambda+0x000001fb9e4d4df0
instanceKlass  @bci org/gradle/api/internal/collections/IterationOrderRetainingSetElementSource <clinit> ()V 0 <appendix> argL0 ; # org/gradle/api/internal/collections/IterationOrderRetainingSetElementSource$$Lambda+0x000001fb9e4d4bd0
instanceKlass org/gradle/api/internal/collections/AbstractIterationOrderRetainingElementSource$ValuePointer
instanceKlass org/gradle/api/internal/provider/Collector
instanceKlass org/gradle/api/internal/collections/AbstractIterationOrderRetainingElementSource
instanceKlass org/gradle/api/internal/collections/ElementSource
instanceKlass org/gradle/api/internal/collections/CollectionEventRegister
instanceKlass org/gradle/api/internal/collections/EventSubscriptionVerifier
# instanceKlass java/lang/invoke/LambdaForm$MH+0x000001fb9e4d0000
# instanceKlass java/lang/invoke/LambdaForm$MH+0x000001fb9e4cfc00
# instanceKlass java/lang/invoke/LambdaForm$MH+0x000001fb9e4cf800
# instanceKlass java/lang/invoke/LambdaForm$MH+0x000001fb9e4cf400
# instanceKlass java/lang/invoke/LambdaForm$MH+0x000001fb9e4cf000
# instanceKlass java/lang/invoke/LambdaForm$MH+0x000001fb9e4cec00
# instanceKlass java/lang/invoke/LambdaForm$MH+0x000001fb9e4ce800
instanceKlass org/gradle/api/internal/plugins/DefaultPluginManager$3
instanceKlass org/gradle/api/plugins/AppliedPlugin
instanceKlass org/gradle/api/internal/plugins/ApplyPluginBuildOperationType$Result
instanceKlass org/gradle/api/internal/plugins/DefaultPluginManager
instanceKlass org/gradle/api/internal/plugins/ImperativeOnlyPluginTarget
instanceKlass org/gradle/api/internal/plugins/PluginTarget
# instanceKlass java/lang/invoke/LambdaForm$MH+0x000001fb9e4ce400
# instanceKlass java/lang/invoke/LambdaForm$MH+0x000001fb9e4ce000
# instanceKlass java/lang/invoke/LambdaForm$MH+0x000001fb9e4cdc00
# instanceKlass java/lang/invoke/LambdaForm$MH+0x000001fb9e4cd800
# instanceKlass java/lang/invoke/LambdaForm$MH+0x000001fb9e4cd400
# instanceKlass java/lang/invoke/LambdaForm$MH+0x000001fb9e4cd000
# instanceKlass java/lang/invoke/LambdaForm$MH+0x000001fb9e4ccc00
# instanceKlass java/lang/invoke/LambdaForm$MH+0x000001fb9e4cc800
# instanceKlass java/lang/invoke/LambdaForm$MH+0x000001fb9e4cc400
# instanceKlass java/lang/invoke/LambdaForm$MH+0x000001fb9e4cc000
instanceKlass org/gradle/api/internal/DefaultCollectionCallbackActionDecorator
instanceKlass org/gradle/groovy/scripts/internal/DefaultScriptRunnerFactory$ScriptRunnerImpl
instanceKlass org/gradle/groovy/scripts/internal/CrossBuildInMemoryCachingScriptClassCache$CachedCompiledScript
instanceKlass org/gradle/internal/classloader/ImplementationHashAware
instanceKlass org/gradle/groovy/scripts/internal/DefaultScriptCompilationHandler$ClassesDirCompiledScript
instanceKlass  @bci org/gradle/internal/snapshot/DirectorySnapshot accept (Lorg/gradle/internal/snapshot/RelativePathTracker;Lorg/gradle/internal/snapshot/RelativePathTrackingFileSystemSnapshotHierarchyVisitor;)Lorg/gradle/internal/snapshot/SnapshotVisitResult; 81 <appendix> member <vmtarget> ; # org/gradle/internal/snapshot/DirectorySnapshot$$Lambda+0x000001fb9e4c5490
instanceKlass  @bci org/gradle/internal/snapshot/DirectorySnapshot accept (Lorg/gradle/internal/snapshot/RelativePathTracker;Lorg/gradle/internal/snapshot/RelativePathTrackingFileSystemSnapshotHierarchyVisitor;)Lorg/gradle/internal/snapshot/SnapshotVisitResult; 69 <appendix> argL0 ; # org/gradle/internal/snapshot/DirectorySnapshot$$Lambda+0x000001fb9e4c5250
instanceKlass org/gradle/internal/fingerprint/classpath/impl/ClasspathFingerprintingStrategy$ClasspathFingerprintingVisitor$1
instanceKlass org/gradle/internal/fingerprint/hashing/RegularFileSnapshotContext
instanceKlass org/gradle/internal/fingerprint/classpath/impl/ClasspathFingerprintingStrategy$ClasspathFingerprintingVisitor
instanceKlass org/gradle/internal/snapshot/DirectorySnapshot$2
instanceKlass  @bci org/gradle/internal/snapshot/SnapshotUtil getRootHashes (Lorg/gradle/internal/snapshot/FileSystemSnapshot;)Lcom/google/common/collect/ImmutableListMultimap; 17 <appendix> member <vmtarget> ; # org/gradle/internal/snapshot/SnapshotUtil$$Lambda+0x000001fb9e4c7438
instanceKlass org/gradle/internal/snapshot/FileSystemSnapshot$1
instanceKlass org/gradle/internal/fingerprint/impl/DefaultCurrentFileCollectionFingerprint
instanceKlass  @bci org/gradle/internal/classpath/DefaultCachedClasspathTransformer transformFiles (Lorg/gradle/internal/classpath/ClassPath;Lorg/gradle/internal/classpath/ClasspathFileTransformer;)Lorg/gradle/internal/classpath/ClassPath; 12 <appendix> member <vmtarget> ; # org/gradle/internal/classpath/DefaultCachedClasspathTransformer$$Lambda+0x000001fb9e4c6ad0
instanceKlass  @bci org/gradle/internal/classpath/CustomClasspathFileTransformer createFileHasherWithConfig (Lorg/gradle/internal/hash/HashCode;Lorg/gradle/internal/classpath/ClasspathFileHasher;)Lorg/gradle/internal/classpath/ClasspathFileHasher; 2 <appendix> member <vmtarget> ; # org/gradle/internal/classpath/CustomClasspathFileTransformer$$Lambda+0x000001fb9e4c68a8
instanceKlass  @bci org/gradle/internal/classpath/DefaultCachedClasspathTransformer customClasspathFileTransformerFor (Lorg/gradle/internal/classpath/transforms/ClasspathElementTransformFactory;Lorg/gradle/internal/classpath/transforms/ClassTransform;)Lorg/gradle/internal/classpath/CustomClasspathFileTransformer; 9 <appendix> member <vmtarget> ; # org/gradle/internal/classpath/DefaultCachedClasspathTransformer$$Lambda+0x000001fb9e4c6680
instanceKlass org/gradle/internal/classpath/ClasspathFileHasher
instanceKlass org/gradle/internal/classpath/CustomClasspathFileTransformer
instanceKlass org/gradle/groovy/scripts/internal/GroovyScriptClassCompiler$1
instanceKlass  @bci org/gradle/internal/execution/steps/WorkspaceResult getOutputAs (Ljava/lang/Class;)Lorg/gradle/internal/Try; 19 <appendix> member <vmtarget> ; # org/gradle/internal/execution/steps/WorkspaceResult$$Lambda+0x000001fb9e4c3c40
instanceKlass org/gradle/internal/scripts/BuildScriptCompilationAndInstrumentation$Output
instanceKlass  @bci org/gradle/internal/execution/steps/WorkspaceResult getOutputAs (Ljava/lang/Class;)Lorg/gradle/internal/Try; 5 <appendix> member <vmtarget> ; # org/gradle/internal/execution/steps/WorkspaceResult$$Lambda+0x000001fb9e4c37d8
instanceKlass org/gradle/groovy/scripts/internal/GroovyScriptClassCompiler$GroovyScriptCompilationAndInstrumentation$GroovyScriptCompilationOutput
instanceKlass  @bci org/gradle/internal/execution/steps/AssignImmutableWorkspaceStep execute (Lorg/gradle/internal/execution/UnitOfWork;Lorg/gradle/internal/execution/steps/IdentityContext;)Lorg/gradle/internal/execution/steps/WorkspaceResult; 43 <appendix> member <vmtarget> ; # org/gradle/internal/execution/steps/AssignImmutableWorkspaceStep$$Lambda+0x000001fb9e4c3390
instanceKlass org/gradle/internal/Try
instanceKlass org/gradle/internal/execution/ExecutionEngine$Execution$1
instanceKlass org/gradle/internal/execution/history/impl/DefaultExecutionOutputState
instanceKlass org/gradle/internal/execution/history/ImmutableWorkspaceMetadata
instanceKlass org/gradle/caching/internal/origin/OriginMetadata
instanceKlass  @bci org/gradle/internal/execution/steps/AssignImmutableWorkspaceStep lambda$calculateOutputHashes$5 (Ljava/util/Map$Entry;)Ljava/util/stream/Stream; 15 <appendix> member <vmtarget> ; # org/gradle/internal/execution/steps/AssignImmutableWorkspaceStep$$Lambda+0x000001fb9e4c1cf8
instanceKlass  @bci com/google/common/collect/CollectSpliterators$1WithCharacteristics forEachRemaining (Ljava/util/function/Consumer;)V 9 <appendix> member <vmtarget> ; # com/google/common/collect/CollectSpliterators$1WithCharacteristics$$Lambda+0x000001fb9e4c1ac0
instanceKlass  @cpi com/google/common/collect/CollectSpliterators$1WithCharacteristics 118 form vmentry <vmtarget> ; # java/lang/invoke/LambdaForm$DMH+0x000001fb9e4c4000
instanceKlass java/util/function/IntConsumer
instanceKlass  @bci com/google/common/collect/CollectCollectors toImmutableListMultimap (Ljava/util/function/Function;Ljava/util/function/Function;)Ljava/util/stream/Collector; 31 <appendix> argL0 ; # com/google/common/collect/CollectCollectors$$Lambda+0x000001fb9e4c1880
instanceKlass  @bci com/google/common/collect/CollectCollectors toImmutableListMultimap (Ljava/util/function/Function;Ljava/util/function/Function;)Ljava/util/stream/Collector; 26 <appendix> argL0 ; # com/google/common/collect/CollectCollectors$$Lambda+0x000001fb9e4c1638
instanceKlass  @bci com/google/common/collect/CollectCollectors toImmutableListMultimap (Ljava/util/function/Function;Ljava/util/function/Function;)Ljava/util/stream/Collector; 21 <appendix> member <vmtarget> ; # com/google/common/collect/CollectCollectors$$Lambda+0x000001fb9e4c1400
instanceKlass  @bci com/google/common/collect/CollectCollectors toImmutableListMultimap (Ljava/util/function/Function;Ljava/util/function/Function;)Ljava/util/stream/Collector; 14 <appendix> argL0 ; # com/google/common/collect/CollectCollectors$$Lambda+0x000001fb9e4c11e0
instanceKlass  @bci org/gradle/internal/execution/steps/AssignImmutableWorkspaceStep calculateOutputHashes (Lcom/google/common/collect/ImmutableSortedMap;)Lcom/google/common/collect/ImmutableListMultimap; 22 <appendix> argL0 ; # org/gradle/internal/execution/steps/AssignImmutableWorkspaceStep$$Lambda+0x000001fb9e4c0fa0
instanceKlass  @bci org/gradle/internal/execution/steps/AssignImmutableWorkspaceStep calculateOutputHashes (Lcom/google/common/collect/ImmutableSortedMap;)Lcom/google/common/collect/ImmutableListMultimap; 17 <appendix> argL0 ; # org/gradle/internal/execution/steps/AssignImmutableWorkspaceStep$$Lambda+0x000001fb9e4c0d60
instanceKlass  @bci org/gradle/internal/execution/steps/AssignImmutableWorkspaceStep calculateOutputHashes (Lcom/google/common/collect/ImmutableSortedMap;)Lcom/google/common/collect/ImmutableListMultimap; 7 <appendix> argL0 ; # org/gradle/internal/execution/steps/AssignImmutableWorkspaceStep$$Lambda+0x000001fb9e4c0b20
instanceKlass java/util/stream/Streams$RangeIntSpliterator
instanceKlass com/google/common/collect/CollectSpliterators$1WithCharacteristics
instanceKlass com/google/common/collect/CollectSpliterators
instanceKlass  @bci com/google/common/collect/ImmutableSortedMap$1EntrySet$1 spliterator ()Ljava/util/Spliterator; 8 <appendix> member <vmtarget> ; # com/google/common/collect/ImmutableSortedMap$1EntrySet$1$$Lambda+0x000001fb9e4bddc8
instanceKlass  @cpi com/google/common/collect/ImmutableSortedMap$1EntrySet$1 98 form vmentry <vmtarget> ; # java/lang/invoke/LambdaForm$DMH+0x000001fb9e4bc400
instanceKlass org/gradle/internal/fingerprint/impl/DefaultFileCollectionSnapshotter$1
instanceKlass org/gradle/internal/snapshot/CompositeFileSystemSnapshot
instanceKlass  @bci org/gradle/internal/snapshot/DirectorySnapshot getChildSnapshot (Lorg/gradle/internal/snapshot/VfsRelativePath;Lorg/gradle/internal/snapshot/CaseSensitivity;)Ljava/util/Optional; 15 <appendix> member <vmtarget> ; # org/gradle/internal/snapshot/DirectorySnapshot$$Lambda+0x000001fb9e4bd950
instanceKlass  @bci org/gradle/internal/snapshot/DirectorySnapshot getChildSnapshot (Lorg/gradle/internal/snapshot/VfsRelativePath;Lorg/gradle/internal/snapshot/CaseSensitivity;)Ljava/util/Optional; 6 <appendix> argL0 ; # org/gradle/internal/snapshot/DirectorySnapshot$$Lambda+0x000001fb9e4bd730
instanceKlass org/gradle/internal/fingerprint/impl/DefaultFileCollectionSnapshotter$SnapshottingVisitor
instanceKlass org/gradle/internal/execution/UnitOfWork$OutputFileValueSupplier
instanceKlass org/gradle/internal/execution/UnitOfWork$FileValueSupplier
instanceKlass org/gradle/api/internal/file/FileCollectionInternal$1
instanceKlass org/gradle/api/tasks/TaskDependency
instanceKlass org/gradle/api/file/FileVisitor
instanceKlass org/gradle/api/internal/file/FileCollectionInternal$Source
instanceKlass org/gradle/api/internal/file/AbstractFileCollection
instanceKlass org/gradle/internal/execution/impl/DefaultOutputSnapshotter$1
instanceKlass org/gradle/internal/execution/steps/AssignImmutableWorkspaceStep$2
instanceKlass  @bci org/gradle/internal/snapshot/DirectorySnapshot <init> (Ljava/lang/String;Ljava/lang/String;Lorg/gradle/internal/file/FileMetadata$AccessType;Lorg/gradle/internal/hash/HashCode;Ljava/util/List;)V 13 <appendix> argL0 ; # org/gradle/internal/snapshot/DirectorySnapshot$$Lambda+0x000001fb9e4bba50
instanceKlass  @bci java/util/Comparator comparing (Ljava/util/function/Function;Ljava/util/Comparator;)Ljava/util/Comparator; 12 <appendix> member <vmtarget> ; # java/util/Comparator$$Lambda+0x000001fb9e1f0a80
instanceKlass  @cpi java/util/Comparator 256 form vmentry <vmtarget> ; # java/lang/invoke/LambdaForm$DMH+0x000001fb9e4bc000
instanceKlass  @bci org/gradle/internal/snapshot/FileSystemLocationSnapshot <clinit> ()V 5 <appendix> argL0 ; # org/gradle/internal/snapshot/FileSystemLocationSnapshot$$Lambda+0x000001fb9e4bb3e8
instanceKlass  @bci org/gradle/internal/snapshot/FileSystemLocationSnapshot <clinit> ()V 0 <appendix> argL0 ; # org/gradle/internal/snapshot/FileSystemLocationSnapshot$$Lambda+0x000001fb9e4bb1a8
instanceKlass org/gradle/internal/snapshot/MerkleDirectorySnapshotBuilder$Directory
instanceKlass java/nio/file/Files$3
instanceKlass java/nio/file/FileTreeWalker$Event
instanceKlass java/nio/file/FileTreeWalker$DirectoryNode
instanceKlass java/nio/file/FileTreeWalker
instanceKlass org/gradle/internal/snapshot/MerkleDirectorySnapshotBuilder
instanceKlass org/gradle/internal/snapshot/impl/FilteredTrackingMerkleDirectorySnapshotBuilder
instanceKlass org/gradle/internal/snapshot/DirectorySnapshotBuilder
instanceKlass  @bci org/gradle/internal/snapshot/impl/DirectorySnapshotter$PathVisitor <init> (Lorg/gradle/internal/snapshot/SnapshottingFilter$DirectoryWalkerPredicate;Ljava/util/concurrent/atomic/AtomicBoolean;Lorg/gradle/internal/hash/FileHasher;Lcom/google/common/collect/Interner;Lorg/gradle/internal/snapshot/impl/DirectorySnapshotter$DefaultExcludes;Lorg/gradle/internal/snapshot/impl/DirectorySnapshotterStatistics$Collector;Lorg/gradle/internal/snapshot/impl/DirectorySnapshotter$SymbolicLinkMapping;Ljava/util/Map;Ljava/util/function/Consumer;)V 41 <appendix> member <vmtarget> ; # org/gradle/internal/snapshot/impl/DirectorySnapshotter$PathVisitor$$Lambda+0x000001fb9e4ba200
instanceKlass org/gradle/internal/snapshot/RelativePathTracker
instanceKlass org/gradle/internal/snapshot/impl/DirectorySnapshotterStatistics$CollectingFileVisitor
instanceKlass  @bci org/gradle/internal/vfs/impl/DefaultFileSystemAccess lambda$snapshotAndReuse$11 (Ljava/lang/String;Lorg/gradle/internal/snapshot/SnapshottingFilter;Lcom/google/common/collect/ImmutableMap;Lorg/gradle/internal/vfs/VirtualFileSystem$VfsStorer;)Ljava/util/Optional; 179 <appendix> member <vmtarget> ; # org/gradle/internal/vfs/impl/DefaultFileSystemAccess$$Lambda+0x000001fb9e4b9858
instanceKlass org/gradle/internal/file/impl/DefaultFileMetadata$1
instanceKlass org/gradle/internal/execution/workspace/impl/CacheBasedImmutableWorkspaceProvider$1
instanceKlass  @bci org/gradle/internal/execution/steps/ExecuteWorkBuildOperationFiringStep execute (Lorg/gradle/internal/execution/UnitOfWork;Lorg/gradle/internal/execution/steps/IdentityContext;)Lorg/gradle/internal/execution/steps/CachingResult; 20 <appendix> member <vmtarget> ; # org/gradle/internal/execution/steps/ExecuteWorkBuildOperationFiringStep$$Lambda+0x000001fb9e4b91e8
instanceKlass  @bci org/gradle/internal/execution/steps/ExecuteWorkBuildOperationFiringStep execute (Lorg/gradle/internal/execution/UnitOfWork;Lorg/gradle/internal/execution/steps/IdentityContext;)Lorg/gradle/internal/execution/steps/CachingResult; 9 <appendix> member <vmtarget> ; # org/gradle/internal/execution/steps/ExecuteWorkBuildOperationFiringStep$$Lambda+0x000001fb9e4b8fa0
instanceKlass org/gradle/internal/execution/steps/IdentifyStep$1
instanceKlass org/gradle/internal/execution/steps/IdentifyStep$Operation$Result
instanceKlass  @bci org/gradle/internal/scripts/BuildScriptCompilationAndInstrumentation identify (Ljava/util/Map;Ljava/util/Map;)Lorg/gradle/internal/execution/UnitOfWork$Identity; 34 <appendix> member <vmtarget> ; # org/gradle/internal/scripts/BuildScriptCompilationAndInstrumentation$$Lambda+0x000001fb9e4b8948
instanceKlass org/gradle/internal/execution/UnitOfWork$Identity
instanceKlass  @bci org/gradle/internal/scripts/BuildScriptCompilationAndInstrumentation identify (Ljava/util/Map;Ljava/util/Map;)Lorg/gradle/internal/execution/UnitOfWork$Identity; 11 <appendix> member <vmtarget> ; # org/gradle/internal/scripts/BuildScriptCompilationAndInstrumentation$$Lambda+0x000001fb9e4b8510
instanceKlass  @bci com/google/common/collect/ImmutableSortedMap fromEntries (Ljava/util/Comparator;Z[Ljava/util/Map$Entry;I)Lcom/google/common/collect/ImmutableSortedMap; 152 <appendix> member <vmtarget> ; # com/google/common/collect/ImmutableSortedMap$$Lambda+0x000001fb9e4b8270
instanceKlass org/gradle/internal/execution/impl/DefaultInputFingerprinter$InputFingerprints
instanceKlass  @bci org/gradle/groovy/scripts/internal/GroovyScriptClassCompiler$GroovyScriptCompilationAndInstrumentation visitIdentityInputs (Lorg/gradle/internal/execution/UnitOfWork$InputVisitor;)V 37 <appendix> member <vmtarget> ; # org/gradle/groovy/scripts/internal/GroovyScriptClassCompiler$GroovyScriptCompilationAndInstrumentation$$Lambda+0x000001fb9e4b7a20
instanceKlass  @bci org/gradle/groovy/scripts/internal/GroovyScriptClassCompiler$GroovyScriptCompilationAndInstrumentation visitIdentityInputs (Lorg/gradle/internal/execution/UnitOfWork$InputVisitor;)V 23 <appendix> member <vmtarget> ; # org/gradle/groovy/scripts/internal/GroovyScriptClassCompiler$GroovyScriptCompilationAndInstrumentation$$Lambda+0x000001fb9e4b7560
instanceKlass  @bci org/gradle/groovy/scripts/internal/GroovyScriptClassCompiler$GroovyScriptCompilationAndInstrumentation visitIdentityInputs (Lorg/gradle/internal/execution/UnitOfWork$InputVisitor;)V 9 <appendix> member <vmtarget> ; # org/gradle/groovy/scripts/internal/GroovyScriptClassCompiler$GroovyScriptCompilationAndInstrumentation$$Lambda+0x000001fb9e4b7338
instanceKlass  @bci org/gradle/internal/scripts/BuildScriptCompilationAndInstrumentation visitIdentityInputs (Lorg/gradle/internal/execution/UnitOfWork$InputVisitor;)V 12 <appendix> member <vmtarget> ; # org/gradle/internal/scripts/BuildScriptCompilationAndInstrumentation$$Lambda+0x000001fb9e4b7110
instanceKlass org/gradle/internal/execution/UnitOfWork$ValueSupplier
instanceKlass org/gradle/internal/execution/InputFingerprinter$Result
instanceKlass org/gradle/internal/execution/impl/DefaultInputFingerprinter$InputCollectingVisitor
instanceKlass  @bci org/gradle/internal/execution/steps/IdentifyStep createIdentityContextInternal (Lorg/gradle/internal/execution/UnitOfWork;Lorg/gradle/internal/execution/steps/ExecutionRequestContext;)Lorg/gradle/internal/execution/steps/IdentityContext; 24 <appendix> member <vmtarget> ; # org/gradle/internal/execution/steps/IdentifyStep$$Lambda+0x000001fb9e4b6120
instanceKlass org/gradle/internal/execution/steps/BuildOperationStep$1
instanceKlass org/gradle/internal/execution/steps/IdentifyStep$2
instanceKlass org/gradle/internal/execution/steps/IdentifyStep$Operation$Details
instanceKlass  @bci org/gradle/internal/execution/steps/IdentifyStep createIdentityContext (Lorg/gradle/internal/execution/UnitOfWork;Lorg/gradle/internal/execution/steps/ExecutionRequestContext;)Lorg/gradle/internal/execution/steps/IdentityContext; 9 <appendix> member <vmtarget> ; # org/gradle/internal/execution/steps/IdentifyStep$$Lambda+0x000001fb9e4b4cf8
instanceKlass  @bci org/gradle/internal/execution/WorkValidationContext$TypeOriginInspector <clinit> ()V 0 <appendix> argL0 ; # org/gradle/internal/execution/WorkValidationContext$TypeOriginInspector$$Lambda+0x000001fb9e4b4ad8
instanceKlass org/gradle/internal/execution/impl/DefaultWorkValidationContext
instanceKlass org/gradle/internal/execution/impl/DefaultExecutionEngine$1
instanceKlass org/gradle/internal/instrumentation/reporting/listener/MethodInterceptionListener
instanceKlass org/gradle/internal/execution/UnitOfWork$WorkOutput
instanceKlass org/gradle/internal/scripts/BuildScriptCompilationAndInstrumentation
instanceKlass org/gradle/internal/execution/ImmutableUnitOfWork
instanceKlass  @bci org/gradle/cache/internal/DefaultCrossBuildInMemoryCacheFactory$AbstractCrossBuildInMemoryCache getIfPresent (Ljava/lang/Object;)Ljava/lang/Object; 6 <appendix> member <vmtarget> ; # org/gradle/cache/internal/DefaultCrossBuildInMemoryCacheFactory$AbstractCrossBuildInMemoryCache$$Lambda+0x000001fb9e4b3340
instanceKlass org/gradle/groovy/scripts/internal/ScriptCacheKey
instanceKlass org/gradle/groovy/scripts/internal/NoDataCompileOperation
instanceKlass org/codehaus/groovy/control/CompilationUnit$SourceUnitOperation
instanceKlass org/codehaus/groovy/control/CompilationUnit$ISourceUnitOperation
instanceKlass org/codehaus/groovy/control/CompilationUnit$PhaseOperation
instanceKlass org/gradle/groovy/scripts/internal/Permits
instanceKlass org/codehaus/groovy/ast/GroovyCodeVisitor
instanceKlass org/gradle/plugin/use/internal/PluginUseScriptBlockMetadataCompiler
instanceKlass org/codehaus/groovy/ast/ASTNode
instanceKlass org/codehaus/groovy/ast/NodeMetaDataHandler
instanceKlass groovy/lang/groovydoc/GroovydocHolder
instanceKlass org/gradle/groovy/scripts/internal/InitialPassStatementTransformer
instanceKlass org/gradle/internal/resource/CachingTextResource
instanceKlass org/gradle/groovy/scripts/DelegatingScriptSource
instanceKlass org/gradle/groovy/scripts/DefaultScriptCompilerFactory$ScriptCompilerImpl
instanceKlass org/gradle/configuration/DefaultScriptTarget
instanceKlass  @bci org/gradle/configuration/DefaultScriptPluginFactory$ScriptPluginImpl apply (Ljava/lang/Object;)V 19 <appendix> member <vmtarget> ; # org/gradle/configuration/DefaultScriptPluginFactory$ScriptPluginImpl$$Lambda+0x000001fb9e4ad820
instanceKlass  @bci org/gradle/tooling/internal/provider/runner/PluginApplicationTracker started (Lorg/gradle/internal/operations/BuildOperationDescriptor;Lorg/gradle/internal/operations/OperationStartEvent;)V 79 <appendix> member <vmtarget> ; # org/gradle/tooling/internal/provider/runner/PluginApplicationTracker$$Lambda+0x000001fb9e4a6470
instanceKlass org/gradle/configuration/BuildOperationScriptPlugin$OperationDetails
instanceKlass org/gradle/configuration/BuildOperationScriptPlugin$1
instanceKlass org/gradle/internal/code/DefaultUserCodeApplicationContext$CurrentApplication
instanceKlass org/gradle/internal/code/UserCodeApplicationContext$Application
instanceKlass  @bci org/gradle/configuration/BuildOperationScriptPlugin apply (Ljava/lang/Object;)V 66 <appendix> member <vmtarget> ; # org/gradle/configuration/BuildOperationScriptPlugin$$Lambda+0x000001fb9e4ac200
instanceKlass org/gradle/internal/code/UserCodeApplicationId
instanceKlass org/gradle/internal/code/DefaultUserCodeSource
instanceKlass org/gradle/configuration/BuildOperationScriptPlugin$2
instanceKlass org/gradle/internal/code/UserCodeSource
instanceKlass org/gradle/configuration/ApplyScriptPluginBuildOperationType$Result
instanceKlass org/gradle/configuration/BuildOperationScriptPlugin
instanceKlass org/gradle/internal/scripts/GradleScript
instanceKlass org/gradle/api/Script
instanceKlass org/gradle/configuration/ScriptTarget
instanceKlass org/gradle/configuration/DefaultScriptPluginFactory$ScriptPluginImpl
instanceKlass  @bci org/gradle/api/internal/initialization/DefaultScriptHandler_Decorated $gradleInit ()V 1 <appendix> member <vmtarget> ; # org/gradle/api/internal/initialization/DefaultScriptHandler_Decorated$$Lambda+0x000001fb9e4a9dc8
instanceKlass org/gradle/api/attributes/DocsType
instanceKlass org/gradle/api/internal/artifacts/JavaEcosystemAttributesDescriber
instanceKlass org/gradle/api/internal/artifacts/JavaEcosystemSupport$TargetJvmEnvironmentDisambiguationRules
instanceKlass org/gradle/api/internal/artifacts/JavaEcosystemSupport$TargetJvmEnvironmentCompatibilityRules
instanceKlass org/gradle/api/attributes/java/TargetJvmEnvironment
instanceKlass org/gradle/api/internal/attributes/DefaultOrderedDisambiguationRule
instanceKlass org/gradle/api/internal/attributes/DefaultOrderedCompatibilityRule
instanceKlass org/gradle/api/internal/attributes/AttributeMatchingRules
instanceKlass org/gradle/api/attributes/java/TargetJvmVersion
instanceKlass org/gradle/api/internal/artifacts/JavaEcosystemSupport$BundlingDisambiguationRules
instanceKlass org/gradle/api/internal/artifacts/JavaEcosystemSupport$BundlingCompatibilityRules
instanceKlass org/gradle/api/attributes/Bundling
instanceKlass org/gradle/api/attributes/LibraryElements$Impl
instanceKlass  @bci org/gradle/api/internal/artifacts/JavaEcosystemSupport configureLibraryElements (Lorg/gradle/api/attributes/AttributesSchema;Lorg/gradle/api/model/ObjectFactory;)V 32 <appendix> member <vmtarget> ; # org/gradle/api/internal/artifacts/JavaEcosystemSupport$$Lambda+0x000001fb9e4a8248
instanceKlass org/gradle/api/internal/artifacts/JavaEcosystemSupport$LibraryElementsDisambiguationRules
instanceKlass org/gradle/api/internal/artifacts/JavaEcosystemSupport$LibraryElementsCompatibilityRules
instanceKlass org/gradle/api/attributes/LibraryElements
instanceKlass org/gradle/api/attributes/Usage$Impl
instanceKlass org/gradle/api/internal/artifacts/JavaEcosystemSupport$1
instanceKlass org/gradle/api/internal/artifacts/JavaEcosystemSupport$UsageDisambiguationRules
instanceKlass org/gradle/api/internal/artifacts/JavaEcosystemSupport$UsageCompatibilityRules
instanceKlass org/gradle/api/attributes/Usage
instanceKlass org/gradle/api/internal/attributes/AttributeDescriber
instanceKlass org/gradle/api/internal/artifacts/JavaEcosystemSupport
instanceKlass org/gradle/api/internal/artifacts/dsl/dependencies/GradlePluginVariantsSupport$TargetGradleVersionDisambiguationRule
instanceKlass org/gradle/api/internal/attributes/DefaultCompatibilityRuleChain$ExceptionHandler
instanceKlass org/gradle/api/internal/artifacts/dsl/dependencies/GradlePluginVariantsSupport$TargetGradleVersionCompatibilityRule
instanceKlass org/gradle/api/attributes/AttributeCompatibilityRule
instanceKlass org/gradle/api/attributes/plugin/GradlePluginApiVersion
instanceKlass org/gradle/api/internal/artifacts/dsl/dependencies/GradlePluginVariantsSupport
instanceKlass org/gradle/api/internal/attributes/DefaultDisambiguationRuleChain$ExceptionHandler
instanceKlass org/gradle/internal/action/DefaultConfigurableRules
instanceKlass org/gradle/internal/action/ConfigurableRules
instanceKlass org/gradle/api/artifacts/CacheableRule
instanceKlass org/gradle/api/internal/DefaultActionConfiguration
instanceKlass org/gradle/internal/action/DefaultConfigurableRule
instanceKlass org/gradle/internal/action/ConfigurableRule
instanceKlass org/gradle/internal/action/InstantiatingAction
instanceKlass  @bci org/gradle/api/internal/artifacts/dsl/dependencies/PlatformSupport configureCategoryDisambiguationRule (Lorg/gradle/api/attributes/AttributesSchema;)V 19 <appendix> member <vmtarget> ; # org/gradle/api/internal/artifacts/dsl/dependencies/PlatformSupport$$Lambda+0x000001fb9e4a4e78
instanceKlass org/gradle/api/ActionConfiguration
instanceKlass org/gradle/api/internal/artifacts/dsl/dependencies/PlatformSupport$ComponentCategoryDisambiguationRule
instanceKlass org/gradle/api/attributes/AttributeDisambiguationRule
instanceKlass  @bci org/gradle/api/internal/attributes/DefaultAttributeMatchingStrategy_Decorated $gradleInit ()V 1 <appendix> member <vmtarget> ; # org/gradle/api/internal/attributes/DefaultAttributeMatchingStrategy_Decorated$$Lambda+0x000001fb9e4a4a08
instanceKlass  @bci org/gradle/api/internal/attributes/DefaultDisambiguationRuleChain_Decorated $gradleInit ()V 1 <appendix> member <vmtarget> ; # org/gradle/api/internal/attributes/DefaultDisambiguationRuleChain_Decorated$$Lambda+0x000001fb9e4a47e0
instanceKlass  @bci org/gradle/api/internal/attributes/DefaultCompatibilityRuleChain_Decorated $gradleInit ()V 1 <appendix> member <vmtarget> ; # org/gradle/api/internal/attributes/DefaultCompatibilityRuleChain_Decorated$$Lambda+0x000001fb9e49bcd8
instanceKlass org/gradle/internal/action/InstantiatingAction$ExceptionHandler
instanceKlass org/objectweb/asm/signature/SignatureVisitor
instanceKlass org/gradle/api/internal/attributes/DefaultDisambiguationRuleChain
instanceKlass org/gradle/api/internal/attributes/DefaultCompatibilityRuleChain
instanceKlass org/gradle/api/attributes/DisambiguationRuleChain
instanceKlass org/gradle/api/attributes/CompatibilityRuleChain
instanceKlass  @bci org/gradle/api/internal/attributes/DefaultAttributesSchema_Decorated $gradleInit ()V 1 <appendix> member <vmtarget> ; # org/gradle/api/internal/attributes/DefaultAttributesSchema_Decorated$$Lambda+0x000001fb9e49b1f0
instanceKlass org/gradle/api/internal/attributes/DefaultAttributeMatchingStrategy
instanceKlass org/gradle/api/attributes/AttributeMatchingStrategy
instanceKlass org/gradle/api/internal/attributes/DefaultAttributesSchema
instanceKlass  @bci org/gradle/api/internal/model/NamedObjectInstantiator$2 <init> (Lorg/gradle/api/internal/model/NamedObjectInstantiator;Lorg/objectweb/asm/ClassVisitor;Lorg/gradle/model/internal/asm/AsmClassGenerator;Lorg/objectweb/asm/Type;)V 74 <appendix> member <vmtarget> ; # org/gradle/api/internal/model/NamedObjectInstantiator$2$$Lambda+0x000001fb9e49c800
instanceKlass  @bci org/gradle/api/internal/model/NamedObjectInstantiator$2 <init> (Lorg/gradle/api/internal/model/NamedObjectInstantiator;Lorg/objectweb/asm/ClassVisitor;Lorg/gradle/model/internal/asm/AsmClassGenerator;Lorg/objectweb/asm/Type;)V 55 <appendix> member <vmtarget> ; # org/gradle/api/internal/model/NamedObjectInstantiator$2$$Lambda+0x000001fb9e49d7a0
instanceKlass org/gradle/api/attributes/Category$Impl
instanceKlass  @bci org/gradle/api/internal/model/NamedObjectInstantiator$1 <init> (Lorg/gradle/api/internal/model/NamedObjectInstantiator;Lorg/objectweb/asm/ClassVisitor;Lorg/gradle/model/internal/asm/AsmClassGenerator;Lorg/objectweb/asm/Type;[Ljava/lang/String;Lorg/objectweb/asm/Type;)V 191 <appendix> member <vmtarget> ; # org/gradle/api/internal/model/NamedObjectInstantiator$1$$Lambda+0x000001fb9e49f998
instanceKlass  @bci org/gradle/api/internal/model/NamedObjectInstantiator$1 <init> (Lorg/gradle/api/internal/model/NamedObjectInstantiator;Lorg/objectweb/asm/ClassVisitor;Lorg/gradle/model/internal/asm/AsmClassGenerator;Lorg/objectweb/asm/Type;[Ljava/lang/String;Lorg/objectweb/asm/Type;)V 176 <appendix> member <vmtarget> ; # org/gradle/api/internal/model/NamedObjectInstantiator$1$$Lambda+0x000001fb9e49f2a8
instanceKlass  @bci org/gradle/api/internal/model/NamedObjectInstantiator$1 <init> (Lorg/gradle/api/internal/model/NamedObjectInstantiator;Lorg/objectweb/asm/ClassVisitor;Lorg/gradle/model/internal/asm/AsmClassGenerator;Lorg/objectweb/asm/Type;[Ljava/lang/String;Lorg/objectweb/asm/Type;)V 161 <appendix> member <vmtarget> ; # org/gradle/api/internal/model/NamedObjectInstantiator$1$$Lambda+0x000001fb9e49ebb8
instanceKlass  @bci org/gradle/api/internal/model/NamedObjectInstantiator$1 <init> (Lorg/gradle/api/internal/model/NamedObjectInstantiator;Lorg/objectweb/asm/ClassVisitor;Lorg/gradle/model/internal/asm/AsmClassGenerator;Lorg/objectweb/asm/Type;[Ljava/lang/String;Lorg/objectweb/asm/Type;)V 142 <appendix> member <vmtarget> ; # org/gradle/api/internal/model/NamedObjectInstantiator$1$$Lambda+0x000001fb9e49e4c8
instanceKlass  @bci org/gradle/api/internal/model/NamedObjectInstantiator$1 <init> (Lorg/gradle/api/internal/model/NamedObjectInstantiator;Lorg/objectweb/asm/ClassVisitor;Lorg/gradle/model/internal/asm/AsmClassGenerator;Lorg/objectweb/asm/Type;[Ljava/lang/String;Lorg/objectweb/asm/Type;)V 125 <appendix> member <vmtarget> ; # org/gradle/api/internal/model/NamedObjectInstantiator$1$$Lambda+0x000001fb9e493c78
instanceKlass  @bci org/gradle/api/internal/model/NamedObjectInstantiator$1 <init> (Lorg/gradle/api/internal/model/NamedObjectInstantiator;Lorg/objectweb/asm/ClassVisitor;Lorg/gradle/model/internal/asm/AsmClassGenerator;Lorg/objectweb/asm/Type;[Ljava/lang/String;Lorg/objectweb/asm/Type;)V 108 <appendix> member <vmtarget> ; # org/gradle/api/internal/model/NamedObjectInstantiator$1$$Lambda+0x000001fb9e493588
instanceKlass  @bci org/gradle/api/internal/model/NamedObjectInstantiator$1 <init> (Lorg/gradle/api/internal/model/NamedObjectInstantiator;Lorg/objectweb/asm/ClassVisitor;Lorg/gradle/model/internal/asm/AsmClassGenerator;Lorg/objectweb/asm/Type;[Ljava/lang/String;Lorg/objectweb/asm/Type;)V 91 <appendix> member <vmtarget> ; # org/gradle/api/internal/model/NamedObjectInstantiator$1$$Lambda+0x000001fb9e492e98
instanceKlass org/gradle/model/internal/type/ClassTypeWrapper
instanceKlass org/gradle/model/internal/type/TypeWrapper
instanceKlass org/gradle/model/internal/type/ModelType
instanceKlass org/gradle/model/internal/inspect/FormattingValidationProblemCollector
instanceKlass org/gradle/api/attributes/Category
# instanceKlass java/lang/invoke/LambdaForm$MH+0x000001fb9e49c000
instanceKlass org/gradle/api/internal/initialization/ScriptClassPathResolutionContext
instanceKlass org/gradle/api/internal/initialization/DefaultScriptHandler
instanceKlass org/gradle/api/internal/artifacts/DefaultDependencyManagementServices$DefaultDependencyResolutionServices
instanceKlass org/gradle/api/internal/artifacts/ivyservice/resolveengine/graph/DependencyGraphVisitor
instanceKlass org/gradle/api/artifacts/ResolvedConfiguration
instanceKlass org/gradle/api/internal/artifacts/ivyservice/LenientConfigurationInternal
instanceKlass org/gradle/api/internal/artifacts/ResolverResults$LegacyResolverResults$LegacyVisitedArtifactSet
instanceKlass org/gradle/api/artifacts/LenientConfiguration
instanceKlass org/gradle/api/internal/artifacts/ivyservice/resolveengine/oldresult/ResolvedConfigurationBuilder
instanceKlass org/gradle/api/internal/artifacts/ivyservice/resolveengine/artifact/VisitedArtifactSet
instanceKlass org/gradle/api/internal/artifacts/ivyservice/resolveengine/graph/results/VisitedGraphResults
instanceKlass org/gradle/api/internal/artifacts/ivyservice/resolveengine/artifact/DependencyArtifactsVisitor
instanceKlass org/gradle/api/internal/artifacts/transform/TransformUpstreamDependenciesResolver
instanceKlass org/gradle/api/internal/attributes/AttributeDescriberRegistry
instanceKlass org/gradle/internal/component/model/GraphVariantSelector
instanceKlass org/gradle/api/internal/artifacts/ivyservice/resolveengine/graph/builder/NodeState
instanceKlass org/gradle/api/internal/artifacts/ivyservice/resolveengine/graph/RootGraphNode
instanceKlass org/gradle/api/internal/artifacts/ivyservice/resolveengine/graph/DependencyGraphNode
instanceKlass org/gradle/api/internal/artifacts/ivyservice/resolveengine/graph/ResolvedGraphVariant
instanceKlass org/gradle/internal/component/resolution/failure/ReportableAsProblem
instanceKlass org/gradle/api/internal/artifacts/ivyservice/resolveengine/graph/conflicts/ModuleConflictHandler
instanceKlass org/gradle/api/internal/artifacts/ivyservice/resolveengine/graph/conflicts/CapabilitiesConflictHandler
instanceKlass org/gradle/api/internal/artifacts/ivyservice/resolveengine/graph/conflicts/ConflictHandler
instanceKlass org/gradle/api/internal/artifacts/ivyservice/resolveengine/graph/builder/DependencyGraphBuilder
instanceKlass org/gradle/api/internal/artifacts/ivyservice/resolveengine/ModuleConflictResolver
instanceKlass org/gradle/api/internal/artifacts/ivyservice/dependencysubstitution/DependencySubstitutionApplicator
instanceKlass org/gradle/api/internal/artifacts/ivyservice/resolveengine/DependencyGraphResolver
instanceKlass org/gradle/api/artifacts/query/ArtifactResolutionQuery
instanceKlass org/gradle/api/internal/artifacts/query/DefaultArtifactResolutionQueryFactory
instanceKlass org/gradle/api/internal/artifacts/DefaultComponentSelectorConverter
instanceKlass org/gradle/api/internal/artifacts/transform/VariantDefinition
instanceKlass org/gradle/api/internal/artifacts/transform/ConsumerProvidedVariantFinder
instanceKlass org/gradle/api/internal/artifacts/ivyservice/projectmodule/ProjectDependencyResolver
instanceKlass org/gradle/internal/resolve/resolver/DependencyToComponentIdResolver
instanceKlass org/gradle/internal/resolve/resolver/ComponentMetaDataResolver
instanceKlass org/gradle/api/internal/artifacts/ivyservice/projectmodule/DefaultLocalComponentRegistry
instanceKlass org/gradle/api/internal/artifacts/ivyservice/projectmodule/LocalComponentRegistry
instanceKlass org/gradle/api/internal/artifacts/ComponentSelectorConverter
instanceKlass org/gradle/api/internal/artifacts/configurations/CachePolicy
instanceKlass org/gradle/api/internal/artifacts/ResolveExceptionMapper
instanceKlass org/gradle/api/internal/artifacts/ivyservice/moduleconverter/DefaultRootComponentMetadataBuilder
instanceKlass org/gradle/api/internal/artifacts/ivyservice/moduleconverter/RootComponentMetadataBuilder
instanceKlass org/gradle/api/internal/artifacts/transform/DefaultTransformedVariantFactory$VariantKey
instanceKlass org/gradle/api/internal/artifacts/ivyservice/resolveengine/artifact/ResolvedArtifactSet$TransformSourceVisitor
instanceKlass org/gradle/api/internal/artifacts/transform/DefaultTransformedVariantFactory
instanceKlass org/gradle/api/internal/artifacts/transform/TransformedVariantFactory
instanceKlass org/gradle/api/file/ProjectLayout
instanceKlass org/gradle/api/artifacts/dsl/DependencyHandler
instanceKlass org/gradle/api/internal/artifacts/query/ArtifactResolutionQueryFactory
instanceKlass org/gradle/api/artifacts/dsl/ArtifactHandler
instanceKlass org/gradle/api/internal/artifacts/dsl/PublishArtifactNotationParserFactory
instanceKlass org/gradle/api/internal/artifacts/dsl/DefaultComponentMetadataHandler
instanceKlass org/gradle/api/artifacts/dsl/ComponentMetadataHandler
instanceKlass org/gradle/api/artifacts/dsl/DependencyConstraintHandler
instanceKlass org/gradle/api/artifacts/dsl/DependencyLockingHandler
instanceKlass org/gradle/api/internal/artifacts/type/ArtifactTypeRegistry
instanceKlass org/gradle/api/internal/artifacts/ivyservice/ResolutionExecutor
instanceKlass org/gradle/api/internal/artifacts/RepositoriesSupplier
instanceKlass org/gradle/internal/component/resolution/failure/ResolutionFailureHandler
instanceKlass org/gradle/internal/component/resolution/failure/transform/TransformedVariantConverter
instanceKlass org/gradle/api/internal/artifacts/configurations/ConfigurationContainerInternal
instanceKlass org/gradle/api/internal/artifacts/configurations/RoleBasedConfigurationContainerInternal
instanceKlass org/gradle/api/internal/artifacts/configurations/ResolutionStrategyFactory
instanceKlass org/gradle/api/internal/artifacts/configurations/DefaultConfigurationFactory
instanceKlass org/gradle/api/internal/artifacts/ivyservice/moduleconverter/DefaultRootComponentMetadataBuilder$Factory
instanceKlass org/gradle/api/internal/artifacts/GlobalDependencyResolutionRules
instanceKlass org/gradle/api/internal/artifacts/repositories/DefaultUrlArtifactRepository$Factory
instanceKlass org/gradle/api/internal/artifacts/ComponentMetadataProcessorFactory
instanceKlass org/gradle/api/internal/artifacts/dsl/ComponentMetadataHandlerInternal
instanceKlass org/gradle/api/internal/artifacts/ComponentModuleMetadataHandlerInternal
instanceKlass org/gradle/api/artifacts/dsl/ComponentModuleMetadataHandler
instanceKlass org/gradle/api/internal/artifacts/dsl/dependencies/UnknownProjectFinder
instanceKlass  @bci org/gradle/api/internal/artifacts/DefaultDependencyManagementServices lambda$newDetachedResolver$2 (Lorg/gradle/api/internal/file/FileResolver;Lorg/gradle/api/internal/file/FileCollectionFactory;Lorg/gradle/api/internal/artifacts/Module;Lorg/gradle/api/internal/DomainObjectContext;Lorg/gradle/internal/service/ServiceRegistration;)V 25 <appendix> member <vmtarget> ; # org/gradle/api/internal/artifacts/DefaultDependencyManagementServices$$Lambda+0x000001fb9e4833d0
instanceKlass org/gradle/api/internal/artifacts/transform/MutableTransformWorkspaceServices
instanceKlass org/gradle/internal/file/ReservedFileSystemLocation
instanceKlass org/gradle/api/internal/attributes/AttributesSchemaInternal
instanceKlass org/gradle/api/attributes/AttributesSchema
instanceKlass org/gradle/internal/component/external/model/VariantDerivationStrategy
instanceKlass org/gradle/api/internal/artifacts/ConfigurationResolver
instanceKlass org/gradle/api/internal/artifacts/ArtifactPublicationServices
instanceKlass org/gradle/api/internal/artifacts/dsl/dependencies/DependencyLockingProvider
instanceKlass org/gradle/api/internal/artifacts/BaseRepositoryFactory
instanceKlass org/gradle/api/internal/artifacts/ivyservice/ivyresolve/parser/MetaDataParser
instanceKlass org/gradle/api/internal/artifacts/transform/TransformRegistrationFactory
instanceKlass org/gradle/api/internal/artifacts/transform/TransformInvocationFactory
instanceKlass org/gradle/api/internal/artifacts/VariantTransformRegistry
instanceKlass org/gradle/api/internal/artifacts/DefaultDependencyManagementServices$DependencyResolutionScopeServices
instanceKlass org/gradle/api/internal/artifacts/DefaultDependencyManagementServices$TransformGradleUserHomeServices
instanceKlass  @bci org/gradle/api/internal/artifacts/DefaultDependencyManagementServices newDetachedResolver (Lorg/gradle/api/internal/file/FileResolver;Lorg/gradle/api/internal/file/FileCollectionFactory;Lorg/gradle/api/internal/DomainObjectContext;Lorg/gradle/api/internal/artifacts/Module;)Lorg/gradle/api/internal/artifacts/DependencyResolutionServices; 15 <appendix> member <vmtarget> ; # org/gradle/api/internal/artifacts/DefaultDependencyManagementServices$$Lambda+0x000001fb9e4816c8
instanceKlass  @cpi org/gradle/api/internal/artifacts/DefaultDependencyManagementServices 193 form vmentry <vmtarget> ; # java/lang/invoke/LambdaForm$DMH+0x000001fb9e48d400
instanceKlass org/gradle/api/internal/artifacts/DefaultModuleIdentifier
instanceKlass org/gradle/api/internal/artifacts/AnonymousModule
instanceKlass org/gradle/internal/model/CalculatedModelValue
instanceKlass org/gradle/api/internal/initialization/StandaloneDomainObjectContext
# instanceKlass java/lang/invoke/LambdaForm$MH+0x000001fb9e48d000
# instanceKlass java/lang/invoke/LambdaForm$MH+0x000001fb9e48cc00
# instanceKlass java/lang/invoke/LambdaForm$MH+0x000001fb9e48c800
# instanceKlass java/lang/invoke/LambdaForm$MH+0x000001fb9e48c400
# instanceKlass java/lang/invoke/LambdaForm$DMH+0x000001fb9e48c000
instanceKlass org/gradle/internal/resource/UriTextResource$UriResourceLocation
instanceKlass  @bci org/gradle/invocation/DefaultGradle getClassLoaderScope ()Lorg/gradle/api/internal/initialization/ClassLoaderScope; 9 <appendix> member <vmtarget> ; # org/gradle/invocation/DefaultGradle$$Lambda+0x000001fb9e4893d8
instanceKlass org/gradle/groovy/scripts/TextResourceScriptSource
instanceKlass org/gradle/internal/resource/ResourceLocation
instanceKlass org/gradle/internal/resource/UriTextResource
instanceKlass org/gradle/initialization/InitScriptHandler$1
instanceKlass org/gradle/initialization/DirectoryInitScriptFinder
instanceKlass org/gradle/initialization/CompositeInitScriptFinder
instanceKlass org/gradle/initialization/InitScriptFinder
instanceKlass org/gradle/initialization/DefaultGradlePropertiesController$Loaded
instanceKlass kotlin/text/StringsKt__AppendableKt
instanceKlass org/gradle/internal/extensions/stdlib/MapExtensionsKt
instanceKlass org/gradle/internal/cc/impl/services/DefaultEnvironment$DefaultProperties
instanceKlass org/gradle/initialization/Environment$Properties
instanceKlass org/gradle/initialization/DefaultGradleProperties
instanceKlass org/gradle/internal/extensions/stdlib/CastExtensionsKt
instanceKlass org/gradle/initialization/DefaultSettingsLoader
instanceKlass org/gradle/initialization/SettingsAttachingSettingsLoader
instanceKlass org/gradle/internal/composite/CommandLineIncludedBuildSettingsLoader
instanceKlass org/gradle/internal/composite/ChildBuildRegisteringSettingsLoader
instanceKlass org/gradle/internal/composite/CompositeBuildSettingsLoader
instanceKlass org/gradle/initialization/InitScriptHandlingSettingsLoader
instanceKlass org/gradle/api/internal/initialization/CacheConfigurationsHandlingSettingsLoader
instanceKlass org/gradle/initialization/GradlePropertiesHandlingSettingsLoader
instanceKlass org/gradle/initialization/BuildOperationFiringSettingsPreparer$LoadBuild$1
instanceKlass org/gradle/initialization/LoadBuildBuildOperationType$Details
instanceKlass org/gradle/initialization/BuildOperationFiringSettingsPreparer$LoadBuild
instanceKlass org/gradle/initialization/BuildOperationFiringSettingsPreparer$2
instanceKlass org/gradle/initialization/BuildIdentifiedProgressDetails
instanceKlass  @bci org/gradle/internal/model/StateTransitionController doTransition (Lorg/gradle/internal/model/StateTransitionController$State;Lorg/gradle/internal/model/StateTransitionController$State;Ljava/lang/Runnable;)V 4 <appendix> member <vmtarget> ; # org/gradle/internal/model/StateTransitionController$$Lambda+0x000001fb9e47e860
instanceKlass  @bci org/gradle/internal/model/StateTransitionController transitionIfNotPreviously (Lorg/gradle/internal/model/StateTransitionController$State;Lorg/gradle/internal/model/StateTransitionController$State;Ljava/lang/Runnable;)V 8 <appendix> member <vmtarget> ; # org/gradle/internal/model/StateTransitionController$$Lambda+0x000001fb9e47e638
instanceKlass  @bci org/gradle/initialization/VintageBuildModelController prepareSettings ()V 11 <appendix> member <vmtarget> ; # org/gradle/initialization/VintageBuildModelController$$Lambda+0x000001fb9e47e410
instanceKlass  @bci org/gradle/internal/model/StateTransitionController notInState (Lorg/gradle/internal/model/StateTransitionController$State;Ljava/util/function/Supplier;)Ljava/lang/Object; 7 <appendix> member <vmtarget> ; # org/gradle/internal/model/StateTransitionController$$Lambda+0x000001fb9e47e1e8
instanceKlass  @bci org/gradle/internal/build/DefaultBuildLifecycleController withProjectsConfigured (Ljava/util/function/Function;)Ljava/lang/Object; 9 <appendix> member <vmtarget> ; # org/gradle/internal/build/DefaultBuildLifecycleController$$Lambda+0x000001fb9e47dfc0
instanceKlass  @bci org/gradle/internal/build/DefaultBuildToolingModelController locateBuilderForTarget (Ljava/lang/String;Z)Lorg/gradle/tooling/provider/model/internal/ToolingModelScope; 33 <appendix> argL0 ; # org/gradle/internal/build/DefaultBuildToolingModelController$$Lambda+0x000001fb9e47dd80
instanceKlass org/gradle/plugins/ide/internal/tooling/idea/IsolatedIdeaModuleInternal
instanceKlass org/gradle/plugins/ide/internal/tooling/model/IsolatedGradleProjectInternal
instanceKlass org/gradle/tooling/model/cpp/CppProject
instanceKlass org/gradle/tooling/model/ProjectModel
instanceKlass org/gradle/tooling/provider/model/internal/PluginApplyingBuilder
instanceKlass org/gradle/plugins/ide/idea/model/IdeaModule
instanceKlass org/apache/commons/lang/text/StrTokenizer
instanceKlass org/apache/commons/lang/text/StrBuilder
instanceKlass org/gradle/plugins/ide/internal/tooling/IsolatedIdeaModuleInternalBuilder
instanceKlass org/gradle/plugins/ide/internal/tooling/IsolatedGradleProjectInternalBuilder
instanceKlass org/gradle/plugins/ide/internal/tooling/BuildEnvironmentBuilder
instanceKlass org/gradle/tooling/model/GradleModuleVersion
instanceKlass org/gradle/plugins/ide/internal/tooling/PublicationsBuilder
instanceKlass org/gradle/plugins/ide/internal/tooling/model/TaskNameComparator
instanceKlass org/gradle/plugins/ide/internal/tooling/BuildInvocationsBuilder
instanceKlass org/gradle/plugins/ide/internal/tooling/BasicIdeaModelBuilder
instanceKlass org/gradle/plugins/ide/internal/tooling/model/PartialBasicGradleProject
instanceKlass org/gradle/plugins/ide/internal/tooling/GradleBuildBuilder
instanceKlass org/gradle/plugins/ide/internal/configurer/HierarchicalElementAdapter
instanceKlass org/gradle/plugins/ide/internal/configurer/EclipseModelAwareUniqueProjectNameProvider
instanceKlass org/gradle/plugins/ide/eclipse/model/AbstractClasspathEntry
instanceKlass org/gradle/plugins/ide/eclipse/model/ClasspathEntry
instanceKlass org/objectweb/asm/Opcodes
instanceKlass org/objectweb/asm/Context
instanceKlass org/objectweb/asm/ClassReader
instanceKlass com/google/common/io/ByteArrayDataOutput
instanceKlass com/google/common/io/ByteArrayDataInput
instanceKlass com/google/common/io/ByteStreams
instanceKlass org/gradle/plugins/ide/internal/tooling/EclipseModelBuilder
instanceKlass org/gradle/plugins/ide/internal/tooling/RunEclipseTasksBuilder
instanceKlass org/gradle/plugins/ide/internal/tooling/RunBuildDependenciesTaskBuilder
instanceKlass org/gradle/tooling/provider/model/ParameterizedToolingModelBuilder
instanceKlass org/gradle/tooling/model/idea/IdeaCompilerOutput
instanceKlass org/gradle/tooling/model/idea/IdeaLanguageLevel
instanceKlass org/gradle/plugins/ide/internal/tooling/IdeaModelBuilder
instanceKlass org/gradle/plugins/ide/internal/tooling/model/LaunchableGradleTask
instanceKlass org/gradle/tooling/internal/protocol/InternalLaunchable
instanceKlass org/gradle/tooling/internal/gradle/GradleProjectIdentity
instanceKlass org/gradle/tooling/internal/gradle/GradleBuildIdentity
instanceKlass org/gradle/plugins/ide/internal/tooling/GradleProjectBuilder
instanceKlass org/gradle/tooling/internal/protocol/cpp/InternalCppTestSuite
instanceKlass org/gradle/tooling/internal/protocol/cpp/InternalCppLibrary
instanceKlass org/gradle/tooling/internal/protocol/cpp/InternalCppApplication
instanceKlass org/gradle/language/cpp/internal/tooling/DefaultCppComponentModel
instanceKlass org/gradle/language/cpp/CppComponent
instanceKlass org/gradle/language/ComponentWithTargetMachines
instanceKlass org/gradle/language/ComponentWithDependencies
instanceKlass org/gradle/language/ComponentWithBinaries
instanceKlass org/gradle/language/cpp/internal/tooling/CppModelBuilder
instanceKlass org/gradle/declarative/dsl/tooling/builders/DeclarativeSchemaModelBuilder
instanceKlass org/gradle/tooling/provider/model/internal/BuildScopeModelBuilder
instanceKlass  @bci org/gradle/internal/service/scopes/BuildScopeServices createBuildScopedToolingModelBuilders (Ljava/util/List;Lorg/gradle/internal/operations/BuildOperationRunner;Lorg/gradle/api/internal/project/ProjectStateRegistry;Lorg/gradle/internal/code/UserCodeApplicationContext;)Lorg/gradle/tooling/provider/model/internal/DefaultToolingModelBuilderRegistry; 18 <appendix> member <vmtarget> ; # org/gradle/internal/service/scopes/BuildScopeServices$$Lambda+0x000001fb9e470e48
instanceKlass org/gradle/tooling/provider/model/internal/DefaultToolingModelBuilderRegistry$RegistrationImpl
instanceKlass org/gradle/tooling/provider/model/internal/DefaultToolingModelBuilderRegistry$VoidToolingModelBuilder
instanceKlass org/gradle/tooling/provider/model/internal/ToolingModelBuilderLookup$Builder
instanceKlass org/gradle/tooling/provider/model/internal/ToolingModelBuilderLookup$Registration
# instanceKlass java/lang/invoke/LambdaForm$MH+0x000001fb9e476c00
# instanceKlass java/lang/invoke/LambdaForm$MH+0x000001fb9e476800
# instanceKlass java/lang/invoke/LambdaForm$MH+0x000001fb9e476400
# instanceKlass java/lang/invoke/LambdaForm$MH+0x000001fb9e476000
instanceKlass org/gradle/plugins/ide/internal/tooling/IdeaModelBuilderInternal
instanceKlass org/gradle/plugins/ide/internal/tooling/GradleProjectBuilderInternal
instanceKlass org/gradle/plugins/ide/internal/tooling/ToolingModelServices$BuildScopeToolingServices$1
# instanceKlass java/lang/invoke/LambdaForm$MH+0x000001fb9e475c00
# instanceKlass java/lang/invoke/LambdaForm$MH+0x000001fb9e475800
# instanceKlass java/lang/invoke/LambdaForm$MH+0x000001fb9e475400
# instanceKlass java/lang/invoke/LambdaForm$MH+0x000001fb9e475000
# instanceKlass java/lang/invoke/LambdaForm$MH+0x000001fb9e474c00
# instanceKlass java/lang/invoke/LambdaForm$MH+0x000001fb9e474800
# instanceKlass java/lang/invoke/LambdaForm$MH+0x000001fb9e474400
# instanceKlass java/lang/invoke/LambdaForm$MH+0x000001fb9e474000
instanceKlass org/gradle/tooling/provider/model/internal/DefaultIntermediateToolingModelProvider
instanceKlass org/gradle/tooling/provider/model/internal/ToolingModelProjectDependencyListener
instanceKlass org/gradle/api/internal/project/DefaultProjectTaskLister
instanceKlass org/gradle/declarative/dsl/tooling/builders/internal/BuildScopeToolingServices$createIdeBuildScopeToolingModelBuilderRegistryAction$1
# instanceKlass java/lang/invoke/LambdaForm$MH+0x000001fb9e46cc00
instanceKlass org/gradle/plugin/software/internal/DefaultSoftwareTypeRegistry
instanceKlass  @bci org/gradle/internal/properties/bean/DefaultPropertyWalker <init> (Lorg/gradle/internal/properties/annotations/TypeMetadataStore;Lorg/gradle/internal/properties/bean/ImplementationResolver;Ljava/util/Collection;)V 26 <appendix> argL0 ; # org/gradle/internal/properties/bean/DefaultPropertyWalker$$Lambda+0x000001fb9e46f5d0
instanceKlass  @bci org/gradle/internal/properties/annotations/AbstractTypeMetadataWalker$InstanceTypeMetadataWalker <init> (Lorg/gradle/internal/properties/annotations/TypeMetadataStore;Ljava/lang/Class;)V 3 <appendix> argL0 ; # org/gradle/internal/properties/annotations/AbstractTypeMetadataWalker$InstanceTypeMetadataWalker$$Lambda+0x000001fb9e46f3b0
instanceKlass org/gradle/internal/properties/annotations/AbstractTypeMetadataWalker
instanceKlass org/gradle/internal/properties/annotations/TypeMetadataWalker$StaticMetadataWalker
instanceKlass org/gradle/internal/properties/annotations/TypeMetadataWalker$InstanceMetadataWalker
instanceKlass org/gradle/internal/properties/annotations/TypeMetadataWalker
instanceKlass org/gradle/api/internal/tasks/properties/ScriptSourceAwareImplementationResolver
instanceKlass org/gradle/internal/properties/annotations/TypeMetadataWalker$TypeMetadataVisitor
instanceKlass org/gradle/internal/properties/bean/DefaultPropertyWalker
instanceKlass  @bci java/util/function/Predicate isEqual (Ljava/lang/Object;)Ljava/util/function/Predicate; 14 <appendix> member <vmtarget> ; # java/util/function/Predicate$$Lambda+0x000001fb9e1ef1a8
instanceKlass  @bci org/gradle/internal/properties/annotations/DefaultTypeMetadataStore calculateDisplayName (Ljava/util/Collection;)Ljava/lang/String; 6 <appendix> argL0 ; # org/gradle/internal/properties/annotations/DefaultTypeMetadataStore$$Lambda+0x000001fb9e46e000
instanceKlass  @bci org/gradle/internal/properties/annotations/DefaultTypeMetadataStore <init> (Ljava/util/Collection;Ljava/util/Collection;Ljava/util/Collection;Ljava/util/Collection;Ljava/util/Collection;Lorg/gradle/internal/reflect/annotations/TypeAnnotationMetadataStore;Lorg/gradle/internal/properties/annotations/PropertyTypeResolver;Lorg/gradle/cache/internal/ClassCacheFactory;Lorg/gradle/internal/properties/annotations/MissingPropertyAnnotationHandler;)V 36 <appendix> argL0 ; # org/gradle/internal/properties/annotations/DefaultTypeMetadataStore$$Lambda+0x000001fb9e46bd48
instanceKlass  @bci org/gradle/internal/properties/annotations/DefaultTypeMetadataStore <init> (Ljava/util/Collection;Ljava/util/Collection;Ljava/util/Collection;Ljava/util/Collection;Ljava/util/Collection;Lorg/gradle/internal/reflect/annotations/TypeAnnotationMetadataStore;Lorg/gradle/internal/properties/annotations/PropertyTypeResolver;Lorg/gradle/cache/internal/ClassCacheFactory;Lorg/gradle/internal/properties/annotations/MissingPropertyAnnotationHandler;)V 14 <appendix> argL0 ; # org/gradle/internal/properties/annotations/DefaultTypeMetadataStore$$Lambda+0x000001fb9e46bae8
instanceKlass org/gradle/internal/properties/annotations/FunctionMetadata
instanceKlass org/gradle/internal/properties/annotations/PropertyMetadata
instanceKlass org/gradle/internal/properties/annotations/TypeMetadata
instanceKlass org/gradle/internal/properties/annotations/DefaultTypeMetadataStore
instanceKlass org/gradle/api/internal/tasks/properties/DefaultPropertyTypeResolver
instanceKlass org/gradle/internal/properties/annotations/TypeMetadataStore
instanceKlass org/gradle/internal/properties/bean/ImplementationResolver
instanceKlass org/gradle/internal/properties/annotations/PropertyTypeResolver
instanceKlass org/gradle/api/internal/tasks/properties/InspectionSchemeFactory$InspectionSchemeImpl
instanceKlass  @bci org/gradle/internal/properties/annotations/MissingPropertyAnnotationHandler <clinit> ()V 8 <appendix> argL0 ; # org/gradle/internal/properties/annotations/MissingPropertyAnnotationHandler$$Lambda+0x000001fb9e46a630
instanceKlass  @bci org/gradle/internal/properties/annotations/MissingPropertyAnnotationHandler <clinit> ()V 0 <appendix> argL0 ; # org/gradle/internal/properties/annotations/MissingPropertyAnnotationHandler$$Lambda+0x000001fb9e46a410
instanceKlass org/gradle/internal/reflect/annotations/PropertyAnnotationMetadata
instanceKlass org/gradle/internal/properties/annotations/MissingPropertyAnnotationHandler
instanceKlass org/gradle/api/internal/tasks/properties/InspectionScheme
# instanceKlass java/lang/invoke/LambdaForm$MH+0x000001fb9e46c800
# instanceKlass java/lang/invoke/LambdaForm$MH+0x000001fb9e46c400
# instanceKlass java/lang/invoke/LambdaForm$MH+0x000001fb9e46c000
instanceKlass org/apache/commons/lang/builder/HashCodeBuilder
instanceKlass com/google/common/base/Equivalence$Wrapper
instanceKlass org/gradle/internal/reflect/Methods
instanceKlass org/gradle/internal/lazy/FixedLazy
instanceKlass  @bci org/gradle/internal/reflect/annotations/impl/DefaultTypeAnnotationMetadataStore collectIgnoredPackagePrefixes (Ljava/util/Collection;)Lcom/google/common/collect/ImmutableSet; 6 <appendix> argL0 ; # org/gradle/internal/reflect/annotations/impl/DefaultTypeAnnotationMetadataStore$$Lambda+0x000001fb9e467730
instanceKlass  @bci org/gradle/internal/service/scopes/ExecutionGlobalServices createAnnotationMetadataStore (Lorg/gradle/cache/internal/CrossBuildInMemoryCacheFactory;Lorg/gradle/internal/service/scopes/ExecutionGlobalServices$AnnotationHandlerRegistar;)Lorg/gradle/internal/reflect/annotations/TypeAnnotationMetadataStore; 110 <appendix> argL0 ; # org/gradle/internal/service/scopes/ExecutionGlobalServices$$Lambda+0x000001fb9e4674e0
instanceKlass org/gradle/internal/scripts/ScriptOrigin
instanceKlass org/gradle/api/internal/DomainObjectCollectionInternal
instanceKlass org/gradle/internal/metaobject/PropertyMixIn
instanceKlass org/gradle/internal/metaobject/MethodMixIn
instanceKlass org/gradle/util/internal/ConfigureUtil$WrappedConfigureAction
instanceKlass  @bci java/util/stream/Collectors uniqKeysMapMerger ()Ljava/util/function/BinaryOperator; 0 <appendix> argL0 ; # java/util/stream/Collectors$$Lambda+0x000001fb9e1eef60
instanceKlass  @bci java/util/stream/Collectors uniqKeysMapAccumulator (Ljava/util/function/Function;Ljava/util/function/Function;)Ljava/util/function/BiConsumer; 2 <appendix> member <vmtarget> ; # java/util/stream/Collectors$$Lambda+0x000001fb9e1eed28
instanceKlass  @bci java/util/stream/Collectors toMap (Ljava/util/function/Function;Ljava/util/function/Function;)Ljava/util/stream/Collector; 4 <appendix> argL0 ; # java/util/stream/Collectors$$Lambda+0x000001fb9e1eeb08
instanceKlass  @bci org/gradle/internal/service/scopes/ExecutionGlobalServices createAnnotationMetadataStore (Lorg/gradle/cache/internal/CrossBuildInMemoryCacheFactory;Lorg/gradle/internal/service/scopes/ExecutionGlobalServices$AnnotationHandlerRegistar;)Lorg/gradle/internal/reflect/annotations/TypeAnnotationMetadataStore; 54 <appendix> argL0 ; # org/gradle/internal/service/scopes/ExecutionGlobalServices$$Lambda+0x000001fb9e4657f0
instanceKlass  @bci org/gradle/internal/service/scopes/ExecutionGlobalServices createAnnotationMetadataStore (Lorg/gradle/cache/internal/CrossBuildInMemoryCacheFactory;Lorg/gradle/internal/service/scopes/ExecutionGlobalServices$AnnotationHandlerRegistar;)Lorg/gradle/internal/reflect/annotations/TypeAnnotationMetadataStore; 49 <appendix> argL0 ; # org/gradle/internal/service/scopes/ExecutionGlobalServices$$Lambda+0x000001fb9e4655b0
instanceKlass org/gradle/internal/reflect/annotations/AnnotationCategory$1
instanceKlass org/gradle/api/internal/plugins/software/RegistersSoftwareTypes
instanceKlass org/gradle/internal/reflect/annotations/impl/DefaultTypeAnnotationMetadataStore$1
instanceKlass org/gradle/internal/reflect/validation/TypeValidationContext
instanceKlass org/gradle/internal/reflect/annotations/HasAnnotationMetadata
instanceKlass org/gradle/internal/reflect/annotations/TypeAnnotationMetadata
instanceKlass org/gradle/internal/reflect/annotations/impl/DefaultTypeAnnotationMetadataStore
instanceKlass  @bci org/gradle/internal/service/scopes/ExecutionGlobalServices lambda$createAnnotationRegistry$1 (Ljava/util/List;Lcom/google/common/collect/ImmutableSet$Builder;)V 2 <appendix> member <vmtarget> ; # org/gradle/internal/service/scopes/ExecutionGlobalServices$$Lambda+0x000001fb9e464498
instanceKlass  @bci org/gradle/internal/service/scopes/ExecutionGlobalServices createAnnotationRegistry (Ljava/util/List;)Lorg/gradle/internal/service/scopes/ExecutionGlobalServices$AnnotationHandlerRegistar; 1 <appendix> member <vmtarget> ; # org/gradle/internal/service/scopes/ExecutionGlobalServices$$Lambda+0x000001fb9e464270
instanceKlass org/gradle/api/tasks/UntrackedTask
instanceKlass org/gradle/work/DisableCachingByDefault
instanceKlass org/gradle/api/tasks/CacheableTask
instanceKlass org/gradle/api/artifacts/transform/CacheableTransform
instanceKlass org/gradle/internal/properties/annotations/AbstractTypeAnnotationHandler
instanceKlass org/gradle/internal/build/DefaultBuildToolingModelController
instanceKlass  @bci org/gradle/internal/buildtree/DefaultBuildTreeModelCreator$DefaultBuildTreeModelController locateBuilderForBuildTarget (Lorg/gradle/internal/build/BuildState;Ljava/lang/String;Z)Lorg/gradle/tooling/provider/model/internal/ToolingModelScope; 3 <appendix> member <vmtarget> ; # org/gradle/internal/buildtree/DefaultBuildTreeModelCreator$DefaultBuildTreeModelController$$Lambda+0x000001fb9e45ce90
instanceKlass org/gradle/tooling/provider/model/internal/ToolingModelScope
instanceKlass org/gradle/internal/build/BuildToolingModelController
instanceKlass org/gradle/internal/buildtree/DefaultBuildTreeModelCreator$DefaultBuildTreeModelController$1
instanceKlass org/gradle/tooling/internal/consumer/versioning/ModelMapping$DefaultModelIdentifier
instanceKlass org/gradle/tooling/model/eclipse/RunEclipseSynchronizationTasks
instanceKlass org/gradle/tooling/internal/adapter/ProtocolToModelAdapter$2
instanceKlass org/gradle/tooling/internal/adapter/WeakIdentityHashMap
instanceKlass org/gradle/tooling/internal/adapter/WeakIdentityHashMap$AbsentValueProvider
instanceKlass org/gradle/tooling/internal/adapter/ProtocolToModelAdapter$ViewGraphDetails
instanceKlass org/gradle/tooling/model/gradle/ProjectPublications
instanceKlass org/gradle/tooling/model/build/BuildEnvironment
instanceKlass org/gradle/tooling/model/idea/BasicIdeaProject
instanceKlass org/gradle/tooling/model/GradleProject
instanceKlass org/gradle/tooling/model/BuildableElement
instanceKlass org/gradle/tooling/model/idea/IdeaProject
instanceKlass org/gradle/tooling/internal/protocol/ModelIdentifier
instanceKlass org/gradle/tooling/internal/consumer/versioning/ModelMapping
instanceKlass org/gradle/internal/exceptions/NonGradleCauseExceptionsHolder
instanceKlass org/gradle/internal/exceptions/MultiCauseException
instanceKlass org/gradle/internal/exceptions/ResolutionProvider
instanceKlass org/gradle/tooling/internal/consumer/connection/HasCompatibilityMapping
instanceKlass org/gradle/tooling/internal/consumer/converters/BackwardsCompatibleIdeaModuleDependency
instanceKlass org/gradle/tooling/model/idea/IdeaModuleDependency
instanceKlass org/gradle/tooling/model/idea/IdeaSingleEntryLibraryDependency
instanceKlass org/gradle/tooling/model/ExternalDependency
instanceKlass org/gradle/tooling/model/idea/IdeaDependency
instanceKlass org/gradle/tooling/model/Dependency
instanceKlass org/gradle/tooling/internal/consumer/converters/ConsumerTargetTypeProvider
instanceKlass org/gradle/tooling/internal/adapter/CollectionMapper
instanceKlass org/gradle/tooling/internal/adapter/TypeInspector
instanceKlass org/gradle/internal/time/DefaultTimer
instanceKlass org/gradle/internal/time/TimeSource$1
instanceKlass org/gradle/internal/time/TimeSource
instanceKlass org/gradle/internal/time/MonotonicClock
instanceKlass org/gradle/internal/time/CountdownTimer
instanceKlass org/gradle/internal/time/Timer
instanceKlass org/gradle/internal/time/Clock
instanceKlass org/gradle/internal/time/Time
instanceKlass java/util/concurrent/locks/ReentrantReadWriteLock$WriteLock
instanceKlass java/util/concurrent/locks/ReentrantReadWriteLock$ReadLock
instanceKlass java/util/concurrent/locks/ReentrantReadWriteLock
instanceKlass java/util/concurrent/locks/ReadWriteLock
instanceKlass org/gradle/tooling/internal/adapter/ProtocolToModelAdapter$MethodInvocationCache
instanceKlass org/gradle/tooling/internal/adapter/ProtocolToModelAdapter$ReflectionMethodInvoker
instanceKlass org/gradle/tooling/internal/adapter/MethodInvoker
instanceKlass org/gradle/tooling/internal/adapter/ProtocolToModelAdapter$1
instanceKlass org/gradle/tooling/internal/adapter/ProtocolToModelAdapter$NoOpDecoration
instanceKlass org/gradle/tooling/internal/adapter/ViewBuilder
instanceKlass org/gradle/tooling/internal/adapter/ProtocolToModelAdapter$ViewDecoration
instanceKlass org/gradle/tooling/internal/adapter/ProtocolToModelAdapter
instanceKlass org/gradle/tooling/internal/adapter/ObjectGraphAdapter
instanceKlass org/gradle/internal/buildtree/BuildTreeModelTarget
instanceKlass org/gradle/tooling/internal/protocol/BuildResult
instanceKlass org/gradle/tooling/internal/provider/runner/DefaultBuildController
instanceKlass org/gradle/tooling/internal/protocol/InternalStreamedValueRelay
instanceKlass org/gradle/tooling/internal/protocol/InternalActionAwareBuildController
instanceKlass org/gradle/internal/buildtree/DefaultBuildTreeModelCreator$DefaultBuildTreeModelController
instanceKlass  @bci org/gradle/internal/model/StateTransitionController lambda$transition$7 (Lorg/gradle/internal/model/StateTransitionController$State;Lorg/gradle/internal/model/StateTransitionController$State;Ljava/util/function/Supplier;)Ljava/lang/Object; 4 <appendix> member <vmtarget> ; # org/gradle/internal/model/StateTransitionController$$Lambda+0x000001fb9e44ab88
instanceKlass  @bci org/gradle/internal/model/StateTransitionController transition (Lorg/gradle/internal/model/StateTransitionController$State;Lorg/gradle/internal/model/StateTransitionController$State;Ljava/util/function/Supplier;)Ljava/lang/Object; 8 <appendix> member <vmtarget> ; # org/gradle/internal/model/StateTransitionController$$Lambda+0x000001fb9e44a960
instanceKlass  @bci org/gradle/internal/buildtree/DefaultBuildTreeLifecycleController runBuild (Ljava/util/function/Supplier;)Ljava/lang/Object; 12 <appendix> member <vmtarget> ; # org/gradle/internal/buildtree/DefaultBuildTreeLifecycleController$$Lambda+0x000001fb9e44a738
instanceKlass  @bci org/gradle/internal/buildtree/DefaultBuildTreeLifecycleController fromBuildModel (ZLorg/gradle/internal/buildtree/BuildTreeModelAction;)Ljava/lang/Object; 4 <adapter> ; # java/lang/invoke/LambdaForm$MH+0x000001fb9e458000
# instanceKlass java/lang/invoke/LambdaForm$DMH+0x000001fb9e453c00
instanceKlass  @bci org/gradle/internal/buildtree/DefaultBuildTreeLifecycleController fromBuildModel (ZLorg/gradle/internal/buildtree/BuildTreeModelAction;)Ljava/lang/Object; 4 <appendix> form vmentry <vmtarget> ; # java/lang/invoke/LambdaForm$DMH+0x000001fb9e453800
instanceKlass  @bci org/gradle/internal/buildtree/DefaultBuildTreeLifecycleController fromBuildModel (ZLorg/gradle/internal/buildtree/BuildTreeModelAction;)Ljava/lang/Object; 4 <appendix> member <vmtarget> ; # org/gradle/internal/buildtree/DefaultBuildTreeLifecycleController$$Lambda+0x000001fb9e44a510
instanceKlass org/gradle/internal/build/ExecutionResult
instanceKlass org/gradle/tooling/internal/provider/runner/AbstractClientProvidedBuildActionRunner$ActionAdapter
instanceKlass org/gradle/tooling/internal/provider/runner/ClientProvidedPhasedActionRunner$ClientActionImpl
instanceKlass org/gradle/tooling/model/eclipse/RunClosedProjectBuildDependencies
instanceKlass org/eclipse/buildship/core/internal/workspace/TellGradleToRunSynchronizationTasks
instanceKlass org/eclipse/buildship/core/internal/workspace/BuildActionSequence
instanceKlass org/gradle/util/GradleVersion
instanceKlass org/eclipse/buildship/core/internal/workspace/DefaultEclipseWorkspaceProject
instanceKlass org/gradle/tooling/model/eclipse/EclipseWorkspaceProject
instanceKlass org/gradle/internal/serialize/ExceptionPlaceholder
instanceKlass org/eclipse/buildship/core/internal/workspace/DefaultEclipseWorkspace
instanceKlass org/gradle/tooling/model/eclipse/EclipseRuntime
instanceKlass org/gradle/tooling/model/eclipse/EclipseWorkspace
instanceKlass org/eclipse/buildship/core/internal/workspace/EclipseRuntimeConfigurer
instanceKlass org/gradle/tooling/model/eclipse/EclipseProject
instanceKlass org/gradle/tooling/model/eclipse/HierarchicalEclipseProject
instanceKlass org/gradle/tooling/model/HasGradleProject
instanceKlass org/gradle/tooling/model/ProjectModel
instanceKlass org/gradle/tooling/model/HierarchicalElement
instanceKlass org/gradle/tooling/model/Element
instanceKlass org/gradle/tooling/model/gradle/GradleBuild
instanceKlass org/gradle/tooling/model/BuildModel
instanceKlass org/gradle/api/Action
instanceKlass org/gradle/tooling/model/Model
instanceKlass org/eclipse/buildship/core/internal/workspace/CompositeModelQuery
instanceKlass org/gradle/tooling/internal/protocol/InternalBuildController
instanceKlass org/gradle/tooling/internal/protocol/InternalBuildControllerVersion2
instanceKlass org/gradle/tooling/internal/consumer/versioning/VersionDetails
instanceKlass org/gradle/tooling/BuildAction
instanceKlass org/gradle/tooling/BuildController
instanceKlass org/gradle/tooling/internal/adapter/TargetTypeProvider
instanceKlass org/gradle/tooling/internal/consumer/connection/InternalBuildActionAdapter
instanceKlass org/gradle/tooling/internal/protocol/InternalBuildAction
instanceKlass org/gradle/tooling/internal/protocol/InternalBuildActionVersion2
instanceKlass org/gradle/tooling/internal/consumer/connection/InternalPhasedActionAdapter
instanceKlass org/gradle/tooling/internal/protocol/InternalPhasedAction
instanceKlass sun/security/util/ManifestEntryVerifier$SunProviderHolder
instanceKlass java/util/Base64$Encoder
instanceKlass java/util/Base64$Decoder
instanceKlass java/util/Base64
instanceKlass javax/crypto/SecretKey
instanceKlass sun/security/util/Length
instanceKlass sun/security/util/KeyUtil
instanceKlass java/security/interfaces/XECKey
instanceKlass java/security/interfaces/ECKey
instanceKlass sun/security/util/JarConstraintsParameters
instanceKlass sun/security/util/ConstraintsParameters
instanceKlass java/security/CodeSigner
instanceKlass java/security/Timestamp
instanceKlass sun/security/timestamp/TimestampToken
instanceKlass java/security/cert/CertPath
instanceKlass java/math/MutableBigInteger
instanceKlass sun/security/rsa/RSAPadding
instanceKlass sun/security/rsa/RSACore
instanceKlass java/security/interfaces/RSAPrivateCrtKey
instanceKlass sun/security/pkcs/PKCS8Key
instanceKlass sun/security/util/InternalPrivateKey
instanceKlass java/security/interfaces/RSAPrivateKey
instanceKlass java/security/PrivateKey
instanceKlass javax/security/auth/Destroyable
instanceKlass jdk/internal/icu/util/CodePointTrie$Data
instanceKlass jdk/internal/icu/util/CodePointMap
instanceKlass jdk/internal/icu/util/VersionInfo
instanceKlass  @bci jdk/internal/module/SystemModuleFinders$SystemModuleReader open (Ljava/lang/String;)Ljava/util/Optional; 6 <appendix> member <vmtarget> ; # jdk/internal/module/SystemModuleFinders$SystemModuleReader$$Lambda+0x000001fb9e1e6c20
instanceKlass jdk/internal/icu/impl/ICUBinary$1
instanceKlass jdk/internal/icu/impl/ICUBinary
instanceKlass jdk/internal/icu/impl/NormalizerImpl$IsAcceptable
instanceKlass jdk/internal/icu/impl/ICUBinary$Authenticate
instanceKlass jdk/internal/icu/impl/NormalizerImpl
instanceKlass jdk/internal/icu/impl/Norm2AllModes$Norm2AllModesSingleton
instanceKlass jdk/internal/icu/impl/Norm2AllModes$NFKCSingleton
instanceKlass jdk/internal/icu/impl/Norm2AllModes
instanceKlass jdk/internal/icu/text/Normalizer2
instanceKlass jdk/internal/icu/text/NormalizerBase$ModeImpl
instanceKlass jdk/internal/icu/text/NormalizerBase$NFKDModeImpl
instanceKlass jdk/internal/icu/text/NormalizerBase$1
instanceKlass jdk/internal/icu/text/NormalizerBase$Mode
instanceKlass jdk/internal/icu/text/NormalizerBase
instanceKlass java/text/Normalizer
instanceKlass sun/security/x509/AVAKeyword
instanceKlass sun/security/jca/ServiceId
instanceKlass java/security/Signature$1
instanceKlass jdk/internal/access/JavaSecuritySignatureAccess
instanceKlass java/security/SignatureSpi
instanceKlass sun/security/util/SignatureUtil
instanceKlass sun/security/pkcs/SigningCertificateInfo$ESSCertId
instanceKlass sun/security/pkcs/SigningCertificateInfo
instanceKlass sun/security/pkcs/PKCS9Attribute
instanceKlass sun/security/pkcs/PKCS9Attributes
instanceKlass java/time/Instant
instanceKlass java/time/ZonedDateTime
instanceKlass java/time/chrono/ChronoZonedDateTime
instanceKlass  @bci java/util/regex/CharPredicates ASCII_SPACE ()Ljava/util/regex/Pattern$BmpCharPredicate; 0 <appendix> argL0 ; # java/util/regex/CharPredicates$$Lambda+0x800000026
instanceKlass sun/security/util/DisabledAlgorithmConstraints$Constraints$Holder
instanceKlass sun/security/util/DisabledAlgorithmConstraints$Constraint
instanceKlass sun/security/util/DisabledAlgorithmConstraints$Constraints
instanceKlass sun/security/util/AbstractAlgorithmConstraints$1
instanceKlass sun/security/util/AlgorithmDecomposer
instanceKlass sun/security/util/DisabledAlgorithmConstraints$JarHolder
instanceKlass sun/security/util/AbstractAlgorithmConstraints
instanceKlass java/security/AlgorithmConstraints
instanceKlass sun/security/pkcs/SignerInfo
instanceKlass java/security/cert/PolicyQualifierInfo
instanceKlass sun/security/x509/CertificatePolicyId
instanceKlass sun/security/x509/PolicyInformation
instanceKlass sun/security/x509/DistributionPoint
instanceKlass sun/security/x509/DNSName
instanceKlass sun/security/x509/URIName
instanceKlass sun/security/x509/GeneralName
instanceKlass sun/security/x509/AccessDescription
instanceKlass sun/security/x509/GeneralNames
instanceKlass jdk/internal/event/EventHelper
instanceKlass sun/security/jca/JCAUtil
instanceKlass sun/security/util/MemoryCache$CacheEntry
instanceKlass sun/security/x509/KeyIdentifier
instanceKlass sun/security/x509/OIDMap$OIDInfo
instanceKlass sun/security/x509/PKIXExtensions
instanceKlass sun/security/x509/OIDMap
instanceKlass sun/security/x509/Extension
instanceKlass java/security/cert/Extension
instanceKlass sun/security/x509/CertificateExtensions
instanceKlass sun/security/rsa/RSAUtil
instanceKlass java/security/interfaces/RSAPublicKey
instanceKlass java/security/interfaces/RSAKey
instanceKlass java/security/spec/PSSParameterSpec
instanceKlass java/security/spec/RSAPrivateKeySpec
instanceKlass java/security/spec/RSAPublicKeySpec
instanceKlass java/security/KeyFactorySpi
instanceKlass sun/security/jca/ProviderList$ServiceList$1
instanceKlass java/security/KeyFactory
instanceKlass  @bci java/security/spec/EncodedKeySpec <clinit> ()V 0 <appendix> argL0 ; # java/security/spec/EncodedKeySpec$$Lambda+0x000001fb9e1d74c8
instanceKlass  @cpi java/security/spec/EncodedKeySpec 79 form vmentry <vmtarget> ; # java/lang/invoke/LambdaForm$DMH+0x000001fb9e44c000
instanceKlass jdk/internal/access/JavaSecuritySpecAccess
instanceKlass java/security/spec/EncodedKeySpec
instanceKlass java/security/spec/KeySpec
instanceKlass sun/security/util/BitArray
instanceKlass sun/security/x509/X509Key
instanceKlass java/security/PublicKey
instanceKlass java/security/Key
instanceKlass sun/security/x509/CertificateX509Key
instanceKlass sun/security/x509/CertificateValidity
instanceKlass sun/security/x509/AVA
instanceKlass sun/security/x509/RDN
instanceKlass javax/security/auth/x500/X500Principal
instanceKlass  @bci sun/security/x509/X500Name <clinit> ()V 153 <appendix> argL0 ; # sun/security/x509/X500Name$$Lambda+0x000001fb9e1d51b8
instanceKlass sun/security/x509/X500Name
instanceKlass sun/security/x509/GeneralNameInterface
instanceKlass sun/security/x509/CertificateAlgorithmId
instanceKlass sun/security/x509/SerialNumber
instanceKlass sun/security/x509/CertificateSerialNumber
instanceKlass sun/security/x509/CertificateVersion
instanceKlass sun/security/x509/X509CertInfo
instanceKlass sun/security/util/Cache$EqualByteArray
instanceKlass java/security/cert/X509Extension
instanceKlass java/lang/Byte$ByteCache
instanceKlass  @bci sun/security/util/DerInputStream seeOptionalContextSpecific (I)Z 2 <appendix> member <vmtarget> ; # sun/security/util/DerInputStream$$Lambda+0x000001fb9e1d2ce0
instanceKlass sun/security/util/Cache
instanceKlass java/security/cert/CertificateFactorySpi
instanceKlass java/security/cert/CertificateFactory
instanceKlass sun/security/x509/AlgorithmId
instanceKlass sun/security/util/DerValue
instanceKlass sun/security/pkcs/ContentInfo
instanceKlass sun/security/util/DerInputStream
instanceKlass sun/security/pkcs/PKCS7
instanceKlass  @bci sun/security/util/ManifestDigester <init> ([B)V 350 <appendix> argL0 ; # sun/security/util/ManifestDigester$$Lambda+0x000001fb9e1d0bf8
instanceKlass sun/security/util/ManifestDigester$Section
instanceKlass sun/security/util/ManifestDigester$Entry
instanceKlass sun/security/util/ManifestDigester$Position
instanceKlass sun/security/util/ManifestDigester
instanceKlass com/google/common/collect/TransformedIterator
instanceKlass org/gradle/launcher/daemon/server/DaemonRegistryUnavailableExpirationStrategy$1
instanceKlass org/gradle/launcher/daemon/toolchain/DaemonJvmCriteria$Spec
instanceKlass  @bci org/gradle/launcher/daemon/server/CompatibleDaemonExpirationStrategy checkExpiration ()Lorg/gradle/launcher/daemon/server/expiry/DaemonExpirationResult; 13 <appendix> member <vmtarget> ; # org/gradle/launcher/daemon/server/CompatibleDaemonExpirationStrategy$$Lambda+0x000001fb9e448000
instanceKlass java/util/LinkedList$ListItr
instanceKlass  @bci org/gradle/cache/internal/FileBackedObjectHolder get ()Ljava/lang/Object; 5 <appendix> member <vmtarget> ; # org/gradle/cache/internal/FileBackedObjectHolder$$Lambda+0x000001fb9e445400
instanceKlass org/gradle/launcher/daemon/registry/PersistentDaemonRegistry$1
instanceKlass org/gradle/launcher/daemon/server/health/gc/GarbageCollectionStats
instanceKlass java/util/concurrent/LinkedBlockingDeque$AbstractItr
instanceKlass org/gradle/cache/internal/btree/BTreePersistentIndexedCache$DataBlockUpdateResult
instanceKlass  @bci org/gradle/cache/internal/DefaultMultiProcessSafeIndexedCache put (Ljava/lang/Object;Ljava/lang/Object;)V 12 <appendix> member <vmtarget> ; # org/gradle/cache/internal/DefaultMultiProcessSafeIndexedCache$$Lambda+0x000001fb9e4475e8
instanceKlass  @bci org/gradle/internal/classpath/DefaultCachedClasspathTransformer$ParallelTransformExecutor lambda$transformAll$5 (Ljava/util/Collection;Lorg/gradle/internal/classpath/DefaultCachedClasspathTransformer$ValueOrTransformProvider;)Ljava/util/List; 139 <appendix> member <vmtarget> ; # org/gradle/internal/classpath/DefaultCachedClasspathTransformer$ParallelTransformExecutor$$Lambda+0x000001fb9e4473c0
instanceKlass org/gradle/cache/internal/btree/FreeListBlockStore$FreeListEntry
instanceKlass  @bci org/gradle/internal/classpath/DefaultCachedClasspathTransformer$Convert fileToURL (Ljava/io/File;)Ljava/net/URL; 9 <appendix> member <vmtarget> ; # org/gradle/internal/classpath/DefaultCachedClasspathTransformer$Convert$$Lambda+0x000001fb9e446f60
instanceKlass  @bci org/gradle/cache/internal/AsyncCacheAccessDecoratedCache putLater (Ljava/lang/Object;Ljava/lang/Object;Ljava/lang/Runnable;)V 8 <appendix> member <vmtarget> ; # org/gradle/cache/internal/AsyncCacheAccessDecoratedCache$$Lambda+0x000001fb9e446d38
instanceKlass sun/nio/fs/WindowsPath$1
instanceKlass  @bci org/gradle/internal/classpath/DefaultCachedClasspathTransformer$ParallelTransformExecutor lambda$transformAll$5 (Ljava/util/Collection;Lorg/gradle/internal/classpath/DefaultCachedClasspathTransformer$ValueOrTransformProvider;)Ljava/util/List; 92 <appendix> member <vmtarget> ; # org/gradle/internal/classpath/DefaultCachedClasspathTransformer$ParallelTransformExecutor$$Lambda+0x000001fb9e446b10
instanceKlass org/gradle/internal/snapshot/SearchUtil
instanceKlass  @bci org/gradle/internal/snapshot/AbstractListChildMap findChildIndexWithCommonPrefix (Lorg/gradle/internal/snapshot/VfsRelativePath;Lorg/gradle/internal/snapshot/CaseSensitivity;)I 6 <appendix> member <vmtarget> ; # org/gradle/internal/snapshot/AbstractListChildMap$$Lambda+0x000001fb9e4466e0
instanceKlass  @bci org/gradle/internal/snapshot/AbstractIncompleteFileSystemNode$2 lambda$createNodeFromChildren$1 (Lorg/gradle/internal/snapshot/FileSystemNode;)Z 7 <appendix> member <vmtarget> ; # org/gradle/internal/snapshot/AbstractIncompleteFileSystemNode$2$$Lambda+0x000001fb9e446498
instanceKlass  @bci org/gradle/internal/snapshot/AbstractIncompleteFileSystemNode anyChildMatches (Lorg/gradle/internal/snapshot/ChildMap;Ljava/util/function/Predicate;)Z 6 <appendix> argL0 ; # org/gradle/internal/snapshot/AbstractIncompleteFileSystemNode$$Lambda+0x000001fb9e446258
instanceKlass  @bci org/gradle/internal/snapshot/AbstractIncompleteFileSystemNode$2 createNodeFromChildren (Lorg/gradle/internal/snapshot/ChildMap;)Lorg/gradle/internal/snapshot/FileSystemNode; 2 <appendix> member <vmtarget> ; # org/gradle/internal/snapshot/AbstractIncompleteFileSystemNode$2$$Lambda+0x000001fb9e446000
instanceKlass org/gradle/internal/snapshot/AbstractListChildMap
instanceKlass org/gradle/internal/snapshot/PathUtil$1
instanceKlass org/gradle/internal/snapshot/ChildMapFactory
instanceKlass org/gradle/internal/snapshot/AbstractStorePathRelationshipHandler
instanceKlass org/gradle/internal/snapshot/AbstractIncompleteFileSystemNode$2
instanceKlass  @bci org/gradle/internal/vfs/impl/DefaultSnapshotHierarchy rootSnapshotsUnder (Ljava/lang/String;)Ljava/util/stream/Stream; 13 <appendix> argL0 ; # org/gradle/internal/vfs/impl/DefaultSnapshotHierarchy$$Lambda+0x000001fb9e442c60
instanceKlass  @bci org/gradle/internal/vfs/impl/DefaultSnapshotHierarchy rootSnapshotsUnder (Ljava/lang/String;)Ljava/util/stream/Stream; 5 <appendix> argL0 ; # org/gradle/internal/vfs/impl/DefaultSnapshotHierarchy$$Lambda+0x000001fb9e442a20
instanceKlass org/gradle/internal/snapshot/SnapshotUtil$1
instanceKlass  @bci org/gradle/internal/snapshot/AbstractIncompleteFileSystemNode getSnapshot (Lorg/gradle/internal/snapshot/VfsRelativePath;Lorg/gradle/internal/snapshot/CaseSensitivity;)Ljava/util/Optional; 6 <appendix> argL0 ; # org/gradle/internal/snapshot/AbstractIncompleteFileSystemNode$$Lambda+0x000001fb9e442580
instanceKlass  @bci org/gradle/internal/classpath/DefaultCachedClasspathTransformer$ParallelTransformExecutor lambda$transformAll$2 (Ljava/util/List;Ljava/util/List;Ljava/util/concurrent/Callable;)V 19 <adapter> ; # java/lang/invoke/LambdaForm$MH+0x000001fb9e445000
# instanceKlass java/lang/invoke/LambdaForm$DMH+0x000001fb9e444c00
instanceKlass  @bci org/gradle/internal/classpath/DefaultCachedClasspathTransformer$ParallelTransformExecutor lambda$transformAll$2 (Ljava/util/List;Ljava/util/List;Ljava/util/concurrent/Callable;)V 19 <appendix> form vmentry <vmtarget> ; # java/lang/invoke/LambdaForm$DMH+0x000001fb9e444800
instanceKlass  @bci org/gradle/internal/classpath/DefaultCachedClasspathTransformer$ParallelTransformExecutor lambda$transformAll$2 (Ljava/util/List;Ljava/util/List;Ljava/util/concurrent/Callable;)V 19 <appendix> member <vmtarget> ; # org/gradle/internal/classpath/DefaultCachedClasspathTransformer$ParallelTransformExecutor$$Lambda+0x000001fb9e442358
instanceKlass  @cpi org/gradle/internal/buildtree/DefaultBuildTreeModelCreator$DefaultBuildTreeModelController 319 form vmentry <vmtarget> ; # java/lang/invoke/LambdaForm$DMH+0x000001fb9e444400
instanceKlass  @bci org/gradle/internal/classpath/DefaultCachedClasspathTransformer$ParallelTransformExecutor lambda$transformAll$3 (Ljava/util/List;Ljava/util/List;Lorg/gradle/internal/Either;)V 9 <appendix> member <vmtarget> ; # org/gradle/internal/classpath/DefaultCachedClasspathTransformer$ParallelTransformExecutor$$Lambda+0x000001fb9e442120
instanceKlass  @bci org/gradle/internal/classpath/DefaultCachedClasspathTransformer$ParallelTransformExecutor lambda$transformAll$3 (Ljava/util/List;Ljava/util/List;Lorg/gradle/internal/Either;)V 2 <appendix> member <vmtarget> ; # org/gradle/internal/classpath/DefaultCachedClasspathTransformer$ParallelTransformExecutor$$Lambda+0x000001fb9e441ee8
instanceKlass  @bci org/gradle/internal/classpath/DefaultCachedClasspathTransformer$ParallelTransformExecutor lambda$transformAll$5 (Ljava/util/Collection;Lorg/gradle/internal/classpath/DefaultCachedClasspathTransformer$ValueOrTransformProvider;)Ljava/util/List; 78 <appendix> member <vmtarget> ; # org/gradle/internal/classpath/DefaultCachedClasspathTransformer$ParallelTransformExecutor$$Lambda+0x000001fb9e441cb0
instanceKlass  @bci org/gradle/internal/classpath/DefaultCachedClasspathTransformer lambda$cachedURL$5 (Ljava/util/concurrent/Callable;)Lorg/gradle/internal/Either; 1 <appendix> member <vmtarget> ; # org/gradle/internal/classpath/DefaultCachedClasspathTransformer$$Lambda+0x000001fb9e441a88
instanceKlass  @bci org/gradle/internal/classpath/DefaultCachedClasspathTransformer lambda$cachedURL$6 (Lorg/gradle/internal/Either;)Lorg/gradle/internal/Either; 6 <appendix> argL0 ; # org/gradle/internal/classpath/DefaultCachedClasspathTransformer$$Lambda+0x000001fb9e441848
instanceKlass  @bci org/gradle/internal/classpath/DefaultCachedClasspathTransformer lambda$cachedURL$6 (Lorg/gradle/internal/Either;)Lorg/gradle/internal/Either; 1 <appendix> argL0 ; # org/gradle/internal/classpath/DefaultCachedClasspathTransformer$$Lambda+0x000001fb9e441608
instanceKlass  @bci org/gradle/internal/classpath/DefaultCachedClasspathTransformer cachedURL (Ljava/net/URL;Lorg/gradle/internal/classpath/ClasspathFileTransformer;Ljava/util/Set;)Ljava/util/Optional; 22 <appendix> argL0 ; # org/gradle/internal/classpath/DefaultCachedClasspathTransformer$$Lambda+0x000001fb9e4413c8
instanceKlass  @bci org/gradle/internal/classpath/DefaultCachedClasspathTransformer cachedFile (Ljava/io/File;Lorg/gradle/internal/classpath/ClasspathFileTransformer;Ljava/util/Set;)Ljava/util/Optional; 61 <appendix> member <vmtarget> ; # org/gradle/internal/classpath/DefaultCachedClasspathTransformer$$Lambda+0x000001fb9e4411a0
instanceKlass  @bci org/gradle/internal/vfs/impl/DefaultFileSystemAccess read (Ljava/lang/String;)Lorg/gradle/internal/snapshot/FileSystemLocationSnapshot; 21 <appendix> member <vmtarget> ; # org/gradle/internal/vfs/impl/DefaultFileSystemAccess$$Lambda+0x000001fb9e440f78
instanceKlass org/gradle/internal/snapshot/impl/FileSystemSnapshotFilter
instanceKlass  @bci org/gradle/internal/vfs/impl/DefaultSnapshotHierarchy hasDescendantsUnder (Ljava/lang/String;)Z 5 <appendix> argL0 ; # org/gradle/internal/vfs/impl/DefaultSnapshotHierarchy$$Lambda+0x000001fb9e440b30
instanceKlass  @cpi org/gradle/internal/vfs/impl/DefaultSnapshotHierarchy 211 form vmentry <vmtarget> ; # java/lang/invoke/LambdaForm$DMH+0x000001fb9e444000
instanceKlass  @bci org/gradle/internal/snapshot/ChildMap$Entry withNode (Lorg/gradle/internal/snapshot/VfsRelativePath;Lorg/gradle/internal/snapshot/CaseSensitivity;Lorg/gradle/internal/snapshot/ChildMap$NodeHandler;)Ljava/lang/Object; 13 <appendix> member <vmtarget> ; # org/gradle/internal/snapshot/ChildMap$Entry$$Lambda+0x000001fb9e440908
instanceKlass org/gradle/internal/snapshot/SnapshotUtil$2
instanceKlass org/gradle/internal/snapshot/FileSystemLocationSnapshot$FileSystemLocationSnapshotTransformer
instanceKlass org/gradle/internal/snapshot/SnapshotUtil
instanceKlass  @bci org/gradle/internal/watch/registry/impl/HierarchicalFileWatcherUpdater handleVirtualFileSystemContentsChanged (Ljava/util/Collection;Ljava/util/Collection;Lorg/gradle/internal/snapshot/SnapshotHierarchy;)Z 9 <appendix> member <vmtarget> ; # org/gradle/internal/watch/registry/impl/HierarchicalFileWatcherUpdater$$Lambda+0x000001fb9e440228
instanceKlass  @bci org/gradle/internal/watch/vfs/impl/WatchingVirtualFileSystem lambda$updateNotifyingListeners$1 (Lorg/gradle/internal/watch/registry/impl/SnapshotCollectingDiffListener;Lorg/gradle/internal/snapshot/SnapshotHierarchy;)V 3 <appendix> member <vmtarget> ; # org/gradle/internal/watch/vfs/impl/WatchingVirtualFileSystem$$Lambda+0x000001fb9e440000
instanceKlass org/gradle/internal/snapshot/SnapshotHierarchy$SnapshotDiffListener
instanceKlass  @bci org/gradle/internal/watch/vfs/impl/WatchingVirtualFileSystem withWatcherChangeErrorHandling (Lorg/gradle/internal/snapshot/SnapshotHierarchy;Ljava/lang/Runnable;)Lorg/gradle/internal/snapshot/SnapshotHierarchy; 4 <appendix> member <vmtarget> ; # org/gradle/internal/watch/vfs/impl/WatchingVirtualFileSystem$$Lambda+0x000001fb9e43bd58
instanceKlass  @bci org/gradle/internal/watch/vfs/impl/WatchingVirtualFileSystem updateNotifyingListeners (Lorg/gradle/internal/vfs/impl/AbstractVirtualFileSystem$UpdateFunction;)Lorg/gradle/internal/snapshot/SnapshotHierarchy; 38 <appendix> member <vmtarget> ; # org/gradle/internal/watch/vfs/impl/WatchingVirtualFileSystem$$Lambda+0x000001fb9e43bb30
instanceKlass  @bci org/gradle/internal/watch/registry/impl/SnapshotCollectingDiffListener nodeAdded (Lorg/gradle/internal/snapshot/FileSystemNode;)V 15 <appendix> member <vmtarget> ; # org/gradle/internal/watch/registry/impl/SnapshotCollectingDiffListener$$Lambda+0x000001fb9e43b8f8
instanceKlass  @bci org/gradle/internal/snapshot/AbstractIncompleteFileSystemNode rootSnapshots ()Ljava/util/stream/Stream; 19 <appendix> argL0 ; # org/gradle/internal/snapshot/AbstractIncompleteFileSystemNode$$Lambda+0x000001fb9e43b6b8
instanceKlass  @bci org/gradle/internal/snapshot/AbstractIncompleteFileSystemNode rootSnapshots ()Ljava/util/stream/Stream; 9 <appendix> argL0 ; # org/gradle/internal/snapshot/AbstractIncompleteFileSystemNode$$Lambda+0x000001fb9e43b478
instanceKlass org/gradle/internal/snapshot/ChildMap$InvalidationHandler
instanceKlass org/gradle/internal/snapshot/AbstractIncompleteFileSystemNode
instanceKlass org/gradle/internal/snapshot/ChildMap$Entry
instanceKlass org/gradle/internal/snapshot/ChildMap$Entry$PathRelationshipHandler
instanceKlass org/gradle/internal/snapshot/SingletonChildMap
instanceKlass org/gradle/internal/watch/registry/impl/SnapshotCollectingDiffListener
instanceKlass  @bci org/gradle/internal/vfs/impl/AbstractVirtualFileSystem lambda$storeIfUnchanged$3 (Ljava/lang/String;JLjava/util/concurrent/atomic/AtomicBoolean;Lorg/gradle/internal/snapshot/FileSystemLocationSnapshot;Lorg/gradle/internal/snapshot/SnapshotHierarchy;)Lorg/gradle/internal/snapshot/SnapshotHierarchy; 29 <appendix> member <vmtarget> ; # org/gradle/internal/vfs/impl/AbstractVirtualFileSystem$$Lambda+0x000001fb9e43a200
instanceKlass org/gradle/internal/vfs/impl/AbstractVirtualFileSystem$UpdateFunction
instanceKlass  @bci org/gradle/internal/vfs/impl/AbstractVirtualFileSystem storeIfUnchanged (Ljava/lang/String;JLorg/gradle/internal/snapshot/FileSystemLocationSnapshot;)V 35 <adapter> ; # java/lang/invoke/LambdaForm$MH+0x000001fb9e439800
# instanceKlass java/lang/invoke/LambdaForm$DMH+0x000001fb9e439400
instanceKlass  @bci org/gradle/internal/vfs/impl/AbstractVirtualFileSystem storeIfUnchanged (Ljava/lang/String;JLorg/gradle/internal/snapshot/FileSystemLocationSnapshot;)V 35 <appendix> form vmentry <vmtarget> ; # java/lang/invoke/LambdaForm$DMH+0x000001fb9e439000
instanceKlass  @bci org/gradle/internal/vfs/impl/AbstractVirtualFileSystem storeIfUnchanged (Ljava/lang/String;JLorg/gradle/internal/snapshot/FileSystemLocationSnapshot;)V 35 <appendix> member <vmtarget> ; # org/gradle/internal/vfs/impl/AbstractVirtualFileSystem$$Lambda+0x000001fb9e43fce8
instanceKlass  @cpi org/gradle/internal/vfs/impl/AbstractVirtualFileSystem 286 form vmentry <vmtarget> ; # java/lang/invoke/LambdaForm$DMH+0x000001fb9e438c00
instanceKlass org/gradle/internal/RelativePathSupplier
instanceKlass org/gradle/api/internal/changedetection/state/CachingFileHasher$FileInfo
instanceKlass org/gradle/cache/internal/btree/BTreePersistentIndexedCache$Lookup
instanceKlass org/gradle/cache/internal/btree/BTreePersistentIndexedCache$IndexEntry
instanceKlass  @bci org/gradle/cache/internal/DefaultMultiProcessSafeIndexedCache getIfPresent (Ljava/lang/Object;)Ljava/lang/Object; 11 <appendix> member <vmtarget> ; # org/gradle/cache/internal/DefaultMultiProcessSafeIndexedCache$$Lambda+0x000001fb9e43f258
instanceKlass org/gradle/cache/internal/btree/BTreePersistentIndexedCache$IndexRoot
instanceKlass com/google/common/primitives/Longs
instanceKlass org/gradle/cache/internal/btree/BlockPointer
instanceKlass org/gradle/cache/internal/btree/ByteInput
instanceKlass org/gradle/cache/internal/btree/ByteOutput
instanceKlass org/gradle/cache/internal/btree/FreeListBlockStore$2
instanceKlass org/gradle/cache/internal/btree/FreeListBlockStore$1
instanceKlass org/gradle/cache/internal/btree/BTreePersistentIndexedCache$2
instanceKlass org/gradle/cache/internal/btree/BTreePersistentIndexedCache$1
instanceKlass org/gradle/cache/internal/btree/FreeListBlockStore
instanceKlass org/gradle/cache/internal/btree/StateCheckBlockStore
instanceKlass org/gradle/cache/internal/btree/Block
instanceKlass org/gradle/cache/internal/btree/FileBackedBlockStore
instanceKlass org/gradle/cache/internal/btree/CachingBlockStore
instanceKlass org/gradle/cache/internal/btree/KeyHasher
instanceKlass org/gradle/cache/internal/btree/BlockStore$Factory
instanceKlass org/gradle/cache/internal/btree/BlockPayload
instanceKlass org/gradle/cache/internal/btree/BlockStore
instanceKlass  @bci org/gradle/cache/internal/DefaultMultiProcessSafeIndexedCache getCache ()Lorg/gradle/cache/internal/btree/BTreePersistentIndexedCache; 12 <appendix> member <vmtarget> ; # org/gradle/cache/internal/DefaultMultiProcessSafeIndexedCache$$Lambda+0x000001fb9e436d80
instanceKlass org/gradle/cache/internal/ExclusiveCacheAccessingWorker$1
instanceKlass org/gradle/cache/internal/ExclusiveCacheAccessingWorker$FlushOperationsCommand
instanceKlass org/gradle/cache/internal/ExclusiveCacheAccessingWorker$ShutdownOperationsCommand
instanceKlass  @bci org/gradle/cache/internal/ExclusiveCacheAccessingWorker read (Ljava/util/function/Supplier;)Ljava/lang/Object; 10 <appendix> member <vmtarget> ; # org/gradle/cache/internal/ExclusiveCacheAccessingWorker$$Lambda+0x000001fb9e4364c0
instanceKlass  @bci org/gradle/cache/internal/AsyncCacheAccessDecoratedCache get (Ljava/lang/Object;)Ljava/lang/Object; 6 <appendix> member <vmtarget> ; # org/gradle/cache/internal/AsyncCacheAccessDecoratedCache$$Lambda+0x000001fb9e436298
instanceKlass  @bci org/gradle/cache/internal/InMemoryDecoratedCache get (Ljava/lang/Object;)Ljava/lang/Object; 7 <appendix> member <vmtarget> ; # org/gradle/cache/internal/InMemoryDecoratedCache$$Lambda+0x000001fb9e436070
instanceKlass  @bci org/gradle/cache/internal/CrossProcessSynchronizingIndexedCache getIfPresent (Ljava/lang/Object;)Ljava/lang/Object; 6 <appendix> member <vmtarget> ; # org/gradle/cache/internal/CrossProcessSynchronizingIndexedCache$$Lambda+0x000001fb9e435e48
instanceKlass org/gradle/internal/vfs/impl/DefaultFileSystemAccess$1
instanceKlass org/gradle/internal/file/impl/DefaultFileMetadata
instanceKlass org/gradle/internal/file/FileMetadata
instanceKlass org/gradle/internal/nativeintegration/filesystem/services/NativePlatformBackedFileMetadataAccessor$1
instanceKlass net/rubygrapefruit/platform/internal/WindowsFileTime
instanceKlass net/rubygrapefruit/platform/internal/jni/WindowsFileFunctions
instanceKlass net/rubygrapefruit/platform/internal/WindowsFileStat
instanceKlass  @bci org/gradle/internal/vfs/impl/AbstractVirtualFileSystem storeWithAction (Ljava/lang/String;Lorg/gradle/internal/vfs/VirtualFileSystem$StoringAction;)Ljava/lang/Object; 12 <adapter> ; # java/lang/invoke/LambdaForm$MH+0x000001fb9e438800
instanceKlass  @bci org/gradle/internal/vfs/impl/AbstractVirtualFileSystem storeWithAction (Ljava/lang/String;Lorg/gradle/internal/vfs/VirtualFileSystem$StoringAction;)Ljava/lang/Object; 12 <appendix> form vmentry <vmtarget> ; # java/lang/invoke/LambdaForm$DMH+0x000001fb9e438400
instanceKlass  @bci org/gradle/internal/vfs/impl/AbstractVirtualFileSystem storeWithAction (Ljava/lang/String;Lorg/gradle/internal/vfs/VirtualFileSystem$StoringAction;)Ljava/lang/Object; 12 <appendix> member <vmtarget> ; # org/gradle/internal/vfs/impl/AbstractVirtualFileSystem$$Lambda+0x000001fb9e434068
instanceKlass  @cpi org/gradle/internal/vfs/impl/AbstractVirtualFileSystem 282 form vmentry <vmtarget> ; # java/lang/invoke/LambdaForm$DMH+0x000001fb9e438000
instanceKlass org/gradle/internal/vfs/impl/VersionHierarchy$1
instanceKlass  @bci org/gradle/internal/snapshot/PathUtil <clinit> ()V 46 <appendix> argL0 ; # org/gradle/internal/snapshot/PathUtil$$Lambda+0x000001fb9e433b50
instanceKlass  @bci org/gradle/internal/snapshot/PathUtil <clinit> ()V 38 <appendix> argL0 ; # org/gradle/internal/snapshot/PathUtil$$Lambda+0x000001fb9e4338b8
instanceKlass org/gradle/internal/snapshot/PathUtil
instanceKlass org/gradle/internal/snapshot/VfsRelativePath
instanceKlass  @bci org/gradle/internal/vfs/impl/DefaultFileSystemAccess snapshotAndReuse (Ljava/lang/String;Lorg/gradle/internal/snapshot/SnapshottingFilter;Lcom/google/common/collect/ImmutableMap;)Ljava/util/Optional; 9 <appendix> member <vmtarget> ; # org/gradle/internal/vfs/impl/DefaultFileSystemAccess$$Lambda+0x000001fb9e433228
instanceKlass org/gradle/internal/vfs/VirtualFileSystem$VfsStorer
instanceKlass org/gradle/internal/vfs/VirtualFileSystem$StoringAction
instanceKlass  @bci com/google/common/collect/CollectCollectors toImmutableMap (Ljava/util/function/Function;Ljava/util/function/Function;)Ljava/util/stream/Collector; 27 <appendix> argL0 ; # com/google/common/collect/CollectCollectors$$Lambda+0x000001fb9e432be8
instanceKlass  @bci com/google/common/collect/CollectCollectors toImmutableMap (Ljava/util/function/Function;Ljava/util/function/Function;)Ljava/util/stream/Collector; 22 <appendix> argL0 ; # com/google/common/collect/CollectCollectors$$Lambda+0x000001fb9e4329a0
instanceKlass  @bci com/google/common/collect/CollectCollectors toImmutableMap (Ljava/util/function/Function;Ljava/util/function/Function;)Ljava/util/stream/Collector; 17 <appendix> member <vmtarget> ; # com/google/common/collect/CollectCollectors$$Lambda+0x000001fb9e432768
instanceKlass  @bci com/google/common/collect/CollectCollectors toImmutableMap (Ljava/util/function/Function;Ljava/util/function/Function;)Ljava/util/stream/Collector; 10 <appendix> argL0 ; # com/google/common/collect/CollectCollectors$$Lambda+0x000001fb9e432548
instanceKlass  @bci org/gradle/internal/vfs/impl/DefaultFileSystemAccess snapshot (Ljava/lang/String;Lorg/gradle/internal/snapshot/SnapshottingFilter;)Ljava/util/Optional; 10 <appendix> argL0 ; # org/gradle/internal/vfs/impl/DefaultFileSystemAccess$$Lambda+0x000001fb9e432308
instanceKlass org/gradle/internal/snapshot/SnapshottingFilter$1
instanceKlass org/gradle/internal/snapshot/SnapshottingFilter
instanceKlass  @bci org/gradle/internal/vfs/impl/DefaultFileSystemAccess lambda$readSnapshotFromLocation$10 (Ljava/lang/String;Ljava/util/function/Function;Ljava/util/function/Supplier;)Ljava/lang/Object; 9 <appendix> member <vmtarget> ; # org/gradle/internal/vfs/impl/DefaultFileSystemAccess$$Lambda+0x000001fb9e431c98
instanceKlass  @bci org/gradle/internal/vfs/impl/DefaultFileSystemAccess readSnapshotFromLocation (Ljava/lang/String;Ljava/util/function/Function;Ljava/util/function/Supplier;)Ljava/lang/Object; 18 <appendix> member <vmtarget> ; # org/gradle/internal/vfs/impl/DefaultFileSystemAccess$$Lambda+0x000001fb9e431a70
instanceKlass  @bci org/gradle/internal/snapshot/SnapshotHierarchy findSnapshot (Ljava/lang/String;)Ljava/util/Optional; 29 <appendix> member <vmtarget> ; # org/gradle/internal/snapshot/SnapshotHierarchy$$Lambda+0x000001fb9e431828
instanceKlass  @bci org/gradle/internal/snapshot/SnapshotHierarchy findSnapshot (Ljava/lang/String;)Ljava/util/Optional; 14 <appendix> member <vmtarget> ; # org/gradle/internal/snapshot/SnapshotHierarchy$$Lambda+0x000001fb9e4315d0
instanceKlass  @bci org/gradle/internal/vfs/impl/DefaultFileSystemAccess read (Ljava/lang/String;)Lorg/gradle/internal/snapshot/FileSystemLocationSnapshot; 9 <appendix> member <vmtarget> ; # org/gradle/internal/vfs/impl/DefaultFileSystemAccess$$Lambda+0x000001fb9e4313a8
instanceKlass  @bci org/gradle/internal/vfs/impl/DefaultFileSystemAccess read (Ljava/lang/String;)Lorg/gradle/internal/snapshot/FileSystemLocationSnapshot; 2 <appendix> argL0 ; # org/gradle/internal/vfs/impl/DefaultFileSystemAccess$$Lambda+0x000001fb9e431168
instanceKlass  @bci org/gradle/internal/classpath/DefaultCachedClasspathTransformer$Convert urlToFile (Ljava/net/URL;)Ljava/io/File; 10 <appendix> member <vmtarget> ; # org/gradle/internal/classpath/DefaultCachedClasspathTransformer$Convert$$Lambda+0x000001fb9e430f40
instanceKlass org/gradle/internal/classpath/DefaultCachedClasspathTransformer$Convert
instanceKlass  @bci org/gradle/internal/classpath/DefaultCachedClasspathTransformer$ParallelTransformExecutor transformAll (Ljava/util/Collection;Lorg/gradle/internal/classpath/DefaultCachedClasspathTransformer$ValueOrTransformProvider;)Ljava/util/List; 30 <appendix> member <vmtarget> ; # org/gradle/internal/classpath/DefaultCachedClasspathTransformer$ParallelTransformExecutor$$Lambda+0x000001fb9e430b10
instanceKlass  @bci org/gradle/internal/classpath/DefaultCachedClasspathTransformer copyingTransform (Ljava/util/Collection;)Ljava/util/List; 32 <appendix> member <vmtarget> ; # org/gradle/internal/classpath/DefaultCachedClasspathTransformer$$Lambda+0x000001fb9e4308e8
instanceKlass org/gradle/internal/classpath/DefaultCachedClasspathTransformer$ValueOrTransformProvider
instanceKlass org/gradle/internal/classpath/CopyingClasspathFileTransformer
instanceKlass java/lang/Short$ShortCache
instanceKlass org/gradle/internal/serialize/ExceptionReplacingObjectInputStream$1
instanceKlass org/gradle/internal/io/StreamByteBuffer$StreamByteBufferChunk
instanceKlass org/gradle/internal/io/StreamByteBuffer
instanceKlass org/gradle/tooling/internal/provider/serialization/WellKnownClassLoaderRegistry$2
instanceKlass org/gradle/tooling/internal/provider/serialization/DefaultPayloadClassLoaderRegistry$2
instanceKlass  @bci org/gradle/internal/buildtree/ProblemReportingBuildActionRunner getRootProjectBuildDirCollectingListener (Lorg/gradle/internal/buildtree/BuildTreeLifecycleController;)Lorg/gradle/internal/buildtree/ProblemReportingBuildActionRunner$RootProjectBuildDirCollectingListener; 14 <appendix> member <vmtarget> ; # org/gradle/internal/buildtree/ProblemReportingBuildActionRunner$$Lambda+0x000001fb9e42ba60
instanceKlass org/gradle/internal/event/DefaultListenerManager$ExclusiveEventBroadcast$3
instanceKlass  @bci org/gradle/internal/model/StateTransitionController inState (Lorg/gradle/internal/model/StateTransitionController$State;Ljava/util/function/Supplier;)Ljava/lang/Object; 7 <appendix> member <vmtarget> ; # org/gradle/internal/model/StateTransitionController$$Lambda+0x000001fb9e42b368
instanceKlass  @bci org/gradle/internal/model/StateTransitionController inState (Lorg/gradle/internal/model/StateTransitionController$State;Ljava/lang/Runnable;)V 3 <appendix> member <vmtarget> ; # org/gradle/internal/model/StateTransitionController$$Lambda+0x000001fb9e42b140
instanceKlass  @bci org/gradle/internal/buildtree/DefaultBuildTreeLifecycleController beforeBuild (Ljava/util/function/Consumer;)V 9 <appendix> member <vmtarget> ; # org/gradle/internal/buildtree/DefaultBuildTreeLifecycleController$$Lambda+0x000001fb9e42af18
instanceKlass  @bci org/gradle/launcher/exec/BuildOutcomeReportingBuildActionRunner run (Lorg/gradle/internal/invocation/BuildAction;Lorg/gradle/internal/buildtree/BuildTreeLifecycleController;)Lorg/gradle/internal/buildtree/BuildActionRunner$Result; 53 <appendix> member <vmtarget> ; # org/gradle/launcher/exec/BuildOutcomeReportingBuildActionRunner$$Lambda+0x000001fb9e42ace0
instanceKlass org/gradle/internal/logging/format/TersePrettyDurationFormatter
instanceKlass org/gradle/internal/buildevents/BuildResultLogger
instanceKlass org/gradle/internal/exceptions/FailureResolutionAware$Context
instanceKlass org/gradle/util/internal/TreeVisitor
instanceKlass org/gradle/internal/buildevents/BuildExceptionReporter
instanceKlass org/gradle/internal/logging/format/DurationFormatter
instanceKlass org/gradle/internal/buildevents/BuildLogger
instanceKlass org/gradle/api/internal/tasks/execution/statistics/TaskExecutionStatisticsEventAdapter
instanceKlass org/gradle/tooling/internal/provider/FileSystemWatchingBuildActionRunner$1
instanceKlass org/gradle/internal/watch/options/FileSystemWatchingSettingsFinalizedProgressDetails
instanceKlass  @bci org/gradle/tooling/internal/provider/runner/ClientForwardingBuildOperationListener toOperationResult (Lorg/gradle/internal/operations/OperationFinishEvent;)Lorg/gradle/internal/build/event/types/AbstractOperationResult; 1 <appendix> argL0 ; # org/gradle/tooling/internal/provider/runner/ClientForwardingBuildOperationListener$$Lambda+0x000001fb9e3aee30
instanceKlass org/gradle/api/internal/tasks/compile/CompileJavaBuildOperationType$Result
instanceKlass org/gradle/internal/operations/notify/BuildOperationNotificationBridge$Finished
instanceKlass org/gradle/internal/operations/OperationFinishEvent
instanceKlass org/gradle/internal/watch/vfs/impl/WatchingVirtualFileSystem$1$1
instanceKlass org/gradle/internal/watch/vfs/BuildStartedFileSystemWatchingBuildOperationType$Result
instanceKlass  @bci org/gradle/internal/watch/registry/impl/AbstractFileWatcherUpdater update (Lorg/gradle/internal/snapshot/SnapshotHierarchy;)V 58 <appendix> member <vmtarget> ; # org/gradle/internal/watch/registry/impl/AbstractFileWatcherUpdater$$Lambda+0x000001fb9e42e3c8
instanceKlass  @bci org/gradle/internal/watch/registry/impl/AbstractFileWatcherUpdater hasWatchableContent (Ljava/util/stream/Stream;Lorg/gradle/internal/watch/registry/impl/WatchableHierarchies;)Z 2 <appendix> member <vmtarget> ; # org/gradle/internal/watch/registry/impl/AbstractFileWatcherUpdater$$Lambda+0x000001fb9e42e170
instanceKlass  @bci org/gradle/internal/watch/registry/impl/AbstractFileWatcherUpdater resolveWatchedFiles (Lorg/gradle/internal/watch/registry/impl/WatchableHierarchies;Lorg/gradle/internal/snapshot/SnapshotHierarchy;)Lorg/gradle/internal/file/FileHierarchySet; 29 <appendix> argL0 ; # org/gradle/internal/watch/registry/impl/AbstractFileWatcherUpdater$$Lambda+0x000001fb9e42df40
instanceKlass  @bci org/gradle/internal/watch/registry/impl/AbstractFileWatcherUpdater resolveWatchedFiles (Lorg/gradle/internal/watch/registry/impl/WatchableHierarchies;Lorg/gradle/internal/snapshot/SnapshotHierarchy;)Lorg/gradle/internal/file/FileHierarchySet; 16 <appendix> member <vmtarget> ; # org/gradle/internal/watch/registry/impl/AbstractFileWatcherUpdater$$Lambda+0x000001fb9e42dce8
instanceKlass  @bci org/gradle/internal/watch/registry/impl/AbstractFileWatcherUpdater resolveWatchedFiles (Lorg/gradle/internal/watch/registry/impl/WatchableHierarchies;Lorg/gradle/internal/snapshot/SnapshotHierarchy;)Lorg/gradle/internal/file/FileHierarchySet; 4 <appendix> argL0 ; # org/gradle/internal/watch/registry/impl/AbstractFileWatcherUpdater$$Lambda+0x000001fb9e42daa8
instanceKlass  @bci org/gradle/internal/watch/registry/impl/WatchableHierarchies checkThatNothingExistsInNewWatchableHierarchy (Ljava/lang/String;Lorg/gradle/internal/snapshot/SnapshotHierarchy;)V 24 <appendix> member <vmtarget> ; # org/gradle/internal/watch/registry/impl/WatchableHierarchies$$Lambda+0x000001fb9e42d430
instanceKlass  @bci org/gradle/internal/watch/registry/impl/WatchableHierarchies checkThatNothingExistsInNewWatchableHierarchy (Ljava/lang/String;Lorg/gradle/internal/snapshot/SnapshotHierarchy;)V 8 <appendix> member <vmtarget> ; # org/gradle/internal/watch/registry/impl/WatchableHierarchies$$Lambda+0x000001fb9e42d1d8
instanceKlass  @bci org/gradle/internal/watch/vfs/impl/WatchingVirtualFileSystem startWatching (Lorg/gradle/internal/snapshot/SnapshotHierarchy;Lorg/gradle/internal/watch/registry/WatchMode;Ljava/util/List;)Lorg/gradle/internal/snapshot/SnapshotHierarchy; 85 <appendix> member <vmtarget> ; # org/gradle/internal/watch/vfs/impl/WatchingVirtualFileSystem$$Lambda+0x000001fb9e42cfa0
instanceKlass  @bci org/gradle/internal/watch/registry/impl/WatchableHierarchies buildWatchableFilesFromHierarchies (Ljava/util/Collection;)Lorg/gradle/internal/file/FileHierarchySet; 9 <appendix> argL0 ; # org/gradle/internal/watch/registry/impl/WatchableHierarchies$$Lambda+0x000001fb9e42cd70
instanceKlass java/util/ArrayDeque$DeqSpliterator
instanceKlass  @bci org/gradle/internal/watch/registry/impl/WatchableHierarchies updateUnwatchableFilesOnBuildStart (Lorg/gradle/internal/snapshot/SnapshotHierarchy;Lorg/gradle/internal/watch/registry/impl/WatchableHierarchies$Invalidator;Ljava/util/List;)Lorg/gradle/internal/snapshot/SnapshotHierarchy; 85 <appendix> member <vmtarget> ; # org/gradle/internal/watch/registry/impl/WatchableHierarchies$$Lambda+0x000001fb9e42cb18
instanceKlass org/gradle/internal/snapshot/SnapshotHierarchy$NodeDiffListener$1
instanceKlass org/gradle/internal/file/FileHierarchySet$PrefixFileSet$2
instanceKlass org/gradle/internal/watch/registry/impl/WatchableHierarchies$InvalidatingRootVisitor
instanceKlass  @bci org/gradle/internal/watch/registry/impl/WatchableHierarchies updateUnwatchableFilesOnBuildStart (Lorg/gradle/internal/snapshot/SnapshotHierarchy;Lorg/gradle/internal/watch/registry/impl/WatchableHierarchies$Invalidator;Ljava/util/List;)Lorg/gradle/internal/snapshot/SnapshotHierarchy; 19 <appendix> argL0 ; # org/gradle/internal/watch/registry/impl/WatchableHierarchies$$Lambda+0x000001fb9e42c248
instanceKlass  @bci org/gradle/internal/Combiners nonCombining ()Ljava/util/function/BinaryOperator; 0 <appendix> argL0 ; # org/gradle/internal/Combiners$$Lambda+0x000001fb9e42c000
instanceKlass org/gradle/internal/Combiners
instanceKlass  @bci org/gradle/internal/watch/registry/impl/WatchableHierarchies removeUnprovenHierarchies (Lorg/gradle/internal/snapshot/SnapshotHierarchy;Lorg/gradle/internal/watch/registry/impl/WatchableHierarchies$Invalidator;Lorg/gradle/internal/watch/registry/WatchMode;)Lorg/gradle/internal/snapshot/SnapshotHierarchy; 13 <appendix> member <vmtarget> ; # org/gradle/internal/watch/registry/impl/WatchableHierarchies$$Lambda+0x000001fb9e427a38
instanceKlass  @bci org/gradle/internal/watch/registry/impl/DefaultFileWatcherProbeRegistry unprovenHierarchies ()Ljava/util/stream/Stream; 24 <appendix> argL0 ; # org/gradle/internal/watch/registry/impl/DefaultFileWatcherProbeRegistry$$Lambda+0x000001fb9e4277f8
instanceKlass  @bci org/gradle/internal/watch/registry/impl/DefaultFileWatcherProbeRegistry unprovenHierarchies ()Ljava/util/stream/Stream; 14 <appendix> argL0 ; # org/gradle/internal/watch/registry/impl/DefaultFileWatcherProbeRegistry$$Lambda+0x000001fb9e4275a8
instanceKlass  @cpi org/gradle/internal/scripts/BuildScriptCompilationAndInstrumentation 342 form vmentry <vmtarget> ; # java/lang/invoke/LambdaForm$DMH+0x000001fb9e428000
instanceKlass org/gradle/internal/watch/registry/impl/DefaultFileWatcherProbeRegistry$WatchProbe
instanceKlass  @bci org/gradle/internal/watch/registry/impl/HierarchicalFileWatcherUpdater createInvalidator ()Lorg/gradle/internal/watch/registry/impl/WatchableHierarchies$Invalidator; 0 <appendix> argL0 ; # org/gradle/internal/watch/registry/impl/HierarchicalFileWatcherUpdater$$Lambda+0x000001fb9e427148
instanceKlass org/gradle/internal/watch/registry/impl/WatchableHierarchies$Invalidator
instanceKlass  @bci org/gradle/internal/watch/registry/impl/DefaultFileWatcherRegistry createAndStartEventConsumerThread (Lorg/gradle/internal/watch/registry/FileWatcherRegistry$ChangeHandler;)Ljava/lang/Thread; 28 <appendix> member <vmtarget> ; # org/gradle/internal/watch/registry/impl/DefaultFileWatcherRegistry$$Lambda+0x000001fb9e426d20
instanceKlass  @bci org/gradle/internal/watch/registry/impl/DefaultFileWatcherRegistry createAndStartEventConsumerThread (Lorg/gradle/internal/watch/registry/FileWatcherRegistry$ChangeHandler;)Ljava/lang/Thread; 6 <appendix> member <vmtarget> ; # org/gradle/internal/watch/registry/impl/DefaultFileWatcherRegistry$$Lambda+0x000001fb9e426af8
instanceKlass org/gradle/internal/watch/registry/impl/DefaultFileWatcherRegistry$MutableFileWatchingStatistics
instanceKlass org/gradle/internal/watch/registry/FileWatcherRegistry$FileWatchingStatistics
instanceKlass org/gradle/fileevents/FileWatchEvent$Handler
instanceKlass org/gradle/internal/watch/registry/impl/DefaultFileWatcherRegistry
instanceKlass  @bci org/gradle/internal/watch/registry/impl/WindowsFileWatcherRegistryFactory createFileWatcherUpdater (Lorg/gradle/fileevents/internal/WindowsFileEventFunctions$WindowsFileWatcher;Lorg/gradle/internal/watch/registry/FileWatcherProbeRegistry;Lorg/gradle/internal/watch/registry/impl/WatchableHierarchies;)Lorg/gradle/internal/watch/registry/FileWatcherUpdater; 11 <appendix> member <vmtarget> ; # org/gradle/internal/watch/registry/impl/WindowsFileWatcherRegistryFactory$$Lambda+0x000001fb9e425fc0
instanceKlass org/gradle/internal/watch/registry/impl/AbstractFileWatcherUpdater$MovedDirectoryHandler
instanceKlass  @bci org/gradle/internal/watch/registry/impl/HierarchicalFileWatcherUpdater$FileSystemLocationToWatchValidator <clinit> ()V 0 <appendix> argL0 ; # org/gradle/internal/watch/registry/impl/HierarchicalFileWatcherUpdater$FileSystemLocationToWatchValidator$$Lambda+0x000001fb9e425ba0
instanceKlass org/gradle/internal/watch/registry/impl/HierarchicalFileWatcherUpdater$FileSystemLocationToWatchValidator
instanceKlass org/gradle/internal/watch/registry/impl/AbstractFileWatcherUpdater
instanceKlass org/gradle/internal/file/FileHierarchySet$RootVisitor
instanceKlass org/gradle/internal/watch/registry/impl/WatchableHierarchies
instanceKlass org/gradle/fileevents/internal/AbstractFileEventFunctions$AbstractFileWatcher
instanceKlass org/gradle/fileevents/FileWatchEvent
instanceKlass org/gradle/fileevents/internal/AbstractFileEventFunctions$NativeFileWatcherCallback
instanceKlass  @bci org/gradle/internal/watch/registry/impl/AbstractFileWatcherRegistryFactory createFileWatcherRegistry (Lorg/gradle/internal/watch/registry/FileWatcherRegistry$ChangeHandler;)Lorg/gradle/internal/watch/registry/FileWatcherRegistry; 15 <appendix> argL0 ; # org/gradle/internal/watch/registry/impl/AbstractFileWatcherRegistryFactory$$Lambda+0x000001fb9e4239c0
instanceKlass org/gradle/internal/watch/registry/impl/DefaultFileWatcherProbeRegistry
instanceKlass org/gradle/internal/watch/vfs/impl/WatchingVirtualFileSystem$BroadcastingChangeHandler
instanceKlass org/gradle/internal/watch/vfs/impl/WatchingVirtualFileSystem$InvalidateVfsChangeHandler
instanceKlass org/gradle/internal/watch/vfs/impl/WatchingVirtualFileSystem$CompositeChangeHandler
instanceKlass org/gradle/internal/watch/vfs/impl/WatchingVirtualFileSystem$FilterChangesToOutputsChangesHandler
instanceKlass  @bci org/gradle/internal/watch/vfs/impl/WatchingVirtualFileSystem$1 call (Lorg/gradle/internal/operations/BuildOperationContext;)Lorg/gradle/internal/snapshot/SnapshotHierarchy; 56 <appendix> member <vmtarget> ; # org/gradle/internal/watch/vfs/impl/WatchingVirtualFileSystem$1$$Lambda+0x000001fb9e422a10
instanceKlass  @bci org/gradle/internal/watch/vfs/impl/DefaultWatchableFileSystemDetector detectUnsupportedFileSystems ()Ljava/util/stream/Stream; 24 <appendix> argL0 ; # org/gradle/internal/watch/vfs/impl/DefaultWatchableFileSystemDetector$$Lambda+0x000001fb9e4227d0
instanceKlass  @bci org/gradle/internal/watch/vfs/impl/DefaultWatchableFileSystemDetector detectUnsupportedFileSystems ()Ljava/util/stream/Stream; 14 <appendix> argL0 ; # org/gradle/internal/watch/vfs/impl/DefaultWatchableFileSystemDetector$$Lambda+0x000001fb9e422580
instanceKlass net/rubygrapefruit/platform/internal/FileSystemList$DefaultCaseSensitivity
instanceKlass net/rubygrapefruit/platform/internal/DefaultFileSystemInfo
instanceKlass net/rubygrapefruit/platform/file/FileSystemInfo
instanceKlass net/rubygrapefruit/platform/internal/jni/PosixFileSystemFunctions
instanceKlass net/rubygrapefruit/platform/file/CaseSensitivity
instanceKlass net/rubygrapefruit/platform/internal/FileSystemList
instanceKlass org/gradle/internal/watch/vfs/BuildStartedFileSystemWatchingBuildOperationType$Details$1
instanceKlass org/gradle/internal/watch/vfs/BuildStartedFileSystemWatchingBuildOperationType$Details
instanceKlass org/gradle/internal/watch/vfs/FileSystemWatchingStatistics
instanceKlass org/gradle/internal/watch/vfs/impl/WatchingVirtualFileSystem$1
instanceKlass  @bci org/gradle/internal/watch/vfs/impl/WatchingVirtualFileSystem afterBuildStarted (Lorg/gradle/internal/watch/registry/WatchMode;Lorg/gradle/internal/watch/vfs/VfsLogging;Lorg/gradle/internal/operations/BuildOperationRunner;)Z 26 <appendix> member <vmtarget> ; # org/gradle/internal/watch/vfs/impl/WatchingVirtualFileSystem$$Lambda+0x000001fb9e41fbd8
instanceKlass org/slf4j/helpers/NamedLoggerBase
instanceKlass org/gradle/configuration/internal/DefaultListenerBuildOperationDecorator
instanceKlass com/google/common/util/concurrent/AbstractFuture$Failure
instanceKlass com/google/common/util/concurrent/AbstractFuture$Cancellation
instanceKlass com/google/common/util/concurrent/AbstractFuture$DelegatingToFuture
instanceKlass com/google/common/util/concurrent/Platform
instanceKlass com/google/common/util/concurrent/Uninterruptibles
instanceKlass org/gradle/api/tasks/util/internal/CachingPatternSpecFactory$CachingSpec
instanceKlass org/gradle/api/internal/file/RelativePathSpec
instanceKlass org/gradle/api/internal/file/pattern/AnythingMatcher
instanceKlass org/gradle/api/internal/file/pattern/FixedPatternStep
instanceKlass org/gradle/api/internal/file/pattern/HasSuffixPatternStep
instanceKlass org/gradle/api/internal/file/pattern/HasPrefixPatternStep
instanceKlass org/gradle/api/internal/file/pattern/HasPrefixAndSuffixPatternStep
instanceKlass org/gradle/api/internal/file/pattern/AnyWildcardPatternStep
instanceKlass org/gradle/api/internal/file/pattern/PatternStep
instanceKlass org/gradle/api/internal/file/pattern/PatternStepFactory
instanceKlass org/gradle/api/internal/file/pattern/FixedStepPathMatcher
instanceKlass org/gradle/api/internal/file/pattern/GreedyPathMatcher
instanceKlass org/gradle/api/internal/file/pattern/EndOfPathMatcher
instanceKlass org/gradle/api/internal/file/pattern/PatternMatcher
instanceKlass org/gradle/api/internal/file/pattern/PathMatcher
instanceKlass org/gradle/api/internal/file/pattern/PatternMatcherFactory
instanceKlass com/google/common/base/Stopwatch
instanceKlass com/google/common/util/concurrent/AbstractFuture$Listener
instanceKlass com/google/common/util/concurrent/AbstractFutureState$Waiter
instanceKlass com/google/common/util/concurrent/LazyLogger
instanceKlass com/google/common/util/concurrent/AbstractFutureState$AtomicHelper
instanceKlass com/google/common/util/concurrent/internal/InternalFutureFailureAccess
instanceKlass com/google/common/util/concurrent/AbstractFuture$Trusted
instanceKlass com/google/common/util/concurrent/ListenableFuture
instanceKlass org/gradle/api/tasks/util/internal/CachingPatternSpecFactory$1
instanceKlass org/gradle/api/tasks/util/internal/CachingPatternSpecFactory$SpecKey
instanceKlass  @bci org/gradle/launcher/exec/RootBuildLifecycleBuildActionExecutor execute (Lorg/gradle/internal/invocation/BuildAction;Lorg/gradle/internal/buildtree/BuildTreeContext;)Lorg/gradle/internal/buildtree/BuildActionRunner$Result; 70 <appendix> member <vmtarget> ; # org/gradle/launcher/exec/RootBuildLifecycleBuildActionExecutor$$Lambda+0x000001fb9e4179c8
instanceKlass org/gradle/initialization/buildsrc/BuildSrcDetector
instanceKlass  @bci org/gradle/internal/vfs/impl/AbstractVirtualFileSystem updateRootUnderLock (Ljava/util/function/UnaryOperator;)V 3 <appendix> member <vmtarget> ; # org/gradle/internal/vfs/impl/AbstractVirtualFileSystem$$Lambda+0x000001fb9e417598
instanceKlass  @bci org/gradle/internal/watch/vfs/impl/WatchingVirtualFileSystem registerWatchableHierarchy (Ljava/io/File;)V 3 <appendix> member <vmtarget> ; # org/gradle/internal/watch/vfs/impl/WatchingVirtualFileSystem$$Lambda+0x000001fb9e417338
instanceKlass org/gradle/internal/buildtree/DefaultBuildTreeLifecycleController
instanceKlass org/gradle/internal/buildtree/BuildTreeLifecycleController
instanceKlass org/gradle/internal/cc/impl/VintageBuildTreeWorkController
instanceKlass org/gradle/internal/buildtree/BuildTreeWorkController
instanceKlass org/gradle/internal/buildtree/IntermediateBuildActionRunner
instanceKlass org/gradle/internal/buildtree/BuildTreeModelController
instanceKlass org/gradle/internal/buildtree/DefaultBuildTreeModelCreator
instanceKlass org/gradle/internal/buildtree/BuildTreeModelCreator
instanceKlass org/gradle/internal/buildtree/DefaultBuildTreeWorkPreparer
instanceKlass org/gradle/internal/buildtree/BuildTreeWorkPreparer
instanceKlass org/gradle/internal/buildtree/DefaultBuildTreeFinishExecutor
instanceKlass org/gradle/composite/internal/OperationFiringBuildTreeFinishExecutor$3
instanceKlass org/gradle/composite/internal/OperationFiringBuildTreeFinishExecutor$2
instanceKlass org/gradle/operations/lifecycle/FinishRootBuildTreeBuildOperationType$Result
instanceKlass org/gradle/operations/lifecycle/FinishRootBuildTreeBuildOperationType$Details
instanceKlass org/gradle/composite/internal/OperationFiringBuildTreeFinishExecutor
instanceKlass org/gradle/internal/buildtree/DefaultBuildTreeWorkExecutor
instanceKlass org/gradle/internal/buildtree/BuildOperationFiringBuildTreeWorkExecutor$1
instanceKlass org/gradle/operations/lifecycle/RunRequestedWorkBuildOperationType$Details
instanceKlass org/gradle/internal/buildtree/BuildOperationFiringBuildTreeWorkExecutor
# instanceKlass java/lang/invoke/LambdaForm$MH+0x000001fb9e413000
# instanceKlass java/lang/invoke/LambdaForm$MH+0x000001fb9e412c00
# instanceKlass java/lang/invoke/LambdaForm$MH+0x000001fb9e412800
# instanceKlass java/lang/invoke/LambdaForm$MH+0x000001fb9e412400
# instanceKlass java/lang/invoke/LambdaForm$MH+0x000001fb9e412000
# instanceKlass java/lang/invoke/LambdaForm$MH+0x000001fb9e411c00
# instanceKlass java/lang/invoke/LambdaForm$MH+0x000001fb9e411800
# instanceKlass java/lang/invoke/LambdaForm$MH+0x000001fb9e411400
# instanceKlass java/lang/invoke/LambdaForm$DMH+0x000001fb9e411000
instanceKlass org/gradle/internal/cc/impl/models/DefaultToolingModelParameterCarrierFactory
instanceKlass org/gradle/execution/SelectedTaskExecutionAction
instanceKlass org/gradle/execution/DryRunBuildExecutionAction
instanceKlass org/gradle/execution/BuildOperationFiringBuildWorkerExecutor
instanceKlass org/gradle/internal/build/DefaultBuildWorkPreparer
instanceKlass org/gradle/internal/build/BuildOperationFiringBuildWorkPreparer
instanceKlass org/gradle/execution/plan/ToPlannedNodeConverterRegistry$MissingToPlannedNodeConverter
instanceKlass org/gradle/execution/plan/ExecutionPlan
# instanceKlass java/lang/invoke/LambdaForm$MH+0x000001fb9e410c00
# instanceKlass java/lang/invoke/LambdaForm$MH+0x000001fb9e410800
# instanceKlass java/lang/invoke/LambdaForm$MH+0x000001fb9e410400
# instanceKlass java/lang/invoke/LambdaForm$MH+0x000001fb9e410000
# instanceKlass java/lang/invoke/LambdaForm$MH+0x000001fb9e40dc00
# instanceKlass java/lang/invoke/LambdaForm$MH+0x000001fb9e40d800
instanceKlass org/gradle/internal/graph/CachingDirectedGraphWalker$GraphWithEmptyEdges
instanceKlass org/gradle/api/internal/tasks/CachingTaskDependencyResolveContext$TaskGraphImpl
instanceKlass org/gradle/internal/graph/DirectedGraphWithEdgeValues
instanceKlass org/gradle/internal/graph/CachingDirectedGraphWalker
instanceKlass org/gradle/internal/graph/DirectedGraph
instanceKlass org/gradle/api/internal/tasks/AbstractTaskDependencyResolveContext
instanceKlass org/gradle/api/internal/tasks/TaskDependencyResolveContext
instanceKlass org/gradle/api/internal/artifacts/transform/ToPlannedTransformStepConverter
instanceKlass org/gradle/internal/taskgraph/CalculateTaskGraphBuildOperationType$TaskIdentity
instanceKlass org/gradle/internal/taskgraph/NodeIdentity
instanceKlass org/gradle/execution/plan/PlannedNodeInternal
instanceKlass org/gradle/internal/taskgraph/CalculateTaskGraphBuildOperationType$PlannedNode
instanceKlass org/gradle/execution/plan/ToPlannedTaskConverter
instanceKlass  @bci org/gradle/execution/plan/TaskNodeFactory <init> (Lorg/gradle/api/internal/GradleInternal;Lorg/gradle/composite/internal/BuildTreeWorkGraphController;Lorg/gradle/execution/plan/NodeValidator;Lorg/gradle/internal/operations/BuildOperationRunner;Lorg/gradle/execution/plan/ExecutionNodeAccessHierarchies;Lorg/gradle/api/problems/internal/InternalProblems;)V 49 <appendix> member <vmtarget> ; # org/gradle/execution/plan/TaskNodeFactory$$Lambda+0x000001fb9e40b9d8
instanceKlass org/gradle/execution/plan/TaskNodeFactory$DefaultTypeOriginInspectorFactory
# instanceKlass java/lang/invoke/LambdaForm$MH+0x000001fb9e40d400
# instanceKlass java/lang/invoke/LambdaForm$MH+0x000001fb9e40d000
# instanceKlass java/lang/invoke/LambdaForm$MH+0x000001fb9e40cc00
# instanceKlass java/lang/invoke/LambdaForm$MH+0x000001fb9e40c800
# instanceKlass java/lang/invoke/LambdaForm$MH+0x000001fb9e40c400
# instanceKlass java/lang/invoke/LambdaForm$MH+0x000001fb9e40c000
instanceKlass org/gradle/execution/plan/SingleFileTreeElementMatcher
instanceKlass org/gradle/internal/collect/PersistentList
instanceKlass org/gradle/execution/plan/ValuedVfsHierarchy
instanceKlass org/gradle/execution/plan/ExecutionNodeAccessHierarchy$AbstractNodeAccessVisitor
instanceKlass org/gradle/execution/plan/ValuedVfsHierarchy$ValueVisitor
instanceKlass org/gradle/execution/plan/ExecutionNodeAccessHierarchy
instanceKlass org/gradle/internal/build/BuildModelLifecycleListener
instanceKlass org/gradle/BuildResult
instanceKlass org/gradle/execution/plan/BuildWorkPlan
instanceKlass org/gradle/internal/build/DefaultBuildLifecycleController
instanceKlass org/gradle/internal/model/StateTransitionController$CurrentState
instanceKlass org/gradle/internal/model/StateTransitionController
instanceKlass org/gradle/api/internal/artifacts/DefaultBuildIdentifier
instanceKlass org/gradle/internal/model/StateTransitionController$State
instanceKlass org/gradle/initialization/VintageBuildModelController
instanceKlass org/gradle/initialization/DefaultTaskExecutionPreparer
instanceKlass org/gradle/execution/EntryTaskSelector$Context
instanceKlass org/gradle/execution/TaskNameResolvingBuildTaskScheduler
instanceKlass org/gradle/execution/DefaultTasksBuildTaskScheduler
instanceKlass  @bci org/gradle/execution/selection/DefaultBuildTaskSelector relativeToBuild (Lorg/gradle/internal/build/BuildState;)Lorg/gradle/execution/selection/BuildTaskSelector$BuildSpecificSelector; 2 <appendix> member <vmtarget> ; # org/gradle/execution/selection/DefaultBuildTaskSelector$$Lambda+0x000001fb9e406280
instanceKlass org/gradle/execution/commandline/CommandLineTaskConfigurer
# instanceKlass java/lang/invoke/LambdaForm$MH+0x000001fb9e405800
# instanceKlass java/lang/invoke/LambdaForm$MH+0x000001fb9e405400
instanceKlass org/gradle/api/internal/tasks/options/OptionValueNotationParserFactory
instanceKlass org/gradle/initialization/DefaultSettingsPreparer
instanceKlass org/gradle/initialization/BuildOperationFiringSettingsPreparer$1
instanceKlass org/gradle/initialization/LoadBuildBuildOperationType$Result
instanceKlass org/gradle/initialization/BuildOperationFiringSettingsPreparer
# instanceKlass java/lang/invoke/LambdaForm$MH+0x000001fb9e405000
# instanceKlass java/lang/invoke/LambdaForm$MH+0x000001fb9e404c00
# instanceKlass java/lang/invoke/LambdaForm$MH+0x000001fb9e404800
# instanceKlass java/lang/invoke/LambdaForm$MH+0x000001fb9e404400
# instanceKlass java/lang/invoke/LambdaForm$MH+0x000001fb9e404000
# instanceKlass java/lang/invoke/LambdaForm$MH+0x000001fb9e403c00
# instanceKlass java/lang/invoke/LambdaForm$MH+0x000001fb9e403800
# instanceKlass java/lang/invoke/LambdaForm$MH+0x000001fb9e403400
# instanceKlass java/lang/invoke/LambdaForm$MH+0x000001fb9e403000
# instanceKlass java/lang/invoke/LambdaForm$MH+0x000001fb9e402c00
# instanceKlass java/lang/invoke/LambdaForm$MH+0x000001fb9e402800
# instanceKlass java/lang/invoke/LambdaForm$MH+0x000001fb9e402400
# instanceKlass java/lang/invoke/LambdaForm$MH+0x000001fb9e402000
# instanceKlass java/lang/invoke/LambdaForm$MH+0x000001fb9e401c00
instanceKlass org/gradle/configuration/DefaultInitScriptProcessor
instanceKlass org/gradle/initialization/SettingsFactory
instanceKlass org/gradle/initialization/ScriptEvaluatingSettingsProcessor
instanceKlass org/gradle/initialization/SettingsEvaluatedCallbackFiringSettingsProcessor
instanceKlass org/gradle/initialization/RootBuildCacheControllerSettingsProcessor
instanceKlass org/gradle/initialization/BuildOperationSettingsProcessor$1
instanceKlass org/gradle/initialization/EvaluateSettingsBuildOperationType$Result
instanceKlass org/gradle/initialization/BuildOperationSettingsProcessor
# instanceKlass java/lang/invoke/LambdaForm$MH+0x000001fb9e401800
# instanceKlass java/lang/invoke/LambdaForm$MH+0x000001fb9e401400
# instanceKlass java/lang/invoke/LambdaForm$MH+0x000001fb9e401000
# instanceKlass java/lang/invoke/LambdaForm$MH+0x000001fb9e400c00
# instanceKlass java/lang/invoke/LambdaForm$MH+0x000001fb9e400800
# instanceKlass java/lang/invoke/LambdaForm$MH+0x000001fb9e400400
# instanceKlass java/lang/invoke/LambdaForm$MH+0x000001fb9e400000
# instanceKlass java/lang/invoke/LambdaForm$MH+0x000001fb9e3fbc00
instanceKlass org/gradle/internal/resource/TextResource
instanceKlass org/gradle/internal/resource/DefaultTextFileResourceLoader
instanceKlass org/gradle/api/internal/initialization/DefaultBuildLogicBuilder
instanceKlass org/gradle/groovy/scripts/internal/ScriptSourceListener
instanceKlass org/gradle/configuration/DefaultScriptPluginFactory
instanceKlass org/gradle/configuration/ScriptPluginFactorySelector$1
instanceKlass org/gradle/configuration/ScriptPluginFactorySelector$ProviderInstantiator
instanceKlass org/gradle/configuration/ScriptPlugin
instanceKlass org/gradle/api/Plugin
instanceKlass org/gradle/configuration/ScriptPluginFactorySelector
# instanceKlass java/lang/invoke/LambdaForm$MH+0x000001fb9e3fb800
# instanceKlass java/lang/invoke/LambdaForm$MH+0x000001fb9e3fb400
# instanceKlass java/lang/invoke/LambdaForm$MH+0x000001fb9e3fb000
# instanceKlass java/lang/invoke/LambdaForm$MH+0x000001fb9e3fac00
# instanceKlass java/lang/invoke/LambdaForm$MH+0x000001fb9e3fa800
# instanceKlass java/lang/invoke/LambdaForm$MH+0x000001fb9e3fa400
# instanceKlass java/lang/invoke/LambdaForm$MH+0x000001fb9e3fa000
# instanceKlass java/lang/invoke/LambdaForm$MH+0x000001fb9e3f9c00
# instanceKlass java/lang/invoke/LambdaForm$MH+0x000001fb9e3f9800
# instanceKlass java/lang/invoke/LambdaForm$MH+0x000001fb9e3f9400
# instanceKlass java/lang/invoke/LambdaForm$MH+0x000001fb9e3f9000
instanceKlass org/gradle/groovy/scripts/Transformer
instanceKlass org/gradle/groovy/scripts/internal/StatementTransformer
instanceKlass org/gradle/configuration/project/DefaultCompileOperationFactory
# instanceKlass java/lang/invoke/LambdaForm$MH+0x000001fb9e3f8c00
# instanceKlass java/lang/invoke/LambdaForm$MH+0x000001fb9e3f8800
# instanceKlass java/lang/invoke/LambdaForm$MH+0x000001fb9e3f8400
# instanceKlass java/lang/invoke/LambdaForm$MH+0x000001fb9e3f8000
# instanceKlass java/lang/invoke/LambdaForm$MH+0x000001fb9e3f3c00
# instanceKlass java/lang/invoke/LambdaForm$MH+0x000001fb9e3f3800
# instanceKlass java/lang/invoke/LambdaForm$MH+0x000001fb9e3f3400
# instanceKlass java/lang/invoke/LambdaForm$MH+0x000001fb9e3f3000
instanceKlass  @bci org/gradle/plugin/management/internal/DefaultPluginResolutionStrategy_Decorated $gradleInit ()V 1 <appendix> member <vmtarget> ; # org/gradle/plugin/management/internal/DefaultPluginResolutionStrategy_Decorated$$Lambda+0x000001fb9e3ada60
instanceKlass org/gradle/plugin/use/PluginId
instanceKlass  @bci org/gradle/cache/internal/DefaultCrossBuildInMemoryCacheFactory$DefaultClassMap getCacheScope (Ljava/lang/Class;)Ljava/util/Map; 17 <appendix> argL0 ; # org/gradle/cache/internal/DefaultCrossBuildInMemoryCacheFactory$DefaultClassMap$$Lambda+0x000001fb9e3f65b0
instanceKlass org/gradle/plugin/management/internal/DefaultPluginResolutionStrategy
instanceKlass  @bci org/gradle/plugin/internal/PluginUseServices$BuildScopeServices createPluginDependencyResolutionServices (Lorg/gradle/api/internal/artifacts/DependencyManagementServices;)Lorg/gradle/plugin/use/internal/PluginDependencyResolutionServices; 5 <appendix> member <vmtarget> ; # org/gradle/plugin/internal/PluginUseServices$BuildScopeServices$$Lambda+0x000001fb9e3acf58
instanceKlass org/gradle/plugin/use/resolve/internal/PluginArtifactRepositories
instanceKlass org/gradle/api/artifacts/dsl/RepositoryHandler
instanceKlass org/gradle/api/artifacts/ArtifactRepositoryContainer
instanceKlass org/gradle/api/NamedDomainObjectList
instanceKlass  @bci org/gradle/plugin/use/resolve/service/internal/ClientInjectedClasspathPluginResolver <clinit> ()V 0 <appendix> argL0 ; # org/gradle/plugin/use/resolve/service/internal/ClientInjectedClasspathPluginResolver$$Lambda+0x000001fb9e3acb38
instanceKlass  @cpi org/gradle/internal/watch/registry/impl/HierarchicalFileWatcherUpdater$FileSystemLocationToWatchValidator 34 form vmentry <vmtarget> ; # java/lang/invoke/LambdaForm$DMH+0x000001fb9e3f2c00
# instanceKlass java/lang/invoke/LambdaForm$MH+0x000001fb9e3f2800
# instanceKlass java/lang/invoke/LambdaForm$MH+0x000001fb9e3f2400
# instanceKlass java/lang/invoke/LambdaForm$MH+0x000001fb9e3f2000
# instanceKlass java/lang/invoke/LambdaForm$MH+0x000001fb9e3f1c00
# instanceKlass java/lang/invoke/LambdaForm$MH+0x000001fb9e3f1800
# instanceKlass java/lang/invoke/LambdaForm$MH+0x000001fb9e3f1400
# instanceKlass java/lang/invoke/LambdaForm$MH+0x000001fb9e3f1000
# instanceKlass java/lang/invoke/LambdaForm$MH+0x000001fb9e3f0c00
# instanceKlass java/lang/invoke/LambdaForm$MH+0x000001fb9e3f0800
instanceKlass org/gradle/api/internal/artifacts/Module
instanceKlass org/gradle/api/internal/artifacts/DefaultDependencyManagementServices
instanceKlass org/gradle/api/internal/plugins/PluginImplementation
instanceKlass org/gradle/api/internal/plugins/DefaultPluginRegistry
instanceKlass org/gradle/api/internal/plugins/PotentialPlugin
instanceKlass org/gradle/model/internal/inspect/ModelRuleSourceDetector$1
instanceKlass com/google/common/collect/MapMakerInternalMap$AbstractStrongKeyEntry
instanceKlass com/google/common/collect/MapMakerInternalMap$WeakValueEntry
instanceKlass com/google/common/collect/MapMakerInternalMap$StrongKeyWeakValueEntry$Helper
instanceKlass org/gradle/api/internal/initialization/ClassLoaderScopeIdentifier
instanceKlass org/gradle/api/internal/initialization/AbstractClassLoaderScope
instanceKlass org/gradle/api/internal/initialization/loadercache/ClassLoaderId
instanceKlass org/gradle/initialization/ClassLoaderScopeOrigin
instanceKlass org/gradle/initialization/ClassLoaderScopeId
instanceKlass org/gradle/initialization/DefaultClassLoaderScopeRegistry
instanceKlass org/gradle/api/internal/initialization/loadercache/DefaultClassLoaderCache$ClassLoaderSpec
instanceKlass org/gradle/api/internal/initialization/loadercache/DefaultClassLoaderCache
# instanceKlass java/lang/invoke/LambdaForm$MH+0x000001fb9e3f0400
# instanceKlass java/lang/invoke/LambdaForm$MH+0x000001fb9e3f0000
# instanceKlass java/lang/invoke/LambdaForm$MH+0x000001fb9e3efc00
instanceKlass org/gradle/plugin/management/internal/autoapply/CompositeAutoAppliedPluginRegistry
instanceKlass org/gradle/plugin/management/internal/DefaultPluginHandler
instanceKlass org/gradle/groovy/scripts/internal/BuildScopeInMemoryCachingScriptClassCompiler
instanceKlass org/gradle/groovy/scripts/ScriptCompiler
instanceKlass org/gradle/groovy/scripts/DefaultScriptCompilerFactory
instanceKlass org/gradle/groovy/scripts/ScriptRunner
instanceKlass org/gradle/groovy/scripts/internal/DefaultScriptRunnerFactory
instanceKlass org/gradle/internal/scripts/ScriptExecutionListener
instanceKlass org/gradle/groovy/scripts/internal/BuildOperationBackedScriptCompilationHandler$1
instanceKlass org/gradle/internal/scripts/CompileScriptBuildOperationType$Result
instanceKlass org/gradle/groovy/scripts/internal/BuildOperationBackedScriptCompilationHandler
instanceKlass org/gradle/internal/execution/UnitOfWork
instanceKlass org/gradle/internal/classpath/transforms/ClassTransform
# instanceKlass java/lang/invoke/LambdaForm$MH+0x000001fb9e3ef800
# instanceKlass java/lang/invoke/LambdaForm$MH+0x000001fb9e3ef400
# instanceKlass java/lang/invoke/LambdaForm$MH+0x000001fb9e3ef000
# instanceKlass java/lang/invoke/LambdaForm$MH+0x000001fb9e3eec00
# instanceKlass java/lang/invoke/LambdaForm$MH+0x000001fb9e3ee800
# instanceKlass java/lang/invoke/LambdaForm$MH+0x000001fb9e3ee400
# instanceKlass java/lang/invoke/LambdaForm$MH+0x000001fb9e3ee000
# instanceKlass java/lang/invoke/LambdaForm$MH+0x000001fb9e3edc00
# instanceKlass java/lang/invoke/LambdaForm$MH+0x000001fb9e3ed800
# instanceKlass java/lang/invoke/LambdaForm$MH+0x000001fb9e3ed400
# instanceKlass java/lang/invoke/LambdaForm$MH+0x000001fb9e3ed000
# instanceKlass java/lang/invoke/LambdaForm$MH+0x000001fb9e3ecc00
# instanceKlass java/lang/invoke/LambdaForm$BMH+0x000001fb9e3ec800
# instanceKlass java/lang/invoke/LambdaForm$DMH+0x000001fb9e3ec400
# instanceKlass java/lang/invoke/LambdaForm$DMH+0x000001fb9e3ec000
instanceKlass  @bci org/gradle/internal/classpath/types/GradleCoreInstrumentationTypeRegistry <init> (Lorg/gradle/internal/hash/StreamHasher;)V 50 <appendix> member <vmtarget> ; # org/gradle/internal/classpath/types/GradleCoreInstrumentationTypeRegistry$$Lambda+0x000001fb9e3e86a8
instanceKlass  @bci org/gradle/internal/classpath/types/GradleCoreInstrumentationTypeRegistry <init> (Lorg/gradle/internal/hash/StreamHasher;)V 32 <appendix> member <vmtarget> ; # org/gradle/internal/classpath/types/GradleCoreInstrumentationTypeRegistry$$Lambda+0x000001fb9e3e8480
instanceKlass  @bci org/gradle/internal/classpath/types/GradleCoreInstrumentationTypeRegistry <init> (Lorg/gradle/internal/hash/StreamHasher;)V 14 <appendix> member <vmtarget> ; # org/gradle/internal/classpath/types/GradleCoreInstrumentationTypeRegistry$$Lambda+0x000001fb9e3e8258
instanceKlass org/gradle/cache/internal/DefaultCacheCoordinator$TransparentFileAccess
instanceKlass  @bci org/gradle/cache/internal/DefaultCacheCoordinator <init> (Ljava/lang/String;Ljava/io/File;Lorg/gradle/cache/LockOptions;Ljava/io/File;Lorg/gradle/cache/FileLockManager;Lorg/gradle/cache/internal/CacheInitializationAction;Lorg/gradle/cache/internal/CacheCleanupExecutor;Lorg/gradle/internal/concurrent/ExecutorFactory;)V 264 <appendix> member <vmtarget> ; # org/gradle/cache/internal/DefaultCacheCoordinator$$Lambda+0x000001fb9e3e5d30
instanceKlass  @bci org/gradle/internal/execution/workspace/impl/CacheBasedImmutableWorkspaceProvider <init> (Lorg/gradle/cache/CacheBuilder;Lorg/gradle/internal/file/FileAccessTimeJournal;ILorg/gradle/api/internal/cache/CacheConfigurationsInternal;Lorg/gradle/cache/CacheCleanupStrategyFactory;)V 26 <appendix> member <vmtarget> ; # org/gradle/internal/execution/workspace/impl/CacheBasedImmutableWorkspaceProvider$$Lambda+0x000001fb9e3e5b08
instanceKlass org/gradle/internal/execution/workspace/ImmutableWorkspaceProvider$ImmutableWorkspace
instanceKlass org/gradle/internal/execution/workspace/impl/CacheBasedImmutableWorkspaceProvider
# instanceKlass java/lang/invoke/LambdaForm$MH+0x000001fb9e3e4c00
instanceKlass org/gradle/internal/execution/impl/DefaultInputFingerprinter
# instanceKlass java/lang/invoke/LambdaForm$MH+0x000001fb9e3e4800
# instanceKlass java/lang/invoke/LambdaForm$MH+0x000001fb9e3e4400
instanceKlass  @bci org/gradle/internal/execution/impl/DefaultFileCollectionFingerprinterRegistry entriesFrom (Ljava/util/Collection;)Ljava/util/List; 6 <appendix> argL0 ; # org/gradle/internal/execution/impl/DefaultFileCollectionFingerprinterRegistry$$Lambda+0x000001fb9e3e5230
instanceKlass org/gradle/internal/execution/impl/DefaultFileCollectionFingerprinterRegistry
instanceKlass org/gradle/api/internal/changedetection/state/CachingFileSystemLocationSnapshotHasher
instanceKlass org/gradle/api/internal/changedetection/state/LineEndingNormalizingInputStreamHasher
instanceKlass org/gradle/internal/execution/impl/DefaultFileNormalizationSpec
instanceKlass org/gradle/internal/execution/FileNormalizationSpec
instanceKlass  @bci org/gradle/internal/fingerprint/impl/FileCollectionFingerprinterRegistrations registrationsFor (Lorg/gradle/internal/fingerprint/LineEndingSensitivity;Lorg/gradle/internal/fingerprint/DirectorySensitivity;Ljava/util/stream/Stream;)Ljava/util/stream/Stream; 13 <appendix> member <vmtarget> ; # org/gradle/internal/fingerprint/impl/FileCollectionFingerprinterRegistrations$$Lambda+0x000001fb9e3e6e28
instanceKlass org/gradle/internal/execution/impl/FingerprinterRegistration
instanceKlass  @bci org/gradle/internal/fingerprint/impl/FileCollectionFingerprinterRegistrations registrationsFor (Lorg/gradle/internal/fingerprint/LineEndingSensitivity;Lorg/gradle/internal/fingerprint/DirectorySensitivity;Ljava/util/stream/Stream;)Ljava/util/stream/Stream; 1 <appendix> argL0 ; # org/gradle/internal/fingerprint/impl/FileCollectionFingerprinterRegistrations$$Lambda+0x000001fb9e3e69c8
instanceKlass org/gradle/internal/fingerprint/FileSystemLocationFingerprint
instanceKlass  @bci org/gradle/internal/fingerprint/impl/AbstractDirectorySensitiveFingerprintingStrategy <init> (Ljava/lang/String;Lorg/gradle/internal/fingerprint/DirectorySensitivity;Lorg/gradle/internal/fingerprint/hashing/ConfigurableNormalizer;)V 4 <appendix> member <vmtarget> ; # org/gradle/internal/fingerprint/impl/AbstractDirectorySensitiveFingerprintingStrategy$$Lambda+0x000001fb9e3e3b88
instanceKlass  @bci org/gradle/internal/fingerprint/DirectorySensitivity <clinit> ()V 25 <appendix> argL0 ; # org/gradle/internal/fingerprint/DirectorySensitivity$$Lambda+0x000001fb9e3e2fe0
instanceKlass  @bci org/gradle/internal/fingerprint/DirectorySensitivity <clinit> ()V 7 <appendix> argL0 ; # org/gradle/internal/fingerprint/DirectorySensitivity$$Lambda+0x000001fb9e3e2d90
instanceKlass  @bci org/gradle/internal/fingerprint/impl/FileCollectionFingerprinterRegistrations lambda$new$1 (Lorg/gradle/api/internal/changedetection/state/ResourceSnapshotterCacheService;Lorg/gradle/internal/execution/FileCollectionSnapshotter;Lorg/gradle/api/internal/changedetection/state/ResourceFilter;Lorg/gradle/api/internal/changedetection/state/ResourceEntryFilter;Ljava/util/Map;Lorg/gradle/api/internal/cache/StringInterner;Ljava/util/List;Lorg/gradle/internal/fingerprint/LineEndingSensitivity;)Ljava/util/stream/Stream; 36 <appendix> member <vmtarget> ; # org/gradle/internal/fingerprint/impl/FileCollectionFingerprinterRegistrations$$Lambda+0x000001fb9e3e2b48
instanceKlass org/gradle/internal/fingerprint/impl/FileCollectionFingerprinterRegistrations$1
instanceKlass org/gradle/api/internal/changedetection/state/LineEndingNormalizingFileSystemLocationSnapshotHasher$1
instanceKlass org/gradle/api/internal/changedetection/state/LineEndingNormalizingFileSystemLocationSnapshotHasher
instanceKlass org/gradle/internal/fingerprint/hashing/FileSystemLocationSnapshotHasher$1
instanceKlass  @bci org/gradle/internal/fingerprint/impl/FileCollectionFingerprinterRegistrations <init> (Lorg/gradle/api/internal/cache/StringInterner;Lorg/gradle/internal/execution/FileCollectionSnapshotter;Lorg/gradle/api/internal/changedetection/state/ResourceSnapshotterCacheService;Lorg/gradle/api/internal/changedetection/state/ResourceFilter;Lorg/gradle/api/internal/changedetection/state/ResourceEntryFilter;Ljava/util/Map;)V 24 <appendix> form vmentry <vmtarget> ; # java/lang/invoke/LambdaForm$DMH+0x000001fb9e3e4000
instanceKlass  @bci org/gradle/internal/fingerprint/impl/FileCollectionFingerprinterRegistrations <init> (Lorg/gradle/api/internal/cache/StringInterner;Lorg/gradle/internal/execution/FileCollectionSnapshotter;Lorg/gradle/api/internal/changedetection/state/ResourceSnapshotterCacheService;Lorg/gradle/api/internal/changedetection/state/ResourceFilter;Lorg/gradle/api/internal/changedetection/state/ResourceEntryFilter;Ljava/util/Map;)V 24 <appendix> member <vmtarget> ; # org/gradle/internal/fingerprint/impl/FileCollectionFingerprinterRegistrations$$Lambda+0x000001fb9e3e1938
instanceKlass  @bci org/gradle/internal/tools/api/ApiClassExtractor$Builder <init> (Lorg/gradle/internal/tools/api/ApiMemberWriterFactory;)V 5 <appendix> argL0 ; # org/gradle/internal/tools/api/ApiClassExtractor$Builder$$Lambda+0x000001fb9e3e0de8
instanceKlass  @bci org/gradle/internal/tools/api/ApiClassExtractor withWriter (Lorg/gradle/internal/tools/api/ApiMemberWriterAdapter;)Lorg/gradle/internal/tools/api/ApiClassExtractor$Builder; 5 <appendix> member <vmtarget> ; # org/gradle/internal/tools/api/ApiClassExtractor$$Lambda+0x000001fb9e3e0bc0
instanceKlass org/gradle/internal/tools/api/ApiMemberWriterFactory
instanceKlass org/gradle/internal/tools/api/ApiClassExtractor$Builder
instanceKlass org/gradle/internal/tools/api/ApiClassExtractor
instanceKlass  @bci org/gradle/internal/tools/api/impl/JavaApiMemberWriter adapter ()Lorg/gradle/internal/tools/api/ApiMemberWriterAdapter; 0 <appendix> argL0 ; # org/gradle/internal/tools/api/impl/JavaApiMemberWriter$$Lambda+0x000001fb9e3ddb90
instanceKlass org/gradle/internal/tools/api/ApiMemberWriterAdapter
instanceKlass org/gradle/internal/tools/api/impl/JavaApiMemberWriter
instanceKlass org/gradle/internal/tools/api/ApiMemberWriter
instanceKlass org/gradle/api/internal/changedetection/state/AbiExtractingClasspathResourceHasher
instanceKlass org/gradle/internal/fingerprint/classpath/CompileClasspathFingerprinter
instanceKlass org/gradle/internal/fingerprint/hashing/FileSystemLocationSnapshotHasher
instanceKlass org/gradle/api/internal/changedetection/state/SplitResourceSnapshotterCacheService
# instanceKlass java/lang/invoke/LambdaForm$MH+0x000001fb9e3dcc00
# instanceKlass java/lang/invoke/LambdaForm$MH+0x000001fb9e3dc800
# instanceKlass java/lang/invoke/LambdaForm$MH+0x000001fb9e3dc400
instanceKlass org/gradle/internal/execution/steps/ChoosePipelineStep
instanceKlass org/gradle/internal/execution/steps/IdentityCacheStep
instanceKlass org/gradle/internal/execution/ExecutionEngine$Request
instanceKlass org/gradle/internal/execution/impl/DefaultExecutionEngine
instanceKlass org/gradle/internal/execution/steps/RemovePreviousOutputsStep
instanceKlass org/gradle/internal/execution/steps/OverlappingOutputsFilter
instanceKlass org/gradle/internal/execution/steps/CachingContext
instanceKlass org/gradle/internal/execution/steps/ResolveInputChangesStep
instanceKlass org/gradle/internal/execution/history/AfterExecutionState
instanceKlass org/gradle/internal/execution/steps/StoreExecutionStateStep
instanceKlass org/gradle/internal/execution/steps/SkipUpToDateStep
instanceKlass org/gradle/internal/execution/history/changes/IncrementalInputProperties
instanceKlass org/gradle/internal/execution/steps/ResolveChangesStep
instanceKlass org/gradle/internal/execution/UnitOfWork$InputVisitor
instanceKlass org/gradle/internal/execution/steps/AbstractSkipEmptyWorkStep
instanceKlass org/gradle/internal/execution/steps/LoadPreviousExecutionStateStep
instanceKlass org/gradle/internal/execution/steps/HandleStaleOutputsStep
instanceKlass org/gradle/internal/execution/steps/AssignMutableWorkspaceStep
instanceKlass org/gradle/internal/execution/steps/BroadcastChangingOutputsStep
instanceKlass org/gradle/internal/execution/steps/NoInputChangesStep
instanceKlass  @bci org/gradle/internal/execution/steps/AfterExecutionOutputFilter <clinit> ()V 0 <appendix> argL0 ; # org/gradle/internal/execution/steps/AfterExecutionOutputFilter$$Lambda+0x000001fb9e3d8ad8
instanceKlass  @cpi org/gradle/internal/execution/steps/AfterExecutionOutputFilter 42 form vmentry <vmtarget> ; # java/lang/invoke/LambdaForm$DMH+0x000001fb9e3dc000
instanceKlass org/gradle/caching/internal/CacheableEntity
instanceKlass org/gradle/internal/execution/steps/BuildCacheStep
instanceKlass org/gradle/internal/execution/steps/NeverUpToDateStep
instanceKlass org/gradle/internal/execution/steps/legacy/MarkSnapshottingInputsFinishedStep
instanceKlass org/gradle/internal/Either
instanceKlass org/gradle/internal/execution/caching/CachingState$Disabled
instanceKlass org/gradle/internal/execution/caching/CachingState
instanceKlass org/gradle/internal/execution/caching/CachingDisabledReason
instanceKlass org/gradle/internal/execution/caching/CachingStateFactory
instanceKlass org/gradle/internal/execution/steps/AbstractResolveCachingStateStep
instanceKlass org/gradle/internal/execution/steps/ValidateStep
instanceKlass org/gradle/internal/execution/history/BeforeExecutionState
instanceKlass org/gradle/internal/execution/history/ExecutionInputState
instanceKlass org/gradle/internal/execution/UnitOfWork$ImplementationVisitor
instanceKlass org/gradle/internal/execution/steps/ExecutionRequestContext
instanceKlass org/gradle/internal/execution/steps/BuildOperationStep
instanceKlass org/gradle/internal/execution/steps/legacy/MarkSnapshottingInputsStartedStep
instanceKlass org/gradle/internal/execution/history/ExecutionOutputState
instanceKlass org/gradle/internal/snapshot/FileSystemSnapshotHierarchyVisitor
instanceKlass org/gradle/internal/execution/ExecutionEngine$Result
instanceKlass org/gradle/internal/execution/steps/Result
instanceKlass org/gradle/internal/execution/steps/AssignImmutableWorkspaceStep
instanceKlass org/gradle/internal/execution/ExecutionEngine$Execution
instanceKlass org/gradle/internal/execution/UnitOfWork$ExecutionRequest
instanceKlass org/gradle/internal/execution/steps/ExecuteStep
instanceKlass org/gradle/internal/execution/steps/CancelExecutionStep
instanceKlass org/gradle/internal/execution/steps/TimeoutStep
instanceKlass org/gradle/internal/execution/steps/Context
instanceKlass org/gradle/internal/execution/steps/PreCreateOutputParentsStep
instanceKlass  @bci org/gradle/internal/service/scopes/ExecutionBuildServices createExecutionEngine (Lorg/gradle/caching/internal/controller/BuildCacheController;Lorg/gradle/initialization/BuildCancellationToken;Lorg/gradle/internal/scopeids/id/BuildInvocationScopeId;Lorg/gradle/internal/operations/BuildOperationRunner;Lorg/gradle/internal/operations/BuildOperationProgressEventEmitter;Lorg/gradle/internal/execution/BuildOutputCleanupRegistry;Lorg/gradle/internal/hash/ClassLoaderHierarchyHasher;Lorg/gradle/internal/operations/CurrentBuildOperationRef;Lorg/gradle/internal/file/Deleter;Lorg/gradle/internal/execution/history/changes/ExecutionStateChangeDetector;Lorg/gradle/internal/vfs/FileSystemAccess;Lorg/gradle/internal/execution/history/ImmutableWorkspaceMetadataStore;Lorg/gradle/internal/execution/OutputChangeListener;Lorg/gradle/internal/execution/WorkInputListeners;Lorg/gradle/internal/execution/history/OutputFilesRepository;Lorg/gradle/internal/execution/OutputSnapshotter;Lorg/gradle/internal/execution/history/Overlap ; # org/gradle/internal/service/scopes/ExecutionBuildServices$$Lambda+0x000001fb9e3c6f98
# instanceKlass java/lang/invoke/LambdaForm$MH+0x000001fb9e3d2c00
# instanceKlass java/lang/invoke/LambdaForm$MH+0x000001fb9e3d2800
# instanceKlass java/lang/invoke/LambdaForm$MH+0x000001fb9e3d2400
# instanceKlass java/lang/invoke/LambdaForm$MH+0x000001fb9e3d2000
# instanceKlass java/lang/invoke/LambdaForm$MH+0x000001fb9e3d1c00
# instanceKlass java/lang/invoke/LambdaForm$MH+0x000001fb9e3d1800
# instanceKlass java/lang/invoke/LambdaForm$MH+0x000001fb9e3d1400
# instanceKlass java/lang/invoke/LambdaForm$MH+0x000001fb9e3d1000
# instanceKlass java/lang/invoke/LambdaForm$MH+0x000001fb9e3d0c00
# instanceKlass java/lang/invoke/LambdaForm$MH+0x000001fb9e3d0800
# instanceKlass java/lang/invoke/LambdaForm$MH+0x000001fb9e3d0400
# instanceKlass java/lang/invoke/LambdaForm$MH+0x000001fb9e3d0000
# instanceKlass java/lang/invoke/LambdaForm$MH+0x000001fb9e3cfc00
# instanceKlass java/lang/invoke/LambdaForm$MH+0x000001fb9e3cf800
# instanceKlass java/lang/invoke/LambdaForm$MH+0x000001fb9e3cf400
# instanceKlass java/lang/invoke/LambdaForm$MH+0x000001fb9e3cf000
# instanceKlass java/lang/invoke/LambdaForm$MH+0x000001fb9e3cec00
# instanceKlass java/lang/invoke/LambdaForm$MH+0x000001fb9e3ce800
# instanceKlass java/lang/invoke/LambdaForm$MH+0x000001fb9e3ce400
# instanceKlass java/lang/invoke/LambdaForm$MH+0x000001fb9e3ce000
# instanceKlass java/lang/invoke/LambdaForm$MH+0x000001fb9e3cdc00
# instanceKlass java/lang/invoke/LambdaForm$MH+0x000001fb9e3cd800
# instanceKlass java/lang/invoke/LambdaForm$MH+0x000001fb9e3cd400
# instanceKlass java/lang/invoke/LambdaForm$MH+0x000001fb9e3cd000
# instanceKlass java/lang/invoke/LambdaForm$MH+0x000001fb9e3ccc00
# instanceKlass java/lang/invoke/LambdaForm$DMH+0x000001fb9e3cc800
# instanceKlass java/lang/invoke/LambdaForm$MH+0x000001fb9e3cc400
# instanceKlass java/lang/invoke/LambdaForm$BMH+0x000001fb9e3cc000
# instanceKlass java/lang/invoke/LambdaForm$DMH+0x000001fb9e3cbc00
instanceKlass org/gradle/internal/execution/timeout/Timeout
instanceKlass org/gradle/internal/execution/timeout/impl/DefaultTimeoutHandler
instanceKlass org/gradle/internal/execution/history/impl/DefaultOverlappingOutputDetector
instanceKlass org/gradle/internal/execution/UnitOfWork$OutputVisitor
instanceKlass org/gradle/internal/execution/impl/DefaultOutputSnapshotter
instanceKlass org/gradle/internal/snapshot/FileSystemLocationSnapshot$FileSystemLocationSnapshotVisitor
instanceKlass org/gradle/internal/execution/history/impl/DefaultOutputFilesRepository
instanceKlass org/gradle/cache/internal/DefaultPersistentDirectoryCache$Initializer
instanceKlass  @bci org/gradle/cache/internal/DefaultCacheFactory doOpen (Ljava/io/File;Ljava/lang/String;Ljava/util/Map;Lorg/gradle/cache/LockOptions;Ljava/util/function/Consumer;Lorg/gradle/cache/CacheCleanupStrategy;)Lorg/gradle/cache/PersistentCache; 44 <appendix> argL0 ; # org/gradle/cache/internal/DefaultCacheFactory$$Lambda+0x000001fb9e3c5630
# instanceKlass java/lang/invoke/LambdaForm$MH+0x000001fb9e3cb800
# instanceKlass java/lang/invoke/LambdaForm$MH+0x000001fb9e3cb400
# instanceKlass java/lang/invoke/LambdaForm$MH+0x000001fb9e3cb000
# instanceKlass java/lang/invoke/LambdaForm$MH+0x000001fb9e3cac00
# instanceKlass java/lang/invoke/LambdaForm$MH+0x000001fb9e3ca800
# instanceKlass java/lang/invoke/LambdaForm$MH+0x000001fb9e3ca400
instanceKlass org/gradle/internal/execution/history/impl/DefaultImmutableWorkspaceMetadataStore
instanceKlass  @bci org/gradle/internal/service/scopes/VirtualFileSystemServices$BuildSessionServices createFileSystemAccess (Lorg/gradle/internal/hash/FileHasher;Lorg/gradle/internal/event/ListenerManager;Lorg/gradle/internal/file/FileMetadataAccessor;Lorg/gradle/api/internal/cache/StringInterner;Lorg/gradle/internal/vfs/VirtualFileSystem;Lorg/gradle/internal/vfs/FileSystemAccess$WriteListener;Lorg/gradle/internal/snapshot/impl/DirectorySnapshotterStatistics$Collector;)Lorg/gradle/internal/vfs/FileSystemAccess; 38 <appendix> member <vmtarget> ; # org/gradle/internal/service/scopes/VirtualFileSystemServices$BuildSessionServices$$Lambda+0x000001fb9e3c4ac8
# instanceKlass java/lang/invoke/LambdaForm$MH+0x000001fb9e3ca000
# instanceKlass java/lang/invoke/LambdaForm$MH+0x000001fb9e3c9c00
# instanceKlass java/lang/invoke/LambdaForm$MH+0x000001fb9e3c9800
# instanceKlass java/lang/invoke/LambdaForm$MH+0x000001fb9e3c9400
# instanceKlass java/lang/invoke/LambdaForm$MH+0x000001fb9e3c9000
# instanceKlass java/lang/invoke/LambdaForm$MH+0x000001fb9e3c8c00
# instanceKlass java/lang/invoke/LambdaForm$MH+0x000001fb9e3c8800
# instanceKlass java/lang/invoke/LambdaForm$MH+0x000001fb9e3c8400
instanceKlass org/gradle/api/internal/changedetection/state/SplitFileHasher
# instanceKlass java/lang/invoke/LambdaForm$MH+0x000001fb9e3c8000
# instanceKlass java/lang/invoke/LambdaForm$MH+0x000001fb9e3c3c00
# instanceKlass java/lang/invoke/LambdaForm$MH+0x000001fb9e3c3800
# instanceKlass java/lang/invoke/LambdaForm$MH+0x000001fb9e3c3400
# instanceKlass java/lang/invoke/LambdaForm$MH+0x000001fb9e3c3000
# instanceKlass java/lang/invoke/LambdaForm$MH+0x000001fb9e3c2c00
# instanceKlass java/lang/invoke/LambdaForm$MH+0x000001fb9e3c2800
# instanceKlass java/lang/invoke/LambdaForm$MH+0x000001fb9e3c2400
# instanceKlass java/lang/invoke/LambdaForm$MH+0x000001fb9e3c2000
instanceKlass org/gradle/internal/execution/history/changes/ChangeVisitor
instanceKlass org/gradle/internal/execution/history/changes/InputFileChanges
instanceKlass org/gradle/internal/execution/history/changes/ChangeContainer
instanceKlass org/gradle/internal/execution/history/changes/DefaultExecutionStateChangeDetector
instanceKlass org/gradle/api/internal/file/AbstractFileResolver$2
instanceKlass org/apache/commons/io/FilenameUtils
instanceKlass org/gradle/internal/typeconversion/NotationConverterToNotationParserAdapter$ResultImpl
instanceKlass kotlin/jvm/functions/Function0
instanceKlass org/gradle/util/internal/DeferredUtil
# instanceKlass java/lang/invoke/LambdaForm$MH+0x000001fb9e3c1c00
# instanceKlass java/lang/invoke/LambdaForm$MH+0x000001fb9e3c1800
# instanceKlass java/lang/invoke/LambdaForm$MH+0x000001fb9e3c1400
# instanceKlass java/lang/invoke/LambdaForm$MH+0x000001fb9e3c1000
# instanceKlass java/lang/invoke/LambdaForm$MH+0x000001fb9e3c0c00
# instanceKlass java/lang/invoke/LambdaForm$MH+0x000001fb9e3c0800
# instanceKlass java/lang/invoke/LambdaForm$MH+0x000001fb9e3c0400
instanceKlass org/gradle/caching/BuildCacheServiceFactory$Describer
instanceKlass org/gradle/caching/internal/services/AbstractBuildCacheControllerFactory
# instanceKlass java/lang/invoke/LambdaForm$MH+0x000001fb9e3c0000
# instanceKlass java/lang/invoke/LambdaForm$MH+0x000001fb9e3bbc00
# instanceKlass java/lang/invoke/LambdaForm$MH+0x000001fb9e3bb800
# instanceKlass java/lang/invoke/LambdaForm$MH+0x000001fb9e3bb400
# instanceKlass java/lang/invoke/LambdaForm$MH+0x000001fb9e3bb000
# instanceKlass java/lang/invoke/LambdaForm$MH+0x000001fb9e3bac00
# instanceKlass java/lang/invoke/LambdaForm$MH+0x000001fb9e3ba800
# instanceKlass java/lang/invoke/LambdaForm$MH+0x000001fb9e3ba400
# instanceKlass java/lang/invoke/LambdaForm$MH+0x000001fb9e3ba000
instanceKlass  @bci org/gradle/caching/internal/BuildCacheServices$2 createOriginMetadataFactory (Lorg/gradle/internal/scopeids/id/BuildInvocationScopeId;)Lorg/gradle/caching/internal/origin/OriginMetadataFactory; 11 <appendix> argL0 ; # org/gradle/caching/internal/BuildCacheServices$2$$Lambda+0x000001fb9e3bd960
instanceKlass org/gradle/caching/internal/origin/OriginMetadataFactory$PropertiesConfigurator
instanceKlass org/gradle/caching/internal/BuildCacheServices$FilePermissionsAccessAdapter
instanceKlass org/gradle/caching/internal/packaging/impl/TarBuildCacheEntryPacker
instanceKlass org/gradle/caching/internal/packaging/impl/GZipBuildCacheEntryPacker
# instanceKlass java/lang/invoke/LambdaForm$MH+0x000001fb9e3b9c00
# instanceKlass java/lang/invoke/LambdaForm$MH+0x000001fb9e3b9800
# instanceKlass java/lang/invoke/LambdaForm$MH+0x000001fb9e3b9400
# instanceKlass java/lang/invoke/LambdaForm$MH+0x000001fb9e3b9000
# instanceKlass java/lang/invoke/LambdaForm$MH+0x000001fb9e3b8c00
# instanceKlass java/lang/invoke/LambdaForm$MH+0x000001fb9e3b8800
instanceKlass org/gradle/internal/file/ThreadLocalBufferProvider
instanceKlass org/gradle/caching/internal/packaging/impl/DefaultTarPackerFileSystemSupport
instanceKlass org/gradle/caching/internal/controller/NoOpBuildCacheController
instanceKlass org/gradle/caching/internal/controller/impl/LifecycleAwareBuildCacheControllerFactory$DelegatingBuildCacheController
instanceKlass  @bci org/gradle/groovy/scripts/internal/DefaultScriptCompilationHandler_Decorated $gradleInit ()V 1 <appendix> member <vmtarget> ; # org/gradle/groovy/scripts/internal/DefaultScriptCompilationHandler_Decorated$$Lambda+0x000001fb9e3b6fe0
instanceKlass org/gradle/groovy/scripts/internal/DefaultScriptCompilationHandler$NoOpGroovyResourceLoader
instanceKlass org/codehaus/groovy/control/CompilerConfiguration
instanceKlass org/gradle/groovy/scripts/internal/CompileOperation
instanceKlass org/gradle/groovy/scripts/ScriptSource
instanceKlass groovy/lang/GroovyResourceLoader
instanceKlass org/gradle/groovy/scripts/internal/CompiledScript
# instanceKlass java/lang/invoke/LambdaForm$MH+0x000001fb9e3b8400
# instanceKlass java/lang/invoke/LambdaForm$MH+0x000001fb9e3b8000
instanceKlass com/google/common/base/NullnessCasts
instanceKlass com/google/common/base/AbstractIterator
instanceKlass  @bci com/google/common/base/Splitter on (Lcom/google/common/base/CharMatcher;)Lcom/google/common/base/Splitter; 10 <appendix> member <vmtarget> ; # com/google/common/base/Splitter$$Lambda+0x000001fb9e3b3638
instanceKlass com/google/common/base/Splitter$Strategy
instanceKlass com/google/common/base/CharMatcher
instanceKlass com/google/common/base/CommonPattern
instanceKlass com/google/common/base/Splitter
instanceKlass org/gradle/configuration/DefaultImportsReader$2
instanceKlass com/google/common/io/Java8Compatibility
instanceKlass com/google/common/io/LineBuffer
instanceKlass com/google/common/io/LineReader
instanceKlass com/google/common/io/CharStreams
instanceKlass org/gradle/configuration/DefaultImportsReader$1
instanceKlass com/google/common/io/Resources
instanceKlass org/gradle/configuration/DefaultImportsReader
instanceKlass org/gradle/composite/internal/plugins/CompositeBuildPluginResolverContributor$PluginResult
instanceKlass org/gradle/plugin/use/resolve/internal/PluginResolution
instanceKlass org/gradle/composite/internal/plugins/CompositeBuildPluginResolverContributor$CompositeBuildPluginResolver
instanceKlass org/gradle/api/artifacts/ProjectDependency
instanceKlass org/gradle/api/artifacts/SelfResolvingDependency
instanceKlass org/gradle/api/artifacts/ModuleDependency
instanceKlass org/gradle/api/artifacts/Dependency
# instanceKlass java/lang/invoke/LambdaForm$MH+0x000001fb9e3aa000
# instanceKlass java/lang/invoke/LambdaForm$MH+0x000001fb9e3a9c00
# instanceKlass java/lang/invoke/LambdaForm$MH+0x000001fb9e3a9800
# instanceKlass java/lang/invoke/LambdaForm$MH+0x000001fb9e3a9400
# instanceKlass java/lang/invoke/LambdaForm$MH+0x000001fb9e3a9000
# instanceKlass java/lang/invoke/LambdaForm$MH+0x000001fb9e3a8c00
# instanceKlass java/lang/invoke/LambdaForm$MH+0x000001fb9e3a8800
# instanceKlass java/lang/invoke/LambdaForm$MH+0x000001fb9e3a8400
# instanceKlass java/lang/invoke/LambdaForm$MH+0x000001fb9e3a8000
# instanceKlass java/lang/invoke/LambdaForm$MH+0x000001fb9e3a3c00
# instanceKlass java/lang/invoke/LambdaForm$MH+0x000001fb9e3a3800
# instanceKlass java/lang/invoke/LambdaForm$MH+0x000001fb9e3a3400
# instanceKlass java/lang/invoke/LambdaForm$MH+0x000001fb9e3a3000
instanceKlass org/gradle/plugin/management/internal/autoapply/InjectedAutoAppliedPluginRegistry
instanceKlass org/gradle/configuration/DefaultProjectsPreparer
instanceKlass org/gradle/configuration/BuildTreePreparingProjectsPreparer
instanceKlass org/gradle/configuration/BuildOperationFiringProjectsPreparer$1
instanceKlass org/gradle/initialization/ConfigureBuildBuildOperationType$Result
instanceKlass org/gradle/configuration/BuildOperationFiringProjectsPreparer
# instanceKlass java/lang/invoke/LambdaForm$MH+0x000001fb9e3a2c00
# instanceKlass java/lang/invoke/LambdaForm$MH+0x000001fb9e3a2800
# instanceKlass java/lang/invoke/LambdaForm$MH+0x000001fb9e3a2400
# instanceKlass java/lang/invoke/LambdaForm$MH+0x000001fb9e3a2000
# instanceKlass java/lang/invoke/LambdaForm$MH+0x000001fb9e3a1c00
# instanceKlass java/lang/invoke/LambdaForm$MH+0x000001fb9e3a1800
# instanceKlass java/lang/invoke/LambdaForm$MH+0x000001fb9e3a1400
# instanceKlass java/lang/invoke/LambdaForm$MH+0x000001fb9e3a1000
instanceKlass org/gradle/internal/resource/local/FileResourceListener
instanceKlass org/gradle/initialization/InstantiatingBuildLoader
instanceKlass org/gradle/initialization/ProjectPropertySettingBuildLoader
instanceKlass org/gradle/initialization/NotifyingBuildLoader$1
instanceKlass org/gradle/initialization/NotifyProjectsLoadedBuildOperationType$Result
instanceKlass org/gradle/initialization/NotifyingBuildLoader
instanceKlass org/gradle/initialization/DefaultGradlePropertiesController$SharedGradleProperties
instanceKlass org/gradle/initialization/DefaultGradlePropertiesController$NotLoaded
instanceKlass org/gradle/initialization/DefaultGradlePropertiesController$State
instanceKlass org/gradle/initialization/DefaultGradlePropertiesController
instanceKlass org/gradle/initialization/properties/DefaultProjectPropertiesLoader
instanceKlass org/gradle/initialization/properties/DefaultSystemPropertiesInstaller
# instanceKlass java/lang/invoke/LambdaForm$MH+0x000001fb9e3a0c00
# instanceKlass java/lang/invoke/LambdaForm$MH+0x000001fb9e3a0800
instanceKlass org/gradle/initialization/properties/MutableGradleProperties
instanceKlass org/gradle/initialization/DefaultGradlePropertiesLoader
instanceKlass org/gradle/api/internal/artifacts/ivyservice/dependencysubstitution/DependencySubstitutionsInternal
instanceKlass org/gradle/api/artifacts/DependencySubstitutions
instanceKlass org/gradle/composite/internal/IncludedBuildDependencySubstitutionsBuilder
instanceKlass org/gradle/api/internal/artifacts/dsl/CapabilityNotationParserFactory$1
instanceKlass org/gradle/api/internal/artifacts/dsl/CapabilityNotationParserFactory
# instanceKlass java/lang/invoke/LambdaForm$MH+0x000001fb9e3a0400
# instanceKlass java/lang/invoke/LambdaForm$MH+0x000001fb9e3a0000
# instanceKlass java/lang/invoke/LambdaForm$MH+0x000001fb9e39cc00
# instanceKlass java/lang/invoke/LambdaForm$MH+0x000001fb9e39c800
# instanceKlass java/lang/invoke/LambdaForm$MH+0x000001fb9e39c400
instanceKlass org/gradle/api/internal/artifacts/DependencyManagementBuildSessionScopeServices$1
instanceKlass org/gradle/internal/typeconversion/NotationParserBuilder$LazyDisplayName
instanceKlass org/gradle/internal/typeconversion/JustReturningParser
instanceKlass org/gradle/internal/model/InMemoryCacheFactory$DefaultLoadingCache
instanceKlass  @bci org/gradle/internal/typeconversion/CachingNotationConverter <init> (Lorg/gradle/internal/typeconversion/NotationConverter;Lorg/gradle/internal/model/InMemoryCacheFactory;)V 27 <appendix> member <vmtarget> ; # org/gradle/internal/typeconversion/CachingNotationConverter$$Lambda+0x000001fb9e39d6c0
instanceKlass org/gradle/internal/typeconversion/TypedNotationConverter
instanceKlass org/gradle/internal/typeconversion/CachingNotationConverter
instanceKlass  @bci org/gradle/internal/model/CalculatedValueContainerFactory <init> (Lorg/gradle/internal/resources/ProjectLeaseRegistry;Lorg/gradle/internal/service/ServiceRegistry;)V 16 <appendix> member <vmtarget> ; # org/gradle/internal/model/CalculatedValueContainerFactory$$Lambda+0x000001fb9e39d000
instanceKlass org/gradle/api/internal/tasks/NodeExecutionContext
instanceKlass org/gradle/composite/internal/DefaultBuildableCompositeBuildContext
instanceKlass org/gradle/api/artifacts/ConfigurationContainer
instanceKlass org/gradle/kotlin/dsl/tooling/builders/BuildSrcClassPathModeConfigurationAction
instanceKlass org/gradle/initialization/buildsrc/GradlePluginApiVersionAttributeConfigurationAction
instanceKlass org/gradle/initialization/buildsrc/GroovyBuildSrcProjectConfigurationAction
instanceKlass org/gradle/configuration/project/PluginsProjectConfigureActions
instanceKlass org/gradle/api/internal/InternalAction
instanceKlass org/gradle/configuration/project/ProjectConfigureAction
instanceKlass org/gradle/initialization/buildsrc/BuildSrcProjectConfigurationAction
instanceKlass org/gradle/initialization/buildsrc/BuildSrcBuildListenerFactory
instanceKlass org/gradle/initialization/buildsrc/BuildSourceBuilder$1
instanceKlass org/gradle/initialization/buildsrc/BuildBuildSrcBuildOperationType$Result
# instanceKlass java/lang/invoke/LambdaForm$MH+0x000001fb9e39c000
# instanceKlass java/lang/invoke/LambdaForm$MH+0x000001fb9e39bc00
# instanceKlass java/lang/invoke/LambdaForm$MH+0x000001fb9e39b800
# instanceKlass java/lang/invoke/LambdaForm$MH+0x000001fb9e39b400
# instanceKlass java/lang/invoke/LambdaForm$MH+0x000001fb9e39b000
# instanceKlass java/lang/invoke/LambdaForm$MH+0x000001fb9e39ac00
# instanceKlass java/lang/invoke/LambdaForm$MH+0x000001fb9e39a800
# instanceKlass java/lang/invoke/LambdaForm$MH+0x000001fb9e39a400
instanceKlass org/gradle/internal/work/DefaultSynchronizer
# instanceKlass java/lang/invoke/LambdaForm$MH+0x000001fb9e39a000
# instanceKlass java/lang/invoke/LambdaForm$MH+0x000001fb9e399c00
# instanceKlass java/lang/invoke/LambdaForm$MH+0x000001fb9e399800
# instanceKlass java/lang/invoke/LambdaForm$MH+0x000001fb9e399400
# instanceKlass java/lang/invoke/LambdaForm$MH+0x000001fb9e399000
instanceKlass org/gradle/cache/internal/BuildScopeCacheDir
# instanceKlass java/lang/invoke/LambdaForm$MH+0x000001fb9e398c00
# instanceKlass java/lang/invoke/LambdaForm$MH+0x000001fb9e398800
# instanceKlass java/lang/invoke/LambdaForm$MH+0x000001fb9e398400
# instanceKlass java/lang/invoke/LambdaForm$MH+0x000001fb9e398000
# instanceKlass java/lang/invoke/LambdaForm$MH+0x000001fb9e393c00
# instanceKlass java/lang/invoke/LambdaForm$MH+0x000001fb9e393800
# instanceKlass java/lang/invoke/LambdaForm$MH+0x000001fb9e393400
# instanceKlass java/lang/invoke/LambdaForm$MH+0x000001fb9e393000
# instanceKlass java/lang/invoke/LambdaForm$MH+0x000001fb9e392c00
# instanceKlass java/lang/invoke/LambdaForm$MH+0x000001fb9e392800
# instanceKlass java/lang/invoke/LambdaForm$MH+0x000001fb9e392400
# instanceKlass java/lang/invoke/LambdaForm$MH+0x000001fb9e392000
# instanceKlass java/lang/invoke/LambdaForm$MH+0x000001fb9e391c00
instanceKlass org/gradle/internal/buildtree/DefaultBuildTreeWorkGraphPreparer
instanceKlass org/gradle/execution/selection/DefaultBuildTaskSelector
instanceKlass  @bci org/gradle/execution/DefaultTaskSelector_Decorated $gradleInit ()V 1 <appendix> member <vmtarget> ; # org/gradle/execution/DefaultTaskSelector_Decorated$$Lambda+0x000001fb9e395de0
instanceKlass javax/annotation/meta/TypeQualifier
instanceKlass org/gradle/execution/TaskSelection
instanceKlass org/gradle/util/internal/NameMatcher
instanceKlass org/gradle/execution/TaskSelector$SelectionContext
instanceKlass org/gradle/api/tasks/TaskContainer
instanceKlass org/gradle/api/tasks/TaskCollection
instanceKlass org/gradle/execution/TaskSelectionResult
instanceKlass org/gradle/execution/TaskNameResolver
instanceKlass org/gradle/execution/DefaultTaskSelector
# instanceKlass java/lang/invoke/LambdaForm$MH+0x000001fb9e391800
# instanceKlass java/lang/invoke/LambdaForm$MH+0x000001fb9e391400
# instanceKlass java/lang/invoke/LambdaForm$MH+0x000001fb9e391000
# instanceKlass java/lang/invoke/LambdaForm$MH+0x000001fb9e390c00
# instanceKlass java/lang/invoke/LambdaForm$MH+0x000001fb9e390800
# instanceKlass java/lang/invoke/LambdaForm$MH+0x000001fb9e390400
# instanceKlass java/lang/invoke/LambdaForm$MH+0x000001fb9e390000
# instanceKlass java/lang/invoke/LambdaForm$MH+0x000001fb9e38bc00
# instanceKlass java/lang/invoke/LambdaForm$MH+0x000001fb9e38b800
# instanceKlass java/lang/invoke/LambdaForm$MH+0x000001fb9e38b400
instanceKlass org/gradle/execution/plan/DefaultPlanExecutor$MergedQueues
instanceKlass org/gradle/execution/plan/DefaultPlanExecutor$WorkerStats
instanceKlass org/gradle/execution/plan/DefaultPlanExecutor$WorkerState
instanceKlass org/gradle/execution/plan/DefaultPlanExecutor$ExecutorState
# instanceKlass java/lang/invoke/LambdaForm$MH+0x000001fb9e38b000
# instanceKlass java/lang/invoke/LambdaForm$MH+0x000001fb9e38ac00
# instanceKlass java/lang/invoke/LambdaForm$MH+0x000001fb9e38a800
# instanceKlass java/lang/invoke/LambdaForm$MH+0x000001fb9e38a400
# instanceKlass java/lang/invoke/LambdaForm$MH+0x000001fb9e38a000
# instanceKlass java/lang/invoke/LambdaForm$MH+0x000001fb9e389c00
# instanceKlass java/lang/invoke/LambdaForm$MH+0x000001fb9e389800
instanceKlass org/gradle/internal/id/LongIdGenerator
instanceKlass  @bci org/gradle/api/internal/initialization/DefaultScriptClassPathResolver <init> (Lorg/gradle/api/internal/model/NamedObjectInstantiator;Lorg/gradle/internal/instrumentation/agent/AgentStatus;Lorg/gradle/api/invocation/Gradle;Lorg/gradle/internal/instrumentation/reporting/PropertyUpgradeReportConfig;)V 26 <appendix> member <vmtarget> ; # org/gradle/api/internal/initialization/DefaultScriptClassPathResolver$$Lambda+0x000001fb9e38ebb0
instanceKlass org/gradle/api/internal/initialization/transform/registration/InstrumentationTransformRegisterer
# instanceKlass java/lang/invoke/LambdaForm$MH+0x000001fb9e389400
# instanceKlass java/lang/invoke/LambdaForm$MH+0x000001fb9e389000
# instanceKlass java/lang/invoke/LambdaForm$MH+0x000001fb9e388c00
# instanceKlass java/lang/invoke/LambdaForm$MH+0x000001fb9e388800
instanceKlass org/gradle/internal/instrumentation/reporting/ErrorReportingMethodInterceptionReportCollector
instanceKlass org/gradle/util/internal/GUtil$1
instanceKlass org/gradle/internal/build/DefaultPublicBuildPath
instanceKlass  @bci org/gradle/invocation/DefaultGradle_Decorated $gradleInit ()V 1 <appendix> member <vmtarget> ; # org/gradle/invocation/DefaultGradle_Decorated$$Lambda+0x000001fb9e38de78
instanceKlass org/gradle/api/internal/lambdas/SerializableLambdas
instanceKlass  @bci org/gradle/api/internal/DefaultMutationGuard <init> ()V 5 <appendix> argL0 ; # org/gradle/api/internal/DefaultMutationGuard$$Lambda+0x000001fb9e38d7a0
instanceKlass org/gradle/api/internal/lambdas/SerializableLambdas$SerializableSupplier
instanceKlass org/gradle/api/internal/DefaultMutationGuard
instanceKlass org/gradle/api/internal/project/BuildOperationCrossProjectConfigurator
instanceKlass org/gradle/internal/concurrent/CompositeStoppable$3
instanceKlass org/gradle/api/execution/TaskExecutionGraphListener
instanceKlass org/gradle/api/execution/TaskExecutionListener
instanceKlass org/gradle/api/internal/tasks/options/OptionReader
instanceKlass org/gradle/execution/taskgraph/TaskListenerInternal
instanceKlass org/gradle/execution/commandline/CommandLineTaskParser
instanceKlass org/gradle/execution/BuildWorkExecutor
instanceKlass org/gradle/initialization/TaskExecutionPreparer
instanceKlass org/gradle/execution/plan/NodeExecutor
instanceKlass org/gradle/api/internal/artifacts/dsl/dependencies/ProjectFinder
instanceKlass org/gradle/execution/BuildTaskScheduler
instanceKlass org/gradle/internal/service/scopes/GradleScopeServices
instanceKlass org/gradle/internal/ImmutableActionSet
instanceKlass  @bci org/gradle/internal/instantiation/generator/AsmBackedClassGenerator$ClassBuilderImpl writeGenericReturnTypeFields ()V 22 <appendix> member <vmtarget> ; # org/gradle/internal/instantiation/generator/AsmBackedClassGenerator$ClassBuilderImpl$$Lambda+0x000001fb9e385768
instanceKlass org/gradle/internal/instantiation/generator/AsmBackedClassGenerator$ClassBuilderImpl$ReturnTypeEntry
instanceKlass  @bci org/gradle/internal/instantiation/generator/AsmBackedClassGenerator$ClassBuilderImpl applyServiceInjectionToGetter (Lorg/gradle/internal/instantiation/generator/AbstractClassGenerator$PropertyMetadata;Ljava/lang/Class;Lorg/gradle/internal/instantiation/generator/AbstractClassGenerator$MethodMetadata;)V 64 <appendix> member <vmtarget> ; # org/gradle/internal/instantiation/generator/AsmBackedClassGenerator$ClassBuilderImpl$$Lambda+0x000001fb9e384e48
instanceKlass  @bci org/gradle/internal/fingerprint/impl/FileCollectionFingerprinterRegistrations lambda$new$1 (Lorg/gradle/api/internal/changedetection/state/ResourceSnapshotterCacheService;Lorg/gradle/internal/execution/FileCollectionSnapshotter;Lorg/gradle/api/internal/changedetection/state/ResourceFilter;Lorg/gradle/api/internal/changedetection/state/ResourceEntryFilter;Ljava/util/Map;Lorg/gradle/api/internal/cache/StringInterner;Ljava/util/List;Lorg/gradle/internal/fingerprint/LineEndingSensitivity;)Ljava/util/stream/Stream; 36 <appendix> form vmentry <vmtarget> ; # java/lang/invoke/LambdaForm$DMH+0x000001fb9e388400
instanceKlass  @bci org/gradle/internal/instantiation/generator/AsmBackedClassGenerator$ClassBuilderImpl addConventionSetter (Ljava/lang/reflect/Method;Lorg/gradle/internal/instantiation/generator/AbstractClassGenerator$PropertyMetadata;)V 49 <appendix> member <vmtarget> ; # org/gradle/internal/instantiation/generator/AsmBackedClassGenerator$ClassBuilderImpl$$Lambda+0x000001fb9e384758
instanceKlass  @cpi org/gradle/internal/instantiation/generator/AsmBackedClassGenerator$ClassBuilderImpl 1786 form vmentry <vmtarget> ; # java/lang/invoke/LambdaForm$DMH+0x000001fb9e388000
instanceKlass javax/annotation/Nullable
instanceKlass org/gradle/configuration/ConfigurationTargetIdentifier
instanceKlass org/gradle/api/plugins/PluginContainer
instanceKlass org/gradle/api/plugins/PluginCollection
instanceKlass org/gradle/api/internal/SettingsInternal
instanceKlass org/gradle/api/initialization/Settings
instanceKlass org/gradle/util/Path
instanceKlass org/gradle/execution/taskgraph/TaskExecutionGraphInternal
instanceKlass org/gradle/internal/MutableActionSet
instanceKlass org/gradle/api/internal/plugins/PluginManagerInternal
instanceKlass org/gradle/api/internal/plugins/DefaultObjectConfigurationAction
instanceKlass org/gradle/api/plugins/ObjectConfigurationAction
instanceKlass org/gradle/initialization/SettingsState
instanceKlass org/gradle/api/internal/initialization/ClassLoaderScope
instanceKlass org/gradle/api/ProjectEvaluationListener
instanceKlass org/gradle/invocation/DefaultGradle$DefaultGradleLifecycle
instanceKlass org/gradle/api/invocation/GradleLifecycle
instanceKlass org/gradle/api/execution/TaskExecutionGraph
instanceKlass org/gradle/api/plugins/PluginManager
instanceKlass org/gradle/api/internal/project/AbstractPluginAware
instanceKlass  @bci org/gradle/internal/build/DefaultBuildLifecycleControllerFactory newInstance (Lorg/gradle/api/internal/BuildDefinition;Lorg/gradle/internal/service/ServiceRegistry;)Lorg/gradle/internal/build/BuildLifecycleController; 43 <appendix> member <vmtarget> ; # org/gradle/internal/build/DefaultBuildLifecycleControllerFactory$$Lambda+0x000001fb9e380aa0
instanceKlass  @bci org/gradle/internal/build/DefaultBuildLifecycleControllerFactory newInstance (Lorg/gradle/api/internal/BuildDefinition;Lorg/gradle/internal/service/ServiceRegistry;)Lorg/gradle/internal/build/BuildLifecycleController; 11 <appendix> member <vmtarget> ; # org/gradle/internal/build/DefaultBuildLifecycleControllerFactory$$Lambda+0x000001fb9e380878
instanceKlass  @bci org/gradle/internal/build/AbstractBuildState <init> (Lorg/gradle/internal/buildtree/BuildTreeState;Lorg/gradle/api/internal/BuildDefinition;Lorg/gradle/internal/build/BuildState;)V 85 <appendix> member <vmtarget> ; # org/gradle/internal/build/AbstractBuildState$$Lambda+0x000001fb9e380650
instanceKlass  @bci org/gradle/internal/build/AbstractBuildState <init> (Lorg/gradle/internal/buildtree/BuildTreeState;Lorg/gradle/api/internal/BuildDefinition;Lorg/gradle/internal/build/BuildState;)V 67 <appendix> member <vmtarget> ; # org/gradle/internal/build/AbstractBuildState$$Lambda+0x000001fb9e380428
instanceKlass  @bci org/gradle/internal/build/AbstractBuildState <init> (Lorg/gradle/internal/buildtree/BuildTreeState;Lorg/gradle/api/internal/BuildDefinition;Lorg/gradle/internal/build/BuildState;)V 49 <appendix> member <vmtarget> ; # org/gradle/internal/build/AbstractBuildState$$Lambda+0x000001fb9e380200
instanceKlass org/gradle/vcs/internal/services/VersionControlServices$VcsResolverFactory
instanceKlass org/gradle/api/internal/artifacts/ivyservice/ivyresolve/ResolverProviderFactory
instanceKlass org/gradle/vcs/internal/resolver/VcsVersionWorkingDirResolver
instanceKlass org/gradle/vcs/internal/services/VersionControlServices$VersionControlBuildServices
instanceKlass org/gradle/profile/BuildProfileServices$2
instanceKlass org/gradle/plugins/ide/internal/configurer/UniqueProjectNameProvider
instanceKlass org/gradle/plugins/ide/internal/tooling/ToolingModelServices$BuildScopeToolingServices
instanceKlass org/gradle/plugin/use/tracker/internal/PluginVersionTracker
instanceKlass org/gradle/api/internal/plugins/PluginDescriptorLocator
instanceKlass org/gradle/plugin/use/resolve/internal/PluginResolutionVisitor
instanceKlass org/gradle/plugin/use/internal/DefaultPluginRequestApplicator
instanceKlass org/gradle/plugin/use/resolve/internal/PluginResolver
instanceKlass org/gradle/plugin/use/internal/PluginResolverFactory
instanceKlass org/gradle/api/internal/artifacts/DependencyResolutionServices
instanceKlass org/gradle/plugin/management/internal/PluginResolutionStrategyInternal
instanceKlass org/gradle/plugin/management/PluginResolutionStrategy
instanceKlass org/gradle/plugin/use/internal/PluginDependencyResolutionServices
instanceKlass org/gradle/plugin/use/resolve/internal/PluginArtifactRepositoriesProvider
instanceKlass org/gradle/plugin/use/internal/PluginRepositoryHandlerProvider
instanceKlass org/gradle/plugin/use/resolve/service/internal/ClientInjectedClasspathPluginResolver
instanceKlass org/gradle/plugin/internal/PluginUseServices$BuildScopeServices
instanceKlass org/gradle/platform/base/internal/registry/ComponentModelBaseServices$BuildScopeServices
instanceKlass org/gradle/nativeplatform/toolchain/internal/metadata/CompilerMetaDataProvider
instanceKlass org/gradle/nativeplatform/toolchain/internal/metadata/CompilerMetaDataProviderFactory
instanceKlass org/gradle/api/internal/resolve/ProjectModelResolver
instanceKlass org/gradle/nativeplatform/internal/resolve/NativeDependencyResolver
instanceKlass org/gradle/nativeplatform/internal/resolve/LibraryBinaryLocator
instanceKlass org/gradle/nativeplatform/internal/resolve/NativeDependencyResolverServices
instanceKlass org/gradle/cache/internal/FileContentCacheFactory$Calculator
instanceKlass org/gradle/language/nativeplatform/internal/incremental/sourceparser/CachingCSourceParser
instanceKlass org/gradle/language/nativeplatform/internal/incremental/sourceparser/CSourceParser
instanceKlass org/gradle/language/nativeplatform/internal/incremental/DefaultCompilationStateCacheFactory
instanceKlass org/gradle/language/nativeplatform/internal/incremental/CompilationStateCacheFactory
instanceKlass org/gradle/language/cpp/internal/NativeDependencyCache
instanceKlass org/gradle/language/base/artifact/SourcesArtifact
instanceKlass org/gradle/language/jvm/internal/JvmLanguageServices$ComponentRegistrationAction
instanceKlass org/gradle/language/java/artifact/JavadocArtifact
instanceKlass org/gradle/jvm/JvmLibrary
instanceKlass org/gradle/platform/base/Library
instanceKlass org/gradle/language/java/internal/JavaLanguageServices$JavaBuildScopeServices
instanceKlass org/gradle/tooling/provider/model/ToolingModelBuilder
instanceKlass org/gradle/language/cpp/internal/tooling/ToolingNativeServices$ToolingModelRegistration
instanceKlass org/gradle/kotlin/dsl/provider/KotlinScriptEvaluator
instanceKlass org/gradle/kotlin/dsl/provider/PluginRequestsHandler
instanceKlass org/gradle/kotlin/dsl/provider/ClassPathModeExceptionCollector
instanceKlass org/gradle/kotlin/dsl/provider/KotlinScriptClassPathProvider
instanceKlass org/gradle/kotlin/dsl/provider/BuildServices
instanceKlass org/gradle/kotlin/dsl/concurrent/BuildServices
instanceKlass org/gradle/kotlin/dsl/accessors/Stage1BlocksAccessorClassPathGenerator
instanceKlass org/gradle/kotlin/dsl/accessors/ProjectAccessorsClassPathGenerator
instanceKlass org/gradle/kotlin/dsl/concurrent/AsyncIOScopeFactory
instanceKlass org/gradle/kotlin/dsl/accessors/BuildScopeServices
instanceKlass org/gradle/jvm/toolchain/internal/JavaToolchainSpecInternal$Key
instanceKlass org/gradle/jvm/toolchain/internal/JavaToolchainQueryService
instanceKlass org/gradle/jvm/toolchain/JavaToolchainRequest
instanceKlass org/gradle/jvm/toolchain/internal/install/DefaultJavaToolchainProvisioningService
instanceKlass org/gradle/jvm/toolchain/internal/install/JavaToolchainProvisioningService
instanceKlass org/gradle/jvm/toolchain/internal/install/SecureFileDownloader
instanceKlass org/gradle/jvm/toolchain/internal/DefaultToolchainExternalResourceFactory
instanceKlass org/gradle/internal/resource/ExternalResourceFactory
instanceKlass org/gradle/internal/jvm/inspection/DefaultJavaInstallationRegistry
instanceKlass org/gradle/internal/jvm/inspection/JavaInstallationRegistry
instanceKlass org/gradle/jvm/toolchain/internal/WindowsInstallationSupplier
instanceKlass org/gradle/jvm/toolchain/internal/OsXInstallationSupplier
instanceKlass org/gradle/jvm/toolchain/internal/LinuxInstallationSupplier
instanceKlass org/xml/sax/ErrorHandler
instanceKlass org/gradle/jvm/toolchain/internal/MavenToolchainsInstallationSupplier
instanceKlass org/gradle/jvm/toolchain/internal/SdkmanInstallationSupplier
instanceKlass org/gradle/jvm/toolchain/internal/JabbaInstallationSupplier
instanceKlass org/gradle/jvm/toolchain/internal/IntellijInstallationSupplier
instanceKlass org/gradle/jvm/toolchain/internal/AsdfInstallationSupplier
instanceKlass org/gradle/jvm/toolchain/internal/InstallationSupplier
instanceKlass org/gradle/jvm/toolchain/internal/DefaultOsXJavaHomeCommand
instanceKlass org/gradle/jvm/toolchain/internal/OsXJavaHomeCommand
instanceKlass org/gradle/jvm/internal/services/ProviderBackedToolchainConfiguration
instanceKlass org/gradle/jvm/toolchain/internal/ToolchainConfiguration
instanceKlass org/gradle/jvm/toolchain/JvmToolchainManagement
instanceKlass org/gradle/jvm/toolchain/internal/JavaToolchainResolverRegistryInternal
instanceKlass org/gradle/jvm/toolchain/JavaToolchainResolverRegistry
instanceKlass org/gradle/jvm/toolchain/internal/JdkCacheDirectory
instanceKlass org/gradle/jvm/internal/services/ToolchainsJvmServices$BuildServices
instanceKlass org/gradle/internal/jvm/inspection/InvalidJvmInstallationCacheInvalidator
instanceKlass  @bci org/gradle/jvm/internal/services/PlatformJvmServices$1 configure (Lorg/gradle/internal/service/ServiceRegistration;Lorg/gradle/internal/jvm/inspection/JvmMetadataDetector;)V 8 <appendix> member <vmtarget> ; # org/gradle/jvm/internal/services/PlatformJvmServices$1$$Lambda+0x000001fb9e36bc50
instanceKlass  @bci org/gradle/internal/jvm/inspection/JvmInstallationMetadata$DefaultJvmInstallationMetadata <init> (Ljava/io/File;Ljava/lang/String;Ljava/lang/String;Ljava/lang/String;Ljava/lang/String;Ljava/lang/String;Ljava/lang/String;Ljava/lang/String;Ljava/lang/String;)V 6 <appendix> member <vmtarget> ; # org/gradle/internal/jvm/inspection/JvmInstallationMetadata$DefaultJvmInstallationMetadata$$Lambda+0x000001fb9e376188
instanceKlass org/gradle/internal/jvm/inspection/JvmInstallationMetadata$DefaultJvmInstallationMetadata
instanceKlass  @bci org/gradle/internal/jvm/inspection/CachingJvmMetadataDetector getMetadata (Lorg/gradle/jvm/toolchain/internal/InstallationLocation;)Lorg/gradle/internal/jvm/inspection/JvmInstallationMetadata; 16 <appendix> member <vmtarget> ; # org/gradle/internal/jvm/inspection/CachingJvmMetadataDetector$$Lambda+0x000001fb9e375a28
instanceKlass org/gradle/jvm/toolchain/internal/InstallationLocation
instanceKlass org/gradle/internal/jvm/inspection/InvalidInstallationWarningReporter
instanceKlass org/gradle/internal/jvm/inspection/JvmInstallationMetadata
instanceKlass org/gradle/internal/jvm/inspection/DefaultJvmMetadataDetector
instanceKlass org/gradle/internal/jvm/inspection/ReportingJvmMetadataDetector
instanceKlass org/gradle/internal/jvm/inspection/CachingJvmMetadataDetector
instanceKlass org/gradle/internal/jvm/inspection/ConditionalInvalidation
instanceKlass org/gradle/process/internal/ClientExecHandleBuilder
instanceKlass org/gradle/process/internal/BaseExecHandleBuilder
instanceKlass org/gradle/process/internal/DefaultClientExecHandleBuilderFactory
# instanceKlass java/lang/invoke/LambdaForm$MH+0x000001fb9e371000
# instanceKlass java/lang/invoke/LambdaForm$MH+0x000001fb9e370c00
# instanceKlass java/lang/invoke/LambdaForm$MH+0x000001fb9e370800
# instanceKlass java/lang/invoke/LambdaForm$MH+0x000001fb9e370400
instanceKlass org/gradle/jvm/internal/services/PlatformJvmServices$1
# instanceKlass java/lang/invoke/LambdaForm$DMH+0x000001fb9e370000
instanceKlass org/gradle/internal/execution/history/OutputsCleaner
instanceKlass org/gradle/internal/execution/OutputChangeListener
instanceKlass org/gradle/internal/execution/history/ExecutionHistoryCacheAccess
instanceKlass org/gradle/internal/execution/history/OutputFilesRepository
instanceKlass org/gradle/internal/execution/history/ExecutionHistoryStore
instanceKlass org/gradle/internal/execution/steps/DeferredExecutionAwareStep
instanceKlass org/gradle/internal/execution/steps/AfterExecutionOutputFilter
instanceKlass org/gradle/internal/execution/steps/Step
instanceKlass org/gradle/internal/service/scopes/ExecutionBuildServices
instanceKlass org/gradle/authentication/http/HttpHeaderAuthentication
instanceKlass org/gradle/authentication/http/DigestAuthentication
instanceKlass org/gradle/authentication/http/BasicAuthentication
instanceKlass org/gradle/internal/resource/transport/http/HttpResourcesServices$AuthenticationSchemeAction
instanceKlass org/gradle/internal/authentication/AbstractAuthentication
instanceKlass org/gradle/internal/authentication/AuthenticationInternal
instanceKlass org/gradle/authentication/aws/AwsImAuthentication
instanceKlass org/gradle/authentication/Authentication
instanceKlass org/gradle/internal/authentication/DefaultAuthenticationSchemeRegistry
instanceKlass org/gradle/internal/resource/transport/aws/s3/S3ResourcesServices$AuthenticationSchemeAction
instanceKlass org/gradle/api/flow/FlowScope
instanceKlass org/gradle/internal/flow/services/FlowServices$FlowServicesProvider
instanceKlass org/gradle/internal/flow/services/FlowParametersInstantiator
instanceKlass org/gradle/internal/flow/services/FlowScheduler
instanceKlass org/gradle/internal/flow/services/DefaultFlowProviders
instanceKlass org/gradle/api/flow/FlowProviders
instanceKlass org/gradle/internal/scan/config/BuildScanConfig
instanceKlass org/gradle/internal/scan/config/BuildScanConfig$Attributes
instanceKlass org/gradle/internal/enterprise/impl/legacy/LegacyGradleEnterprisePluginCheckInService
instanceKlass org/gradle/internal/scan/eob/BuildScanEndOfBuildNotifier
instanceKlass org/gradle/internal/scan/config/BuildScanConfigProvider
instanceKlass org/gradle/internal/enterprise/impl/legacy/DefaultBuildScanScopeIds
instanceKlass org/gradle/internal/scan/scopeids/BuildScanScopeIds
instanceKlass org/gradle/internal/enterprise/impl/DefaultGradleEnterprisePluginRequiredServices
instanceKlass org/gradle/internal/enterprise/impl/DefaultDevelocityBuildLifecycleService
instanceKlass org/gradle/internal/enterprise/DevelocityBuildLifecycleService
instanceKlass org/gradle/internal/enterprise/core/GradleEnterprisePluginAdapter
instanceKlass org/gradle/internal/enterprise/GradleEnterprisePluginCheckInResult
instanceKlass org/gradle/internal/enterprise/impl/DefaultGradleEnterprisePluginCheckInService
instanceKlass org/gradle/internal/enterprise/GradleEnterprisePluginCheckInService
instanceKlass org/gradle/internal/enterprise/GradleEnterprisePluginRequiredServices
instanceKlass org/gradle/internal/enterprise/impl/DefaultGradleEnterprisePluginAdapterFactory
instanceKlass org/gradle/internal/enterprise/impl/GradleEnterprisePluginAutoApplicationListener
instanceKlass org/gradle/plugin/use/internal/PluginRequestApplicator$PluginApplicationListener
# instanceKlass java/lang/invoke/LambdaForm$MH+0x000001fb9e36d000
# instanceKlass java/lang/invoke/LambdaForm$MH+0x000001fb9e36cc00
# instanceKlass java/lang/invoke/LambdaForm$MH+0x000001fb9e36c800
# instanceKlass java/lang/invoke/LambdaForm$MH+0x000001fb9e36c400
# instanceKlass java/lang/invoke/LambdaForm$MH+0x000001fb9e36c000
instanceKlass org/gradle/api/HasImplicitReceiver
instanceKlass org/gradle/plugin/software/internal/ModelDefaultsHandler
instanceKlass org/gradle/internal/declarativedsl/interpreter/DeclarativeKotlinScriptEvaluator
instanceKlass org/gradle/internal/declarativedsl/evaluationSchema/InterpretationSchemaBuilder
instanceKlass org/gradle/internal/declarativedsl/provider/BuildServices
instanceKlass org/gradle/internal/cc/impl/services/DefaultIsolatedProjectEvaluationListenerProvider
instanceKlass org/gradle/invocation/GradleLifecycleActionExecutor
instanceKlass org/gradle/invocation/IsolatedProjectEvaluationListenerProvider
instanceKlass org/gradle/internal/cc/impl/ConfigurationCacheClassLoaderScopeRegistryListener
instanceKlass org/gradle/internal/cc/impl/serialize/ScopeLookup
instanceKlass org/gradle/internal/cc/impl/problems/AbstractProblemsListener
instanceKlass org/gradle/internal/configuration/problems/ProblemsListener
instanceKlass org/gradle/internal/cc/impl/DefaultConfigurationCacheIO
instanceKlass org/gradle/internal/cc/impl/ConfigurationCacheIncludedBuildIO
instanceKlass org/gradle/internal/cc/impl/ConfigurationCacheBuildTreeIO
instanceKlass org/gradle/internal/cc/impl/ConfigurationCacheOperationIO
instanceKlass org/gradle/internal/cc/impl/DefaultConfigurationCacheHost
instanceKlass org/gradle/internal/cc/impl/ConfigurationCacheHost
instanceKlass org/gradle/internal/cc/base/serialize/HostServiceProvider
instanceKlass org/gradle/internal/cc/impl/WorkGraphLoadingState
instanceKlass org/gradle/api/internal/tasks/TaskExecutionAccessChecker
instanceKlass org/gradle/internal/cc/impl/ConfigurationCacheServices$TaskExecutionAccessCheckerProvider
instanceKlass org/gradle/internal/cc/impl/RelevantProjectsRegistry
instanceKlass org/gradle/api/internal/artifacts/configurations/ProjectComponentObservationListener
instanceKlass org/gradle/ide/xcode/internal/xcodeproj/GidGenerator
instanceKlass org/gradle/ide/xcode/internal/services/XcodeServices$1
instanceKlass org/gradle/declarative/dsl/tooling/builders/internal/BuildScopeToolingServices
instanceKlass org/gradle/composite/internal/plugins/CompositeBuildPluginResolverContributor
instanceKlass org/gradle/plugin/use/resolve/internal/PluginResolverContributor
instanceKlass org/gradle/caching/internal/controller/impl/LifecycleAwareBuildCacheController
instanceKlass org/gradle/caching/internal/controller/BuildCacheController
instanceKlass org/gradle/caching/configuration/internal/BuildCacheConfigurationInternal
instanceKlass org/gradle/caching/configuration/BuildCacheConfiguration
instanceKlass org/gradle/caching/internal/packaging/impl/TarPackerFileSystemSupport
instanceKlass org/gradle/caching/internal/services/BuildCacheControllerFactory
instanceKlass org/gradle/caching/internal/packaging/BuildCacheEntryPacker
instanceKlass org/gradle/caching/internal/packaging/impl/FilePermissionAccess
instanceKlass org/gradle/caching/internal/BuildCacheServices$3
instanceKlass  @bci org/gradle/caching/http/internal/HttpBuildCacheServiceServices registerBuildServices (Lorg/gradle/internal/service/ServiceRegistration;)V 22 <appendix> argL0 ; # org/gradle/caching/http/internal/HttpBuildCacheServiceServices$$Lambda+0x000001fb9e3626f8
instanceKlass org/apache/http/HttpRequest
instanceKlass org/apache/http/HttpMessage
instanceKlass org/gradle/caching/http/internal/HttpBuildCacheRequestCustomizer
instanceKlass org/gradle/caching/http/internal/DefaultHttpBuildCacheServiceFactory
instanceKlass org/gradle/caching/BuildCacheServiceFactory
instanceKlass org/gradle/caching/configuration/AbstractBuildCache
instanceKlass org/gradle/caching/configuration/BuildCache
instanceKlass org/gradle/caching/configuration/internal/DefaultBuildCacheServiceRegistration
instanceKlass org/gradle/caching/configuration/internal/BuildCacheServiceRegistration
instanceKlass org/gradle/maven/MavenPomArtifact
instanceKlass org/gradle/maven/MavenModule
instanceKlass org/gradle/api/publish/maven/internal/publisher/MavenPublishers
instanceKlass org/gradle/api/publish/maven/internal/dependencies/VersionRangeMapper
instanceKlass org/gradle/api/publish/maven/internal/MavenPublishServices$ComponentRegistrationAction
instanceKlass org/gradle/ivy/IvyDescriptorArtifact
instanceKlass org/gradle/api/component/Artifact
instanceKlass org/gradle/api/internal/component/DefaultComponentTypeRegistry$DefaultComponentTypeRegistration
instanceKlass org/gradle/ivy/IvyModule
instanceKlass org/gradle/api/component/Component
instanceKlass org/gradle/api/internal/component/ComponentTypeRegistration
instanceKlass org/gradle/api/internal/component/DefaultComponentTypeRegistry
instanceKlass org/gradle/api/publish/ivy/internal/publisher/IvyPublisher
instanceKlass org/gradle/api/publish/ivy/internal/IvyServices$BuildServices
instanceKlass org/gradle/api/publish/internal/mapping/ComponentDependencyResolver
instanceKlass org/gradle/api/publish/internal/mapping/VariantDependencyResolver
instanceKlass org/gradle/api/publish/internal/mapping/DefaultDependencyCoordinateResolverFactory
instanceKlass org/gradle/api/publish/internal/mapping/DependencyCoordinateResolverFactory
instanceKlass org/gradle/api/publish/internal/validation/DuplicatePublicationTracker
instanceKlass org/gradle/api/internal/artifacts/ivyservice/projectmodule/DefaultProjectDependencyPublicationResolver$VariantCoordinateResolver
instanceKlass org/gradle/api/component/SoftwareComponent
instanceKlass org/gradle/api/internal/artifacts/ivyservice/projectmodule/DefaultProjectDependencyPublicationResolver
instanceKlass org/gradle/api/internal/artifacts/ivyservice/projectmodule/ProjectDependencyPublicationResolver
instanceKlass org/gradle/api/tasks/testing/GroupTestEventReporter
instanceKlass org/gradle/api/tasks/testing/TestEventReporter
instanceKlass org/gradle/api/internal/tasks/testing/DefaultTestEventReporterFactory
instanceKlass org/gradle/api/tasks/testing/TestEventReporterFactory
instanceKlass org/gradle/api/internal/tasks/testing/TestingBasePluginServices$TestingBuildScopeServices
# instanceKlass java/lang/invoke/LambdaForm$MH+0x000001fb9e360c00
# instanceKlass java/lang/invoke/LambdaForm$MH+0x000001fb9e360800
# instanceKlass java/lang/invoke/LambdaForm$MH+0x000001fb9e360400
# instanceKlass java/lang/invoke/LambdaForm$MH+0x000001fb9e360000
instanceKlass org/gradle/initialization/DefaultJdkToolsInitializer
instanceKlass org/gradle/api/internal/tasks/compile/incremental/IncrementalCompilerFactory
instanceKlass org/gradle/api/internal/tasks/compile/incremental/classpath/ClassSetAnalyzer
instanceKlass org/gradle/api/internal/tasks/compile/incremental/analyzer/ClassDependenciesAnalyzer
instanceKlass org/gradle/api/internal/tasks/CompileServices$BuildScopeCompileServices
instanceKlass org/gradle/api/internal/artifacts/ivyservice/ivyresolve/ResolverProviderFactories
instanceKlass org/gradle/api/internal/artifacts/MetadataResolutionContext
instanceKlass org/gradle/api/internal/artifacts/ivyservice/ivyresolve/ComponentResolvers
instanceKlass org/gradle/api/internal/artifacts/ivyservice/ivyresolve/ModuleComponentRepository
instanceKlass org/gradle/api/artifacts/result/ResolvedArtifactResult
instanceKlass org/gradle/api/artifacts/result/ArtifactResult
instanceKlass org/gradle/api/internal/artifacts/ivyservice/ivyresolve/ExternalModuleComponentResolverFactory
instanceKlass org/gradle/api/internal/artifacts/ivyservice/resolveengine/artifact/ResolvedArtifactSetResolver
instanceKlass org/gradle/internal/resource/local/LocallyAvailableExternalResource
instanceKlass org/gradle/internal/resource/ExternalResource
instanceKlass org/gradle/internal/resource/local/FileResourceConnector
instanceKlass org/gradle/api/internal/artifacts/transform/TransformStepNodeDependencyResolver
instanceKlass org/gradle/internal/component/external/model/ModuleComponentArtifactMetadata
instanceKlass org/gradle/api/internal/artifacts/ivyservice/resolveengine/excludes/ModuleExclusions
instanceKlass org/gradle/internal/resource/TextUriResourceLoader$Factory
instanceKlass org/gradle/api/internal/artifacts/transform/TransformExecutionListener
instanceKlass org/gradle/api/internal/runtimeshaded/RuntimeShadedJarFactory
instanceKlass org/gradle/initialization/DependenciesAccessors
instanceKlass org/gradle/api/internal/artifacts/dsl/CapabilityNotationParser
instanceKlass org/gradle/api/internal/artifacts/DefaultProjectDependencyFactory
instanceKlass org/gradle/internal/resource/local/FileResourceRepository
instanceKlass org/gradle/internal/resource/ExternalResourceRepository
instanceKlass org/gradle/api/internal/artifacts/ivyservice/ivyresolve/verification/DependencyVerificationOverride
instanceKlass org/gradle/internal/management/DependencyResolutionManagementInternal
instanceKlass org/gradle/api/initialization/resolve/DependencyResolutionManagement
instanceKlass org/gradle/internal/verifier/HttpRedirectVerifier
instanceKlass org/gradle/api/internal/artifacts/repositories/transport/RepositoryTransportFactory
instanceKlass org/gradle/internal/resolve/caching/CrossBuildCachingRuleExecutor
instanceKlass org/gradle/internal/resolve/caching/CachingRuleExecutor
instanceKlass org/gradle/internal/resource/local/LocallyAvailableResourceFinder
instanceKlass org/gradle/api/internal/artifacts/dsl/dependencies/DependencyFactoryInternal
instanceKlass org/gradle/api/artifacts/dsl/DependencyFactory
instanceKlass org/gradle/api/internal/artifacts/ivyservice/ivyresolve/strategy/VersionComparator
instanceKlass org/gradle/api/internal/artifacts/configurations/DependencyMetaDataProvider
instanceKlass org/gradle/api/internal/artifacts/mvnsettings/LocalMavenRepositoryLocator
instanceKlass org/gradle/api/internal/artifacts/dsl/dependencies/DependencyConstraintFactoryInternal
instanceKlass org/gradle/api/artifacts/dsl/DependencyConstraintFactory
instanceKlass org/gradle/api/internal/artifacts/mvnsettings/MavenSettingsProvider
instanceKlass org/gradle/api/internal/artifacts/mvnsettings/MavenFileLocations
instanceKlass org/gradle/api/internal/artifacts/ivyservice/ivyresolve/strategy/VersionSelectorScheme
instanceKlass org/gradle/api/internal/artifacts/verification/signatures/SignatureVerificationServiceFactory
instanceKlass org/gradle/internal/resource/TextUriResourceLoader
instanceKlass org/gradle/api/internal/artifacts/repositories/resolver/ExternalResourceAccessor
instanceKlass org/gradle/api/internal/artifacts/DependencyManagementBuildScopeServices
instanceKlass org/gradle/configuration/project/ProjectEvaluator
instanceKlass org/gradle/internal/cc/impl/DefaultBuildModelControllerServices$VintageModelProvider
instanceKlass org/gradle/api/internal/project/DynamicLookupRoutine
instanceKlass org/gradle/api/internal/project/CrossProjectModelAccess
instanceKlass org/gradle/internal/cc/impl/DefaultBuildModelControllerServices$VintageIsolatedProjectsProvider
instanceKlass org/gradle/internal/cc/impl/services/DefaultEnvironment
instanceKlass org/gradle/internal/build/BuildModelController
instanceKlass org/gradle/internal/cc/impl/DefaultBuildModelControllerServices$VintageBuildControllerProvider
instanceKlass org/gradle/tooling/provider/model/internal/IntermediateToolingModelProvider
instanceKlass org/gradle/internal/cc/impl/DefaultBuildModelControllerServices$ServicesProvider
instanceKlass org/gradle/internal/cleanup/DefaultBuildOutputCleanupRegistry
instanceKlass org/gradle/internal/execution/BuildOutputCleanupRegistry
instanceKlass org/gradle/api/internal/artifacts/DependencyManagementServices
instanceKlass org/gradle/api/internal/initialization/ScriptHandlerInternal
instanceKlass org/gradle/api/initialization/dsl/ScriptHandler
instanceKlass org/gradle/api/internal/initialization/DefaultScriptHandlerFactory
instanceKlass org/gradle/api/internal/initialization/DefaultScriptClassPathResolver
instanceKlass org/gradle/internal/composite/DefaultBuildIncluder
instanceKlass org/gradle/internal/build/BuildWorkGraph
instanceKlass org/gradle/internal/build/ExportedTaskNode
instanceKlass org/gradle/internal/build/DefaultBuildWorkGraphController
instanceKlass org/gradle/internal/build/BuildWorkGraphController
instanceKlass org/gradle/execution/plan/WorkNodeDependencyResolver
instanceKlass org/gradle/execution/plan/TaskNodeDependencyResolver
instanceKlass org/gradle/execution/plan/DependencyResolver
instanceKlass org/gradle/api/internal/tasks/WorkDependencyResolver
instanceKlass org/gradle/internal/execution/WorkValidationContext
instanceKlass org/gradle/internal/execution/WorkValidationContext$TypeOriginInspector
instanceKlass org/gradle/execution/plan/DefaultNodeValidator
instanceKlass org/gradle/execution/plan/NodeValidator
instanceKlass org/gradle/initialization/layout/ResolvedBuildLayout
instanceKlass org/gradle/internal/build/BuildIncluder
instanceKlass org/gradle/initialization/SettingsLoader
instanceKlass org/gradle/initialization/DefaultSettingsLoaderFactory
instanceKlass org/gradle/api/internal/project/ProjectFactory
instanceKlass org/gradle/api/internal/project/IProjectFactory
instanceKlass org/gradle/api/internal/file/DefaultArchiveOperations
instanceKlass org/gradle/api/file/ArchiveOperations
instanceKlass org/gradle/api/internal/file/DefaultFileSystemOperations
instanceKlass org/gradle/api/file/FileSystemOperations
instanceKlass org/gradle/api/resources/internal/ReadableResourceInternal
instanceKlass org/gradle/api/resources/ReadableResource
instanceKlass org/gradle/api/resources/Resource
instanceKlass org/gradle/internal/resource/LocalBinaryResource
instanceKlass org/gradle/internal/resource/ReadableContent
instanceKlass org/gradle/internal/resource/Resource
instanceKlass org/gradle/api/internal/file/delete/DeleteSpecInternal
instanceKlass org/gradle/api/file/DeleteSpec
instanceKlass org/gradle/api/internal/file/DefaultFileOperations
instanceKlass org/gradle/api/internal/file/FileOperations
instanceKlass org/gradle/process/internal/DefaultExecOperations
# instanceKlass java/lang/invoke/LambdaForm$MH+0x000001fb9e34d800
# instanceKlass java/lang/invoke/LambdaForm$MH+0x000001fb9e34d400
# instanceKlass java/lang/invoke/LambdaForm$MH+0x000001fb9e34d000
# instanceKlass java/lang/invoke/LambdaForm$MH+0x000001fb9e34cc00
# instanceKlass java/lang/invoke/LambdaForm$MH+0x000001fb9e34c800
# instanceKlass java/lang/invoke/LambdaForm$DMH+0x000001fb9e34c400
# instanceKlass java/lang/invoke/LambdaForm$DMH+0x000001fb9e34c000
instanceKlass org/gradle/api/internal/project/ProjectInternal
instanceKlass org/gradle/model/internal/registry/ModelRegistryScope
instanceKlass org/gradle/api/internal/DomainObjectContext
instanceKlass org/gradle/api/internal/file/HasScriptServices
instanceKlass org/gradle/api/internal/project/ProjectIdentifier
instanceKlass org/gradle/tooling/provider/model/internal/BuildScopeToolingModelBuilderRegistryAction
instanceKlass org/gradle/execution/selection/BuildTaskSelector$BuildSpecificSelector
instanceKlass org/gradle/api/initialization/SharedModelDefaults
instanceKlass org/gradle/plugin/software/internal/SoftwareTypeRegistry
instanceKlass org/gradle/initialization/buildsrc/BuildSourceBuilder
instanceKlass org/gradle/api/internal/initialization/ScriptClassPathResolver
instanceKlass org/gradle/initialization/InitScriptHandler
instanceKlass org/gradle/api/internal/initialization/ScriptHandlerFactory
instanceKlass org/gradle/internal/management/ToolchainManagementInternal
instanceKlass org/gradle/internal/FinalizableValue
instanceKlass org/gradle/api/toolchain/management/ToolchainManagement
instanceKlass org/gradle/initialization/SettingsLoaderFactory
instanceKlass org/gradle/api/internal/plugins/PluginInspector
instanceKlass org/gradle/plugin/use/internal/PluginRequestApplicator
instanceKlass org/gradle/plugin/management/internal/PluginHandler
instanceKlass org/gradle/plugin/management/internal/argumentloaded/ArgumentSourcedPluginHandler
instanceKlass org/gradle/plugin/management/internal/autoapply/AutoAppliedPluginHandler
instanceKlass org/gradle/api/provider/ProviderFactory
instanceKlass org/gradle/api/internal/tasks/TaskStatistics
instanceKlass org/gradle/api/internal/project/DefaultProjectRegistry
instanceKlass org/gradle/api/internal/project/ProjectRegistry
instanceKlass org/gradle/execution/plan/TaskDependencyResolver
instanceKlass org/gradle/execution/plan/OrdinalGroupFactory
instanceKlass org/gradle/execution/plan/TaskNodeFactory
instanceKlass org/gradle/groovy/scripts/internal/GroovyScriptClassCompiler
instanceKlass org/gradle/internal/execution/ExecutionEngine
instanceKlass org/gradle/execution/plan/ExecutionNodeAccessHierarchies
instanceKlass org/gradle/execution/plan/ExecutionPlanFactory
instanceKlass org/gradle/buildinit/specs/internal/BuildInitSpecRegistry
instanceKlass org/gradle/api/internal/properties/GradleProperties
instanceKlass org/gradle/internal/service/scopes/BuildScopeServiceRegistryFactory
instanceKlass org/gradle/internal/service/scopes/ServiceRegistryFactory
instanceKlass org/gradle/groovy/scripts/internal/DefaultScriptCompilationHandler
instanceKlass org/gradle/api/internal/GradleInternal
instanceKlass org/gradle/api/internal/plugins/PluginAwareInternal
instanceKlass org/gradle/api/internal/resources/DefaultResourceHandler$Factory
instanceKlass org/gradle/api/internal/resources/ApiTextResourceAdapter$Factory
instanceKlass org/gradle/api/services/internal/DefaultBuildServicesRegistry
instanceKlass org/gradle/api/services/internal/BuildServiceRegistryInternal
instanceKlass org/gradle/api/services/BuildServiceRegistry
instanceKlass org/gradle/initialization/Environment
instanceKlass org/gradle/api/internal/provider/sources/process/ProcessOutputProviderFactory
instanceKlass org/gradle/tooling/provider/model/internal/DefaultToolingModelBuilderRegistry
instanceKlass org/gradle/tooling/provider/model/internal/ToolingModelBuilderLookup
instanceKlass org/gradle/tooling/provider/model/ToolingModelBuilderRegistry
instanceKlass org/gradle/configuration/ProjectsPreparer
instanceKlass org/gradle/initialization/SettingsProcessor
instanceKlass org/gradle/api/internal/initialization/BuildLogicBuilder
instanceKlass org/gradle/configuration/InitScriptProcessor
instanceKlass org/gradle/api/internal/plugins/PluginRegistry
instanceKlass org/gradle/initialization/SettingsPreparer
instanceKlass org/gradle/groovy/scripts/internal/ScriptRunnerFactory
instanceKlass org/gradle/api/internal/project/ProjectTaskLister
instanceKlass org/gradle/configuration/ScriptPluginFactory
instanceKlass org/gradle/internal/build/PublicBuildPath
instanceKlass org/gradle/api/internal/provider/sources/process/ExecSpecFactory
instanceKlass org/gradle/groovy/scripts/ScriptCompilerFactory
instanceKlass org/gradle/groovy/scripts/internal/ScriptClassCompiler
instanceKlass org/gradle/api/internal/project/IsolatedAntBuilder
instanceKlass org/gradle/groovy/scripts/internal/ScriptCompilationHandler
instanceKlass org/gradle/cache/scopes/BuildScopedCacheBuilderFactory
instanceKlass org/gradle/initialization/BuildLoader
instanceKlass org/gradle/api/internal/project/taskfactory/ITaskFactory
instanceKlass org/gradle/internal/actor/ActorFactory
instanceKlass org/gradle/internal/build/BuildWorkPreparer
instanceKlass org/gradle/internal/resource/TextFileResourceLoader
instanceKlass org/gradle/api/invocation/BuildInvocationDetails
instanceKlass org/gradle/api/internal/provider/ValueSourceProviderFactory
instanceKlass org/gradle/process/ExecOperations
instanceKlass org/gradle/configuration/CompileOperationFactory
instanceKlass org/gradle/internal/authentication/AuthenticationSchemeRegistry
instanceKlass org/gradle/initialization/GradlePropertiesController
instanceKlass org/gradle/initialization/properties/ProjectPropertiesLoader
instanceKlass org/gradle/api/internal/component/ComponentTypeRegistry
instanceKlass org/gradle/internal/operations/logging/BuildOperationLoggerFactory
instanceKlass org/gradle/initialization/properties/SystemPropertiesInstaller
instanceKlass org/gradle/initialization/IGradlePropertiesLoader
instanceKlass org/gradle/internal/service/scopes/BuildScopeServices
instanceKlass org/gradle/internal/cc/impl/DefaultBuildModelControllerServices$servicesForBuild$1
instanceKlass org/gradle/internal/build/BuildModelControllerServices$Supplier
instanceKlass org/gradle/internal/composite/IncludedBuildInternal
instanceKlass org/gradle/api/initialization/IncludedBuild
instanceKlass org/gradle/internal/buildtree/BuildTreeFinishExecutor
instanceKlass org/gradle/internal/buildtree/BuildTreeWorkExecutor
instanceKlass org/gradle/internal/build/AbstractBuildState
instanceKlass org/gradle/internal/Actions$NullAction
instanceKlass org/gradle/internal/Actions
instanceKlass org/gradle/plugin/management/internal/PluginRequests$EmptyPluginRequests
instanceKlass org/gradle/plugin/management/internal/PluginRequests
instanceKlass org/gradle/api/internal/BuildDefinition
instanceKlass org/gradle/internal/buildtree/InitDeprecationLoggingActionExecutor$1
instanceKlass org/gradle/api/problems/internal/ProblemsProgressEventEmitterHolder
instanceKlass  @bci org/gradle/internal/buildtree/ProblemReportingBuildActionRunner <init> (Lorg/gradle/internal/buildtree/BuildActionRunner;Lorg/gradle/internal/exception/ExceptionAnalyser;Lorg/gradle/initialization/layout/BuildLayout;Ljava/util/List;)V 20 <appendix> argL0 ; # org/gradle/internal/buildtree/ProblemReportingBuildActionRunner$$Lambda+0x000001fb9e33e8c0
instanceKlass org/gradle/launcher/exec/ChainingBuildActionRunner
instanceKlass org/gradle/internal/buildtree/ProblemReportingBuildActionRunner
instanceKlass org/gradle/launcher/exec/BuildOutcomeReportingBuildActionRunner
instanceKlass org/gradle/tooling/internal/provider/FileSystemWatchingBuildActionRunner
instanceKlass org/gradle/launcher/exec/BuildCompletionNotifyingBuildActionRunner
instanceKlass org/gradle/launcher/exec/RootBuildLifecycleBuildActionExecutor
instanceKlass org/gradle/internal/buildtree/InitDeprecationLoggingActionExecutor
instanceKlass org/gradle/internal/buildtree/InitProblems
# instanceKlass java/lang/invoke/LambdaForm$MH+0x000001fb9e33d000
# instanceKlass java/lang/invoke/LambdaForm$MH+0x000001fb9e33cc00
# instanceKlass java/lang/invoke/LambdaForm$MH+0x000001fb9e33c800
# instanceKlass java/lang/invoke/LambdaForm$MH+0x000001fb9e33c400
# instanceKlass java/lang/invoke/LambdaForm$MH+0x000001fb9e33c000
# instanceKlass java/lang/invoke/LambdaForm$MH+0x000001fb9e33bc00
# instanceKlass java/lang/invoke/LambdaForm$MH+0x000001fb9e33b800
# instanceKlass java/lang/invoke/LambdaForm$MH+0x000001fb9e33b400
# instanceKlass java/lang/invoke/LambdaForm$MH+0x000001fb9e33b000
# instanceKlass java/lang/invoke/LambdaForm$MH+0x000001fb9e33ac00
# instanceKlass java/lang/invoke/LambdaForm$MH+0x000001fb9e33a800
# instanceKlass java/lang/invoke/LambdaForm$MH+0x000001fb9e33a400
# instanceKlass java/lang/invoke/LambdaForm$MH+0x000001fb9e33a000
# instanceKlass java/lang/invoke/LambdaForm$MH+0x000001fb9e339c00
# instanceKlass java/lang/invoke/LambdaForm$MH+0x000001fb9e339800
# instanceKlass java/lang/invoke/LambdaForm$MH+0x000001fb9e339400
# instanceKlass java/lang/invoke/LambdaForm$MH+0x000001fb9e339000
# instanceKlass java/lang/invoke/LambdaForm$MH+0x000001fb9e338c00
# instanceKlass java/lang/invoke/LambdaForm$MH+0x000001fb9e338800
# instanceKlass java/lang/invoke/LambdaForm$MH+0x000001fb9e338400
# instanceKlass java/lang/invoke/LambdaForm$MH+0x000001fb9e338000
# instanceKlass java/lang/invoke/LambdaForm$MH+0x000001fb9e336c00
instanceKlass org/gradle/api/problems/internal/DefaultProblemReporter
instanceKlass org/gradle/api/problems/internal/AdditionalDataBuilderFactory$4
instanceKlass org/gradle/api/problems/internal/PropertyTraceData
instanceKlass org/gradle/api/problems/internal/PropertyTraceDataSpec
instanceKlass org/gradle/api/problems/internal/AdditionalDataBuilderFactory$3
instanceKlass org/gradle/api/problems/internal/TypeValidationData
instanceKlass org/gradle/api/problems/internal/TypeValidationDataSpec
instanceKlass org/gradle/api/problems/internal/AdditionalDataBuilderFactory$2
instanceKlass org/gradle/api/problems/internal/DeprecationData
instanceKlass org/gradle/api/problems/internal/DeprecationDataSpec
instanceKlass org/gradle/api/problems/internal/AdditionalDataBuilderFactory$1
instanceKlass org/gradle/api/problems/internal/GeneralData
instanceKlass org/gradle/api/problems/AdditionalData
instanceKlass org/gradle/api/problems/internal/AdditionalDataBuilderFactory$DataTypeAndProvider
instanceKlass org/gradle/api/problems/internal/GeneralDataSpec
instanceKlass org/gradle/api/problems/internal/AdditionalDataSpec
instanceKlass org/gradle/api/problems/internal/AdditionalDataBuilderFactory
instanceKlass org/gradle/api/problems/internal/ProblemsInfrastructure
instanceKlass org/gradle/api/problems/internal/InternalProblemBuilder
instanceKlass org/gradle/api/problems/internal/InternalProblemSpec
instanceKlass org/gradle/api/problems/internal/InternalProblemReporter
instanceKlass org/gradle/api/problems/ProblemReporter
instanceKlass org/gradle/api/problems/internal/DefaultProblems
# instanceKlass java/lang/invoke/LambdaForm$MH+0x000001fb9e336800
# instanceKlass java/lang/invoke/LambdaForm$MH+0x000001fb9e336400
# instanceKlass java/lang/invoke/LambdaForm$MH+0x000001fb9e336000
# instanceKlass java/lang/invoke/LambdaForm$MH+0x000001fb9e335c00
# instanceKlass java/lang/invoke/LambdaForm$MH+0x000001fb9e335800
# instanceKlass java/lang/invoke/LambdaForm$MH+0x000001fb9e335400
# instanceKlass java/lang/invoke/LambdaForm$MH+0x000001fb9e335000
# instanceKlass java/lang/invoke/LambdaForm$MH+0x000001fb9e334c00
# instanceKlass java/lang/invoke/LambdaForm$MH+0x000001fb9e334800
# instanceKlass java/lang/invoke/LambdaForm$MH+0x000001fb9e334400
# instanceKlass java/lang/invoke/LambdaForm$DMH+0x000001fb9e334000
instanceKlass org/gradle/internal/snapshot/impl/ArrayOfPrimitiveValueSnapshot
instanceKlass org/gradle/internal/snapshot/impl/AbstractSetSnapshot
instanceKlass org/gradle/internal/snapshot/impl/AbstractListSnapshot
instanceKlass org/gradle/internal/snapshot/impl/AbstractArraySnapshot
instanceKlass org/gradle/internal/snapshot/impl/EnumValueSnapshot
instanceKlass org/gradle/internal/snapshot/impl/JavaSerializedValueSnapshot
instanceKlass org/gradle/internal/snapshot/impl/NullValueSnapshot
instanceKlass org/gradle/internal/snapshot/impl/AbstractManagedValueSnapshot
instanceKlass org/gradle/internal/snapshot/impl/AbstractScalarValueSnapshot
instanceKlass org/gradle/internal/snapshot/impl/AbstractMapSnapshot
instanceKlass org/gradle/internal/snapshot/impl/IsolatableSerializerRegistry$IsolatableSerializer
instanceKlass org/gradle/internal/problems/DefaultProblemDiagnosticsFactory$DefaultProblemStream
# instanceKlass java/lang/invoke/LambdaForm$MH+0x000001fb9e329c00
# instanceKlass java/lang/invoke/LambdaForm$MH+0x000001fb9e329800
# instanceKlass java/lang/invoke/LambdaForm$MH+0x000001fb9e329400
# instanceKlass java/lang/invoke/LambdaForm$MH+0x000001fb9e329000
# instanceKlass java/lang/invoke/LambdaForm$MH+0x000001fb9e328c00
# instanceKlass java/lang/invoke/LambdaForm$MH+0x000001fb9e328800
instanceKlass org/gradle/initialization/exception/StackTraceSanitizingExceptionAnalyser
instanceKlass org/gradle/initialization/exception/MultipleBuildFailuresExceptionAnalyser
instanceKlass org/gradle/internal/problems/DefaultProblemDiagnosticsFactory$1
instanceKlass org/gradle/internal/problems/DefaultProblemDiagnosticsFactory$CopyStackTraceTransFormer
instanceKlass org/gradle/internal/code/DefaultUserCodeApplicationContext
instanceKlass  @bci org/gradle/internal/problems/DefaultProblemLocationAnalyzer <clinit> ()V 0 <appendix> argL0 ; # org/gradle/internal/problems/DefaultProblemLocationAnalyzer$$Lambda+0x000001fb9e3262a0
instanceKlass  @cpi org/codehaus/groovy/vmplugin/v9/Java9 708 form vmentry <vmtarget> ; # java/lang/invoke/LambdaForm$DMH+0x000001fb9e328400
instanceKlass org/gradle/internal/problems/failure/StackFramePredicate
instanceKlass org/gradle/composite/internal/DefaultIncludedBuildRegistry
# instanceKlass java/lang/invoke/LambdaForm$MH+0x000001fb9e328000
# instanceKlass java/lang/invoke/LambdaForm$MH+0x000001fb9e323c00
# instanceKlass java/lang/invoke/LambdaForm$MH+0x000001fb9e323800
# instanceKlass java/lang/invoke/LambdaForm$MH+0x000001fb9e323400
# instanceKlass java/lang/invoke/LambdaForm$MH+0x000001fb9e323000
instanceKlass org/gradle/problems/internal/services/SummarizerStrategy
instanceKlass  @bci org/gradle/problems/internal/services/ProblemsBuildTreeServices createProblemSummarizer (Lorg/gradle/internal/operations/BuildOperationProgressEventEmitter;Lorg/gradle/internal/operations/CurrentBuildOperationRef;Ljava/util/Collection;Lorg/gradle/internal/buildoption/InternalOptions;Lorg/gradle/api/problems/internal/ProblemReportCreator;Lorg/gradle/internal/execution/WorkExecutionTracker;)Lorg/gradle/api/problems/internal/ProblemSummarizer; 23 <appendix> member <vmtarget> ; # org/gradle/problems/internal/services/ProblemsBuildTreeServices$$Lambda+0x000001fb9e3257e8
instanceKlass org/gradle/api/problems/internal/TaskIdentityProvider
instanceKlass org/gradle/problems/internal/emitters/BuildOperationBasedProblemEmitter
instanceKlass org/gradle/problems/internal/services/DefaultProblemSummarizer
# instanceKlass java/lang/invoke/LambdaForm$MH+0x000001fb9e322c00
# instanceKlass java/lang/invoke/LambdaForm$MH+0x000001fb9e322800
# instanceKlass java/lang/invoke/LambdaForm$MH+0x000001fb9e322400
# instanceKlass java/lang/invoke/LambdaForm$MH+0x000001fb9e322000
# instanceKlass java/lang/invoke/LambdaForm$MH+0x000001fb9e321c00
# instanceKlass java/lang/invoke/LambdaForm$MH+0x000001fb9e321800
# instanceKlass java/lang/invoke/LambdaForm$MH+0x000001fb9e321400
# instanceKlass java/lang/invoke/LambdaForm$MH+0x000001fb9e321000
instanceKlass org/gradle/internal/execution/DefaultWorkExecutionTracker$OperationListener
instanceKlass org/gradle/internal/execution/DefaultWorkExecutionTracker
instanceKlass org/gradle/internal/configuration/problems/FailureDecorator
instanceKlass kotlin/jvm/internal/Lambda
instanceKlass kotlin/jvm/internal/FunctionBase
instanceKlass kotlin/jvm/functions/Function1
instanceKlass kotlin/Function
instanceKlass org/gradle/internal/configuration/problems/CommonReport$State
instanceKlass org/gradle/internal/configuration/problems/CommonReport$Companion
instanceKlass kotlin/coroutines/Continuation
instanceKlass org/gradle/problems/internal/impl/DefaultProblemsReportCreator
# instanceKlass java/lang/invoke/LambdaForm$MH+0x000001fb9e320c00
# instanceKlass java/lang/invoke/LambdaForm$MH+0x000001fb9e320800
# instanceKlass java/lang/invoke/LambdaForm$MH+0x000001fb9e320400
# instanceKlass java/lang/invoke/LambdaForm$MH+0x000001fb9e320000
# instanceKlass java/lang/invoke/LambdaForm$MH+0x000001fb9e31fc00
# instanceKlass java/lang/invoke/LambdaForm$MH+0x000001fb9e31f800
# instanceKlass java/lang/invoke/LambdaForm$MH+0x000001fb9e31f400
# instanceKlass java/lang/invoke/LambdaForm$MH+0x000001fb9e31f000
# instanceKlass java/lang/invoke/LambdaForm$MH+0x000001fb9e31ec00
instanceKlass org/gradle/internal/problems/failure/StackTraceClassifier$1
instanceKlass org/gradle/internal/problems/failure/InternalStackTraceClassifier
instanceKlass org/gradle/internal/problems/failure/CompositeStackTraceClassifier
instanceKlass org/gradle/internal/problems/failure/StackTraceClassifier
instanceKlass org/gradle/internal/problems/failure/DefaultFailureFactory
instanceKlass org/gradle/api/internal/tasks/testing/report/generic/MetadataRendererRegistry$ClickableLinkRenderer
instanceKlass org/gradle/api/internal/tasks/testing/report/generic/MetadataRendererRegistry$BasicRenderer
instanceKlass org/gradle/api/internal/tasks/testing/report/generic/MetadataRendererRegistry$UnknownTypeRenderer
instanceKlass org/gradle/internal/operations/BuildOperationQueue
instanceKlass org/gradle/internal/operations/DefaultBuildOperationQueueFactory
instanceKlass org/gradle/internal/operations/BuildOperationQueue$QueueWorker
instanceKlass org/gradle/internal/operations/DefaultBuildOperationExecutor
# instanceKlass java/lang/invoke/LambdaForm$MH+0x000001fb9e31e800
# instanceKlass java/lang/invoke/LambdaForm$MH+0x000001fb9e31e400
# instanceKlass java/lang/invoke/LambdaForm$MH+0x000001fb9e31e000
# instanceKlass java/lang/invoke/LambdaForm$MH+0x000001fb9e31dc00
# instanceKlass java/lang/invoke/LambdaForm$MH+0x000001fb9e31d800
# instanceKlass java/lang/invoke/LambdaForm$MH+0x000001fb9e31d400
# instanceKlass java/lang/invoke/LambdaForm$MH+0x000001fb9e31d000
# instanceKlass java/lang/invoke/LambdaForm$MH+0x000001fb9e31cc00
# instanceKlass java/lang/invoke/LambdaForm$MH+0x000001fb9e31c800
# instanceKlass java/lang/invoke/LambdaForm$MH+0x000001fb9e31c400
# instanceKlass java/lang/invoke/LambdaForm$MH+0x000001fb9e31c000
# instanceKlass java/lang/invoke/LambdaForm$MH+0x000001fb9e316c00
instanceKlass org/gradle/tooling/internal/provider/serialization/DefaultPayloadClassLoaderRegistry$DetailsToClassLoaderTransformer
instanceKlass org/gradle/tooling/internal/provider/serialization/DefaultPayloadClassLoaderRegistry$ClassLoaderToDetailsTransformer
instanceKlass org/gradle/tooling/internal/provider/serialization/ClassLoaderCache$Transformer
instanceKlass org/gradle/tooling/internal/provider/serialization/DefaultPayloadClassLoaderRegistry
instanceKlass org/gradle/tooling/internal/provider/serialization/SerializeMap
instanceKlass org/gradle/tooling/internal/provider/serialization/DeserializeMap
instanceKlass org/gradle/tooling/internal/provider/serialization/WellKnownClassLoaderRegistry
instanceKlass org/gradle/internal/classloader/DelegatingClassLoader
instanceKlass org/gradle/api/internal/initialization/loadercache/ModelClassLoaderFactory
instanceKlass org/gradle/internal/daemon/serialization/DaemonSidePayloadClassLoaderFactory
instanceKlass org/gradle/internal/classpath/DefaultCachedClasspathTransformer$ParallelTransformExecutor
instanceKlass org/gradle/internal/file/impl/SingleDepthFileAccessTracker
instanceKlass org/gradle/cache/internal/DefaultCacheCleanupStrategy
instanceKlass  @bci org/gradle/internal/classpath/DefaultClasspathTransformerCacheFactory createCacheCleanupStrategy (Lorg/gradle/internal/file/FileAccessTimeJournal;)Lorg/gradle/cache/CacheCleanupStrategy; 23 <appendix> member <vmtarget> ; # org/gradle/internal/classpath/DefaultClasspathTransformerCacheFactory$$Lambda+0x000001fb9e312910
instanceKlass  @bci org/gradle/api/internal/cache/DefaultCacheConfigurations getCleanupFrequency ()Lorg/gradle/api/provider/Provider; 5 <appendix> member <vmtarget> ; # org/gradle/api/internal/cache/DefaultCacheConfigurations$$Lambda+0x000001fb9e3126e8
instanceKlass  @bci org/gradle/api/internal/cache/DefaultCacheConfigurations$DefaultCacheResourceConfiguration getEntryRetentionTimestampSupplier ()Ljava/util/function/Supplier; 1 <appendix> member <vmtarget> ; # org/gradle/api/internal/cache/DefaultCacheConfigurations$DefaultCacheResourceConfiguration$$Lambda+0x000001fb9e3124c0
instanceKlass org/gradle/cache/internal/SingleDepthFilesFinder
instanceKlass  @bci org/gradle/internal/versionedcache/UnusedVersionsCacheCleanup <init> (Ljava/util/regex/Pattern;Lorg/gradle/internal/versionedcache/CacheVersionMapping;Lorg/gradle/internal/versionedcache/UsedGradleVersions;)V 2 <appendix> member <vmtarget> ; # org/gradle/internal/versionedcache/UnusedVersionsCacheCleanup$$Lambda+0x000001fb9e311be0
instanceKlass org/gradle/cache/internal/AbstractCacheCleanup
instanceKlass org/gradle/cache/internal/CompositeCleanupAction$Builder
instanceKlass org/gradle/cache/internal/CompositeCleanupAction
# instanceKlass java/lang/invoke/LambdaForm$MH+0x000001fb9e316800
# instanceKlass java/lang/invoke/LambdaForm$MH+0x000001fb9e316400
# instanceKlass java/lang/invoke/LambdaForm$MH+0x000001fb9e316000
# instanceKlass java/lang/invoke/LambdaForm$MH+0x000001fb9e315c00
# instanceKlass java/lang/invoke/LambdaForm$MH+0x000001fb9e315800
# instanceKlass java/lang/invoke/LambdaForm$MH+0x000001fb9e315400
# instanceKlass java/lang/invoke/LambdaForm$MH+0x000001fb9e315000
# instanceKlass java/lang/invoke/LambdaForm$MH+0x000001fb9e314c00
# instanceKlass java/lang/invoke/LambdaForm$MH+0x000001fb9e314800
# instanceKlass java/lang/invoke/LambdaForm$MH+0x000001fb9e314400
instanceKlass  @bci org/gradle/api/internal/artifacts/DependencyManagementBuildScopeServices createRepositoryTransportFactory (Lorg/gradle/api/internal/file/temp/TemporaryFileProvider;Lorg/gradle/api/internal/artifacts/ivyservice/modulecache/FileStoreAndIndexProvider;Lorg/gradle/util/internal/BuildCommencedTimeProvider;Lorg/gradle/api/internal/artifacts/ivyservice/ArtifactCachesProvider;Ljava/util/List;Lorg/gradle/internal/operations/BuildOperationRunner;Lorg/gradle/cache/internal/ProducerGuard;Lorg/gradle/internal/resource/local/FileResourceRepository;Lorg/gradle/internal/hash/ChecksumService;Lorg/gradle/api/internal/artifacts/ivyservice/ivyresolve/StartParameterResolutionOverride;)Lorg/gradle/api/internal/artifacts/repositories/transport/RepositoryTransportFactory; 17 <appendix> form vmentry <vmtarget> ; # java/lang/invoke/LambdaForm$DMH+0x000001fb9e314000
instanceKlass org/gradle/internal/classpath/ClasspathBuilder$EntryBuilder
instanceKlass org/gradle/internal/classpath/InPlaceClasspathBuilder
instanceKlass org/gradle/initialization/BuildOptionBuildOperationProgressEventsEmitter$2
instanceKlass org/gradle/operations/configuration/IsolatedProjectsSettingsFinalizedProgressDetails
instanceKlass org/gradle/internal/operations/notify/BuildOperationNotificationBridge$Progress
instanceKlass org/gradle/api/internal/tasks/testing/operations/ExecuteTestBuildOperationType$Output
instanceKlass org/gradle/internal/operations/OperationProgressEvent
instanceKlass org/gradle/initialization/BuildOptionBuildOperationProgressEventsEmitter$1
instanceKlass org/gradle/internal/configurationcache/options/ConfigurationCacheSettingsFinalizedProgressDetails
instanceKlass org/gradle/internal/buildoption/FeatureFlag
instanceKlass org/gradle/internal/buildoption/FeatureFlagListener
instanceKlass org/gradle/internal/resources/AbstractResourceLockRegistry$ResourceLockProducer
instanceKlass  @bci org/gradle/launcher/exec/BuildTreeLifecycleBuildActionExecutor execute (Lorg/gradle/internal/invocation/BuildAction;Lorg/gradle/internal/session/BuildSessionContext;)Lorg/gradle/internal/buildtree/BuildActionRunner$Result; 69 <appendix> member <vmtarget> ; # org/gradle/launcher/exec/BuildTreeLifecycleBuildActionExecutor$$Lambda+0x000001fb9e30ec40
instanceKlass org/gradle/internal/buildtree/DefaultBuildTreeContext
instanceKlass org/gradle/internal/buildtree/BuildTreeContext
instanceKlass org/gradle/internal/cc/impl/DefaultBuildTreeModelControllerServices$VintageModelProvider
instanceKlass org/gradle/internal/buildtree/DefaultBuildTreeModelSideEffectExecutor
instanceKlass org/gradle/internal/cc/impl/DefaultBuildTreeModelControllerServices$VintageBuildTreeProvider
instanceKlass org/gradle/internal/scripts/ProjectScopedScriptResolution$1
instanceKlass org/gradle/internal/scripts/ProjectScopedScriptResolution
instanceKlass org/gradle/internal/cc/impl/services/VintageEnvironmentChangeTracker
instanceKlass org/gradle/internal/cc/impl/VintageBuildTreeLifecycleControllerFactory
instanceKlass org/gradle/internal/buildtree/BuildTreeLifecycleControllerFactory
instanceKlass org/gradle/internal/cc/impl/initialization/AbstractInjectedClasspathInstrumentationStrategy
instanceKlass org/gradle/plugin/use/resolve/service/internal/InjectedClasspathInstrumentationStrategy
instanceKlass org/gradle/internal/configuration/problems/DefaultProblemFactory
instanceKlass org/gradle/internal/configuration/problems/ProblemFactory
instanceKlass org/gradle/tooling/provider/model/internal/ToolingModelParameterCarrier$Factory
instanceKlass org/gradle/internal/cc/impl/DefaultBuildTreeModelControllerServices$SharedBuildTreeScopedServices
instanceKlass org/gradle/api/internal/initialization/DefaultBuildLogicBuildQueue
instanceKlass org/gradle/api/internal/initialization/BuildLogicBuildQueue
instanceKlass org/gradle/api/internal/project/taskfactory/TaskIdentityFactory
instanceKlass org/gradle/initialization/exception/DefaultExceptionAnalyser
instanceKlass org/gradle/internal/problems/DefaultProblemDiagnosticsFactory
instanceKlass org/gradle/internal/buildoption/DefaultFeatureFlags
instanceKlass org/gradle/internal/operations/RunnableBuildOperation
instanceKlass org/gradle/execution/TaskPathProjectEvaluator
instanceKlass org/gradle/internal/buildtree/DeprecationsReporter
instanceKlass org/gradle/api/internal/provider/DefaultConfigurationTimeBarrier
instanceKlass org/gradle/api/internal/project/ProjectState
instanceKlass org/gradle/api/internal/project/DefaultProjectStateRegistry
instanceKlass org/gradle/internal/buildtree/BuildInclusionCoordinator
instanceKlass org/gradle/initialization/BuildOptionBuildOperationProgressEventsEmitter
instanceKlass org/gradle/internal/buildtree/BuildTreeLifecycleListener
instanceKlass org/gradle/internal/build/BuildLifecycleController
instanceKlass org/gradle/internal/build/DefaultBuildLifecycleControllerFactory
instanceKlass org/gradle/internal/build/BuildLifecycleControllerFactory
instanceKlass org/gradle/vcs/internal/VcsResolver
instanceKlass org/gradle/vcs/internal/resolver/VcsVersionSelectionCache
instanceKlass org/gradle/vcs/internal/VcsMappingsStore
instanceKlass org/gradle/vcs/internal/VcsMappingFactory
instanceKlass org/gradle/vcs/internal/VersionControlSpecFactory
instanceKlass org/gradle/vcs/internal/services/VersionControlServices$VersionControlBuildTreeServices
instanceKlass org/gradle/tooling/internal/provider/runner/AbstractClientProvidedBuildActionRunner$ClientAction
instanceKlass org/gradle/tooling/internal/provider/runner/AbstractClientProvidedBuildActionRunner
instanceKlass org/gradle/execution/EntryTaskSelector
instanceKlass org/gradle/tooling/internal/provider/runner/TestExecutionRequestActionRunner
instanceKlass org/gradle/internal/buildtree/BuildTreeModelAction
instanceKlass org/gradle/tooling/internal/provider/runner/BuildModelActionRunner
instanceKlass org/gradle/internal/buildtree/BuildTreeModelSideEffectExecutor
instanceKlass org/gradle/tooling/internal/provider/runner/BuildControllerFactory
instanceKlass org/gradle/internal/enterprise/core/GradleEnterprisePluginManager
instanceKlass org/gradle/internal/buildtree/BuildTreeActionExecutor
instanceKlass org/gradle/tooling/internal/provider/LauncherServices$ToolingBuildTreeScopeServices
instanceKlass org/gradle/profile/BuildProfileServices$1
instanceKlass org/gradle/api/problems/internal/ProblemEmitter
instanceKlass org/gradle/api/internal/TaskInternal
instanceKlass org/gradle/api/problems/internal/TaskIdentity
instanceKlass org/gradle/api/problems/internal/ProblemSummarizer
instanceKlass org/gradle/api/problems/internal/ProblemReportCreator
instanceKlass org/gradle/problems/internal/services/ProblemsBuildTreeServices
instanceKlass org/gradle/plugins/ide/internal/IdeArtifactStore
instanceKlass org/gradle/api/internal/tasks/compile/processing/AnnotationProcessorDetector
instanceKlass org/gradle/language/java/internal/JavaLanguageServices$1
instanceKlass org/gradle/execution/plan/DefaultPlanExecutor$ExecutorStats
instanceKlass org/gradle/execution/plan/DefaultPlanExecutor
instanceKlass org/gradle/internal/serialize/beans/services/DefaultBeanStateReaderLookup
instanceKlass org/gradle/internal/serialize/graph/BeanStateReaderLookup
instanceKlass org/gradle/internal/serialize/beans/services/DefaultBeanStateWriterLookup
instanceKlass org/gradle/internal/serialize/graph/BeanStateWriterLookup
instanceKlass org/gradle/internal/enterprise/impl/legacy/DefaultBuildScanBuildStartedTime
instanceKlass org/gradle/internal/scan/time/BuildScanBuildStartedTime
instanceKlass org/gradle/internal/enterprise/impl/legacy/DefaultBuildScanClock
instanceKlass org/gradle/internal/scan/time/BuildScanClock
instanceKlass org/gradle/internal/enterprise/impl/DefaultDevelocityPluginUnsafeConfigurationService
instanceKlass org/gradle/internal/enterprise/DevelocityPluginUnsafeConfigurationService
instanceKlass org/gradle/internal/enterprise/impl/DefaultGradleEnterprisePluginBackgroundJobExecutors
instanceKlass org/gradle/internal/enterprise/impl/GradleEnterprisePluginBackgroundJobExecutorsInternal
instanceKlass org/gradle/internal/enterprise/GradleEnterprisePluginBackgroundJobExecutors
instanceKlass org/gradle/internal/enterprise/impl/DefaultGradleEnterprisePluginConfig
instanceKlass org/gradle/internal/enterprise/GradleEnterprisePluginConfig
instanceKlass org/gradle/internal/enterprise/impl/DefaultGradleEnterprisePluginBuildState
instanceKlass org/gradle/internal/enterprise/GradleEnterprisePluginBuildState
instanceKlass org/gradle/internal/enterprise/impl/DefaultGradleEnterprisePluginServiceRef
instanceKlass org/gradle/internal/enterprise/impl/GradleEnterprisePluginServiceRefInternal
instanceKlass org/gradle/internal/enterprise/GradleEnterprisePluginServiceRef
instanceKlass org/gradle/internal/enterprise/impl/GradleEnterprisePluginAutoAppliedStatus
instanceKlass org/gradle/plugin/management/internal/PluginRequestInternal
instanceKlass org/gradle/plugin/management/PluginRequest
instanceKlass org/gradle/internal/enterprise/impl/GradleEnterpriseAutoAppliedPluginRegistry
instanceKlass org/gradle/plugin/management/internal/autoapply/AutoAppliedPluginRegistry
instanceKlass org/gradle/internal/encryption/impl/DefaultEncryptionService
instanceKlass org/gradle/internal/encryption/EncryptionService
instanceKlass org/gradle/internal/configuration/problems/CommonReport
instanceKlass org/gradle/internal/cc/impl/ConfigurationCacheServices$ConfigurationCacheReportProvider
instanceKlass org/gradle/api/internal/provider/ConfigurationTimeBarrier
instanceKlass org/gradle/internal/cc/impl/ConfigurationCacheServices$ExecutionAccessCheckerProvider
instanceKlass org/gradle/internal/cc/impl/services/RemoteScriptUpToDateChecker
instanceKlass org/gradle/internal/resource/transfer/ExternalResourceConnector
instanceKlass org/gradle/internal/resource/transfer/ExternalResourceUploader
instanceKlass org/gradle/internal/resource/transfer/ExternalResourceLister
instanceKlass org/gradle/internal/resource/transfer/ExternalResourceAccessor
instanceKlass org/gradle/internal/cc/impl/ConfigurationCacheServices$RemoteScriptUpToDateCheckerProvider
instanceKlass org/gradle/internal/cc/impl/ConfigurationCacheServices$IgnoredConfigurationInputsProvider
instanceKlass org/gradle/internal/serialize/codecs/core/jos/JavaSerializationEncodingLookup
instanceKlass org/gradle/internal/cc/impl/services/IsolatedActionCodecsFactory
instanceKlass org/gradle/internal/cc/impl/IgnoredConfigurationInputs
instanceKlass org/gradle/internal/cc/base/services/ConfigurationCacheEnvironmentChangeTracker
instanceKlass org/gradle/initialization/EnvironmentChangeTracker
instanceKlass org/gradle/internal/cc/impl/initialization/ConfigurationCacheProblemsListener
instanceKlass org/gradle/api/internal/ExternalProcessStartedListener
instanceKlass org/gradle/internal/cc/impl/InstrumentedInputAccessListener
instanceKlass org/gradle/internal/configuration/inputs/InstrumentedInputsListener
instanceKlass org/gradle/execution/ExecutionAccessChecker
instanceKlass org/gradle/internal/cc/impl/InstrumentedExecutionAccessListener
instanceKlass org/gradle/internal/classpath/InstrumentedExecutionAccess$Listener
instanceKlass org/gradle/internal/cc/impl/InputTrackingState
instanceKlass org/gradle/internal/buildoption/FeatureFlags
instanceKlass org/gradle/internal/cc/impl/DeprecatedFeaturesListener
instanceKlass org/gradle/execution/ExecutionAccessListener
instanceKlass org/gradle/api/internal/tasks/execution/TaskExecutionAccessListener
instanceKlass org/gradle/api/internal/BuildScopeListenerRegistrationListener
instanceKlass org/gradle/internal/cc/impl/DefaultBuildToolingModelControllerFactory
instanceKlass org/gradle/internal/build/BuildToolingModelControllerFactory
instanceKlass org/gradle/internal/cc/impl/DefaultBuildModelControllerServices
instanceKlass org/gradle/internal/build/BuildModelControllerServices
instanceKlass org/gradle/internal/encryption/EncryptionConfiguration
instanceKlass org/gradle/internal/cc/impl/initialization/ConfigurationCacheStartParameter
instanceKlass org/gradle/internal/cc/impl/ConfigurationCacheKey
instanceKlass org/gradle/api/internal/artifacts/ivyservice/projectmodule/LocalComponentCache
instanceKlass org/gradle/composite/internal/DefaultBuildTreeLocalComponentProvider
instanceKlass org/gradle/api/internal/artifacts/ivyservice/projectmodule/BuildTreeLocalComponentProvider
instanceKlass org/gradle/internal/buildtree/BuildTreeWorkGraphPreparer
instanceKlass org/gradle/execution/plan/PlanExecutor
instanceKlass org/gradle/composite/internal/DefaultIncludedBuildTaskGraph
instanceKlass org/gradle/composite/internal/BuildTreeWorkGraphController
instanceKlass org/gradle/internal/build/IncludedBuildState
instanceKlass org/gradle/composite/internal/DefaultIncludedBuildFactory
instanceKlass org/gradle/internal/build/RootBuildState
instanceKlass org/gradle/internal/build/CompositeBuildParticipantBuildState
instanceKlass org/gradle/internal/buildtree/NestedBuildTree
instanceKlass org/gradle/internal/build/StandAloneNestedBuild
instanceKlass org/gradle/internal/build/BuildActionTarget
instanceKlass org/gradle/internal/build/NestedBuildState
instanceKlass org/gradle/composite/internal/BuildStateFactory
instanceKlass org/gradle/internal/build/IncludedBuildFactory
instanceKlass org/gradle/internal/buildtree/GlobalDependencySubstitutionRegistry
instanceKlass org/gradle/api/internal/composite/CompositeBuildContext
instanceKlass org/gradle/api/internal/artifacts/ivyservice/dependencysubstitution/DependencySubstitutionRules
instanceKlass org/gradle/composite/internal/CompositeBuildServices$CompositeBuildTreeScopeServices
instanceKlass org/gradle/caching/internal/controller/impl/LifecycleAwareBuildCacheControllerFactory
instanceKlass org/gradle/caching/internal/origin/OriginMetadataFactory
instanceKlass org/gradle/caching/internal/BuildCacheServices$2
instanceKlass org/gradle/api/internal/tasks/testing/results/AggregateTestEventReporter
instanceKlass org/gradle/api/internal/tasks/testing/results/TestExecutionResultsListener
instanceKlass org/gradle/problems/buildtree/ProblemReporter
instanceKlass org/gradle/api/internal/tasks/testing/TestingBasePluginServices$TestingBuildTreeScopeServices
instanceKlass org/gradle/api/internal/artifacts/ivyservice/resolveengine/artifact/ArtifactSet
instanceKlass org/gradle/api/internal/artifacts/ivyservice/resolveengine/excludes/specs/ExcludeSpec
instanceKlass org/gradle/api/internal/artifacts/ivyservice/resolveengine/artifact/VariantArtifactSetCache
instanceKlass org/gradle/internal/resolve/resolver/ResolvedVariantCache
instanceKlass org/gradle/internal/component/local/model/LocalVariantGraphResolveMetadata
instanceKlass org/gradle/internal/component/model/VariantGraphResolveMetadata
instanceKlass org/gradle/api/internal/artifacts/configurations/ConfigurationInternal$VariantVisitor
instanceKlass org/gradle/api/artifacts/Configuration
instanceKlass org/gradle/api/attributes/HasConfigurableAttributes
instanceKlass org/gradle/api/internal/artifacts/ivyservice/moduleconverter/dependencies/DefaultLocalVariantGraphResolveStateBuilder
instanceKlass org/gradle/api/internal/artifacts/ivyservice/projectmodule/DefaultProjectPublicationRegistry
instanceKlass org/gradle/api/internal/artifacts/ivyservice/projectmodule/ProjectPublicationRegistry
instanceKlass org/gradle/internal/model/ModelContainer
instanceKlass org/gradle/api/internal/artifacts/configurations/ConfigurationsProvider
instanceKlass org/gradle/api/internal/artifacts/ivyservice/projectmodule/DefaultProjectLocalComponentProvider
instanceKlass org/gradle/api/internal/artifacts/ivyservice/projectmodule/LocalComponentProvider
instanceKlass org/gradle/api/internal/artifacts/ivyservice/ivyresolve/ConnectionFailureRepositoryDisabler
instanceKlass org/gradle/api/internal/artifacts/ivyservice/ivyresolve/RepositoryDisabler
instanceKlass org/gradle/api/internal/artifacts/ivyservice/resolveengine/result/AdhocHandlingComponentResultSerializer
instanceKlass it/unimi/dsi/fastutil/longs/Long2ObjectMap
instanceKlass it/unimi/dsi/fastutil/longs/Long2ObjectFunction
instanceKlass java/util/function/LongFunction
instanceKlass it/unimi/dsi/fastutil/Function
instanceKlass org/gradle/api/internal/artifacts/ivyservice/resolveengine/result/ThisBuildTreeOnlyComponentResultSerializer
instanceKlass org/gradle/api/internal/artifacts/ivyservice/resolveengine/result/CompleteComponentResultSerializer
instanceKlass org/gradle/api/internal/artifacts/ivyservice/resolveengine/result/ComponentResultSerializer
instanceKlass org/gradle/internal/component/external/model/ExternalModuleComponentGraphResolveMetadata
instanceKlass org/gradle/internal/component/model/ComponentGraphResolveMetadata
instanceKlass org/gradle/internal/component/external/model/ExternalComponentResolveMetadata
instanceKlass org/gradle/internal/component/external/model/ExternalModuleComponentGraphResolveState
instanceKlass org/gradle/internal/component/external/model/ModuleComponentGraphResolveStateFactory
instanceKlass org/gradle/api/internal/artifacts/ivyservice/moduleconverter/dependencies/LocalVariantGraphResolveStateBuilder
instanceKlass org/gradle/internal/component/local/model/LocalComponentGraphResolveState
instanceKlass org/gradle/internal/component/model/ComponentGraphResolveState
instanceKlass org/gradle/internal/component/local/model/LocalVariantGraphResolveStateFactory
instanceKlass org/gradle/internal/component/local/model/LocalVariantGraphResolveState
instanceKlass org/gradle/internal/component/model/VariantGraphResolveState
instanceKlass org/gradle/internal/component/local/model/LocalComponentGraphResolveStateFactory
instanceKlass org/gradle/internal/component/model/ComponentIdGenerator
instanceKlass org/gradle/api/artifacts/component/ProjectComponentSelector
instanceKlass org/gradle/api/internal/attributes/AttributeDesugaring
instanceKlass org/gradle/internal/id/ConfigurationCacheableIdFactory
instanceKlass org/gradle/api/internal/artifacts/transform/TransformStepNodeFactory
instanceKlass org/gradle/api/internal/project/ProjectStateRegistry
instanceKlass org/gradle/api/internal/artifacts/ivyservice/resolveengine/artifact/ResolvableArtifact
instanceKlass org/gradle/api/internal/artifacts/ivyservice/projectmodule/ProjectArtifactResolver
instanceKlass org/gradle/api/internal/project/HoldsProjectState
instanceKlass org/gradle/internal/resolve/resolver/ArtifactResolver
instanceKlass org/gradle/api/internal/artifacts/ivyservice/resolveengine/store/ResolutionResultsStoreFactory
instanceKlass org/gradle/internal/resource/local/GroupedAndNamedUniqueFileStore
instanceKlass org/gradle/api/internal/artifacts/ivyservice/modulecache/ModuleRepositoryCacheProvider
instanceKlass org/gradle/internal/resource/cached/AbstractCachedIndex
instanceKlass org/gradle/api/internal/artifacts/ivyservice/ivyresolve/StartParameterResolutionOverride
instanceKlass org/gradle/api/internal/filestore/DefaultArtifactIdentifierFileStore$Factory
instanceKlass org/gradle/internal/resource/cached/DefaultExternalResourceFileStore$Factory
instanceKlass org/gradle/api/internal/artifacts/ivyservice/modulecache/FileStoreAndIndexProvider
instanceKlass org/gradle/api/internal/artifacts/ivyservice/modulecache/ModuleRepositoryCaches
instanceKlass org/gradle/api/internal/artifacts/ivyservice/modulecache/ModuleSourcesSerializer
instanceKlass org/gradle/util/internal/SimpleMapInterner
instanceKlass org/gradle/util/internal/BuildCommencedTimeProvider
instanceKlass org/gradle/api/internal/filestore/ArtifactIdentifierFileStore
instanceKlass org/gradle/internal/resource/cached/CachedExternalResourceIndex
instanceKlass org/gradle/internal/resource/cached/ExternalResourceFileStore
instanceKlass org/gradle/internal/resource/local/FileStoreSearcher
instanceKlass org/gradle/internal/resource/local/FileStore
instanceKlass org/gradle/api/internal/artifacts/ivyservice/modulecache/artifacts/ModuleArtifactCache
instanceKlass org/gradle/api/internal/artifacts/ivyservice/modulecache/dynamicversions/AbstractModuleVersionsCache
instanceKlass org/gradle/api/internal/artifacts/ivyservice/modulecache/dynamicversions/ModuleVersionsCache
instanceKlass org/gradle/api/internal/artifacts/ivyservice/modulecache/artifacts/AbstractArtifactsCache
instanceKlass org/gradle/api/internal/artifacts/ivyservice/modulecache/artifacts/ModuleArtifactsCache
instanceKlass org/gradle/api/internal/artifacts/ivyservice/modulecache/AbstractModuleMetadataCache
instanceKlass org/gradle/api/internal/artifacts/ivyservice/modulecache/ModuleMetadataCache
instanceKlass org/gradle/api/internal/artifacts/DependencyManagementBuildTreeScopeServices
instanceKlass org/gradle/api/internal/artifacts/ivyservice/resolveengine/artifact/SelectedArtifactSet
instanceKlass org/gradle/api/internal/artifacts/configurations/ResolutionHost
instanceKlass org/gradle/api/internal/artifacts/ivyservice/resolveengine/artifact/ResolvedArtifactSet
instanceKlass org/gradle/api/internal/artifacts/ivyservice/resolveengine/artifact/ArtifactSetToFileCollectionFactory
instanceKlass org/gradle/execution/ProjectConfigurer
instanceKlass org/gradle/api/problems/internal/InternalProblems
instanceKlass org/gradle/api/problems/Problems
instanceKlass org/gradle/execution/TaskSelector
instanceKlass org/gradle/internal/build/BuildStateRegistry
instanceKlass org/gradle/internal/instrumentation/reporting/PropertyUpgradeReportConfig
instanceKlass org/gradle/internal/instrumentation/reporting/MethodInterceptionReportCollector
instanceKlass org/gradle/execution/selection/BuildTaskSelector
instanceKlass org/gradle/internal/buildtree/BuildTreeScopeServices
instanceKlass org/gradle/internal/buildtree/BuildTreeState
instanceKlass org/gradle/internal/id/UniqueId$1
instanceKlass com/google/common/base/Ascii
instanceKlass com/google/common/io/BaseEncoding$Alphabet
instanceKlass com/google/common/io/BaseEncoding
instanceKlass org/gradle/internal/id/UniqueId
instanceKlass org/gradle/internal/cc/impl/DefaultBuildTreeModelControllerServices$servicesForBuildTree$1
instanceKlass org/gradle/internal/buildtree/BuildTreeModelControllerServices$Supplier
instanceKlass  @bci org/gradle/api/internal/configuration/DefaultBuildFeatures <init> (Lorg/gradle/api/internal/StartParameterInternal;Lorg/gradle/internal/buildtree/BuildModelParameters;)V 29 <appendix> member <vmtarget> ; # org/gradle/api/internal/configuration/DefaultBuildFeatures$$Lambda+0x000001fb9e2e8000
instanceKlass  @bci org/gradle/api/internal/configuration/DefaultBuildFeatures <init> (Lorg/gradle/api/internal/StartParameterInternal;Lorg/gradle/internal/buildtree/BuildModelParameters;)V 10 <appendix> member <vmtarget> ; # org/gradle/api/internal/configuration/DefaultBuildFeatures$$Lambda+0x000001fb9e2e5c98
instanceKlass  @bci org/gradle/internal/lazy/Lazy atomic ()Lorg/gradle/internal/lazy/Lazy$Factory; 0 <appendix> argL0 ; # org/gradle/internal/lazy/Lazy$$Lambda+0x000001fb9e2e5a78
instanceKlass org/gradle/internal/lazy/AtomicLazy
instanceKlass org/gradle/api/configuration/BuildFeature
instanceKlass org/gradle/api/internal/configuration/DefaultBuildFeatures
instanceKlass org/gradle/api/configuration/BuildFeatures
instanceKlass org/gradle/internal/cc/impl/ConfigurationCacheLoggingParameters
instanceKlass org/gradle/internal/cc/impl/services/DefaultBuildModelParameters
instanceKlass org/gradle/internal/buildtree/BuildModelParameters
instanceKlass  @bci org/gradle/launcher/exec/BuildTreeLifecycleBuildActionExecutor payloadHashProvider (Ljava/lang/Object;)Ljava/util/function/Supplier; 7 <appendix> member <vmtarget> ; # org/gradle/launcher/exec/BuildTreeLifecycleBuildActionExecutor$$Lambda+0x000001fb9e2e7420
instanceKlass org/gradle/launcher/exec/AbstractToolingModelRequirements
instanceKlass java/util/stream/IntStream
# instanceKlass java/lang/invoke/LambdaForm$MH+0x000001fb9e2e4c00
instanceKlass  @bci org/gradle/initialization/layout/BuildLayoutConfiguration <init> (Lorg/gradle/StartParameter;)V 52 <appendix> member <vmtarget> ; # org/gradle/initialization/layout/BuildLayoutConfiguration$$Lambda+0x000001fb9e2e6ac0
instanceKlass  @bci org/gradle/initialization/layout/BuildLayoutConfiguration <init> (Lorg/gradle/StartParameter;)V 29 <appendix> member <vmtarget> ; # org/gradle/initialization/layout/BuildLayoutConfiguration$$Lambda+0x000001fb9e2e6898
instanceKlass org/gradle/initialization/layout/BuildLayoutConfiguration
instanceKlass org/gradle/internal/logging/sink/ProgressLogEventGenerator$Operation
instanceKlass org/gradle/internal/logging/progress/DefaultProgressLoggerFactory$ProgressLoggerImpl
instanceKlass java/io/ObjectOutputStream$ReplaceTable
instanceKlass java/io/ObjectOutputStream$HandleTable
instanceKlass org/gradle/internal/operations/notify/BuildOperationNotificationBridge$Started
instanceKlass  @bci org/gradle/tooling/internal/provider/runner/ProgressEventConsumer findStartedParentId (Lorg/gradle/internal/operations/BuildOperationDescriptor;)Lorg/gradle/internal/operations/OperationIdentifier; 17 <appendix> member <vmtarget> ; # org/gradle/tooling/internal/provider/runner/ProgressEventConsumer$$Lambda+0x000001fb9e2d98b0
instanceKlass org/gradle/internal/build/event/types/AbstractProgressEvent
instanceKlass org/gradle/api/internal/tasks/RegisterTaskBuildOperationType$Details
instanceKlass org/gradle/api/internal/tasks/RealizeTaskBuildOperationType$Details
instanceKlass org/gradle/api/internal/ExecuteDomainObjectCollectionCallbackBuildOperationType$Details
instanceKlass org/gradle/configuration/internal/ExecuteListenerBuildOperationType$Details
instanceKlass org/gradle/configuration/ApplyScriptPluginBuildOperationType$Details
instanceKlass org/gradle/api/internal/plugins/ApplyPluginBuildOperationType$Details
instanceKlass org/gradle/internal/operations/OperationStartEvent
instanceKlass org/gradle/internal/operations/DefaultBuildOperationRunner$DefaultBuildOperationContext
instanceKlass org/gradle/internal/operations/BuildOperationProgressEventListenerAdapter
instanceKlass org/gradle/internal/operations/DefaultBuildOperationRunner$BuildOperationTrackingListener
instanceKlass org/gradle/internal/operations/BuildOperationState
instanceKlass org/gradle/internal/operations/BuildOperationRef
instanceKlass org/gradle/internal/operations/DefaultBuildOperationRunner$2
instanceKlass org/gradle/launcher/exec/RunAsBuildOperationBuildActionExecutor$2$1
instanceKlass org/gradle/launcher/exec/RunBuildBuildOperationType$Details
instanceKlass org/gradle/internal/operations/BuildOperationMetadata$1
instanceKlass org/gradle/internal/operations/BuildOperationDescriptor$Builder
instanceKlass org/gradle/internal/operations/BuildOperationDescriptor
instanceKlass org/gradle/internal/operations/DefaultBuildOperationRunner$CallableBuildOperationWorker
instanceKlass org/gradle/launcher/exec/RunAsBuildOperationBuildActionExecutor$2
instanceKlass org/gradle/internal/operations/notify/BuildOperationProgressNotification
instanceKlass org/gradle/internal/operations/notify/BuildOperationFinishedNotification
instanceKlass org/gradle/internal/operations/notify/BuildOperationStartedNotification
instanceKlass org/gradle/internal/operations/notify/BuildOperationNotificationBridge$Adapter
instanceKlass org/gradle/internal/operations/notify/BuildOperationNotificationBridge$RecordingListener
instanceKlass org/gradle/internal/operations/notify/BuildOperationNotificationBridge$ReplayAndAttachListener
instanceKlass org/gradle/internal/operations/notify/BuildOperationNotificationListener
instanceKlass org/gradle/internal/operations/notify/BuildOperationNotificationBridge$State
instanceKlass org/gradle/internal/resources/DefaultResourceLockCoordinationService$AcquireLocks
instanceKlass org/gradle/internal/resources/DefaultResourceLockCoordinationService$3
instanceKlass org/gradle/internal/resources/DefaultResourceLockCoordinationService$DefaultResourceLockState
instanceKlass org/gradle/internal/resources/DefaultResourceLockCoordinationService$1
instanceKlass org/gradle/internal/work/DefaultWorkerLeaseService$3
instanceKlass org/gradle/internal/resources/AbstractTrackedResourceLock
instanceKlass org/gradle/internal/resources/AbstractResourceLockRegistry$ThreadLockDetails
instanceKlass  @bci org/gradle/launcher/exec/RunAsWorkerThreadBuildActionExecutor execute (Lorg/gradle/internal/invocation/BuildAction;Lorg/gradle/internal/session/BuildSessionContext;)Lorg/gradle/internal/buildtree/BuildActionRunner$Result; 7 <appendix> member <vmtarget> ; # org/gradle/launcher/exec/RunAsWorkerThreadBuildActionExecutor$$Lambda+0x000001fb9e2dd920
instanceKlass org/gradle/internal/buildtree/BuildActionRunner$Result
instanceKlass org/gradle/workers/internal/ExecuteWorkItemBuildOperationType$Details
instanceKlass org/gradle/api/internal/artifacts/transform/ExecutePlannedTransformStepBuildOperationDetails
instanceKlass org/gradle/operations/dependencies/transforms/ExecutePlannedTransformStepBuildOperationType$Details
instanceKlass org/gradle/api/internal/tasks/execution/ExecuteTaskBuildOperationDetails
instanceKlass org/gradle/internal/operations/trace/CustomOperationTraceSerialization
instanceKlass org/gradle/api/internal/tasks/execution/ExecuteTaskBuildOperationType$Details
instanceKlass org/gradle/configuration/project/ConfigureProjectBuildOperationType$Details
instanceKlass org/gradle/api/internal/tasks/testing/operations/ExecuteTestBuildOperationType$Details
instanceKlass org/gradle/internal/resource/ExternalResourceReadBuildOperationType$Details
instanceKlass org/gradle/tooling/internal/provider/runner/ClientBuildEventGenerator$Mapper
instanceKlass org/gradle/tooling/internal/provider/runner/ClientBuildEventGenerator$Operation
instanceKlass org/gradle/tooling/internal/provider/runner/ClientBuildEventGenerator
instanceKlass org/gradle/tooling/internal/protocol/events/InternalWorkItemDescriptor
instanceKlass org/gradle/tooling/internal/provider/runner/WorkItemOperationMapper
instanceKlass org/gradle/tooling/internal/protocol/events/InternalProjectConfigurationDescriptor
instanceKlass org/gradle/tooling/internal/protocol/events/InternalProjectConfigurationResult
instanceKlass org/gradle/tooling/internal/provider/runner/ProjectConfigurationOperationMapper
instanceKlass org/gradle/tooling/internal/protocol/events/InternalTestFailureResult
instanceKlass org/gradle/tooling/internal/protocol/events/InternalTestSkippedResult
instanceKlass org/gradle/tooling/internal/protocol/events/InternalTestSuccessResult
instanceKlass org/gradle/tooling/internal/protocol/events/InternalTestResult
instanceKlass org/gradle/tooling/internal/provider/runner/TestOperationMapper
instanceKlass org/gradle/tooling/internal/protocol/events/InternalNotFoundFileDownloadResult
instanceKlass org/gradle/tooling/internal/protocol/events/InternalFileDownloadResult
instanceKlass org/gradle/tooling/internal/protocol/events/InternalFileDownloadDescriptor
instanceKlass org/gradle/tooling/internal/provider/runner/FileDownloadOperationMapper
instanceKlass org/gradle/tooling/internal/provider/runner/TaskOperationMapper$PostProcessors
instanceKlass org/gradle/tooling/internal/protocol/events/InternalTaskFailureResult
instanceKlass org/gradle/tooling/internal/protocol/events/InternalTaskSkippedResult
instanceKlass org/gradle/tooling/internal/provider/runner/TaskOperationMapper
instanceKlass java/util/Collections$2
instanceKlass org/gradle/tooling/internal/protocol/events/InternalJavaCompileTaskOperationResult$InternalAnnotationProcessorResult
instanceKlass org/gradle/tooling/internal/protocol/events/InternalTaskCachedResult
instanceKlass org/gradle/tooling/internal/protocol/events/InternalTaskSuccessResult
instanceKlass org/gradle/tooling/internal/protocol/events/InternalJavaCompileTaskOperationResult
instanceKlass org/gradle/tooling/internal/protocol/events/InternalIncrementalTaskResult
instanceKlass org/gradle/tooling/internal/protocol/events/InternalTaskResult
instanceKlass org/gradle/api/internal/tasks/compile/tooling/JavaCompileTaskSuccessResultPostProcessor
instanceKlass org/gradle/internal/build/event/OperationResultPostProcessor
instanceKlass  @bci com/google/common/collect/CollectCollectors <clinit> ()V 75 <appendix> argL0 ; # com/google/common/collect/CollectCollectors$$Lambda+0x000001fb9e2d28e8
instanceKlass  @bci com/google/common/collect/CollectCollectors <clinit> ()V 70 <appendix> argL0 ; # com/google/common/collect/CollectCollectors$$Lambda+0x000001fb9e2d26a0
instanceKlass  @bci com/google/common/collect/CollectCollectors <clinit> ()V 65 <appendix> argL0 ; # com/google/common/collect/CollectCollectors$$Lambda+0x000001fb9e2d2470
instanceKlass com/google/common/collect/RangeGwtSerializationDependencies
instanceKlass  @bci com/google/common/collect/CollectCollectors <clinit> ()V 60 <appendix> argL0 ; # com/google/common/collect/CollectCollectors$$Lambda+0x000001fb9e2d1dc8
instanceKlass com/google/common/collect/ImmutableRangeSet$Builder
instanceKlass com/google/common/collect/SortedIterable
instanceKlass com/google/common/collect/AbstractRangeSet
instanceKlass com/google/common/collect/RangeSet
instanceKlass  @bci com/google/common/collect/CollectCollectors <clinit> ()V 45 <appendix> argL0 ; # com/google/common/collect/CollectCollectors$$Lambda+0x000001fb9e2cb3d0
instanceKlass  @bci com/google/common/collect/CollectCollectors <clinit> ()V 40 <appendix> argL0 ; # com/google/common/collect/CollectCollectors$$Lambda+0x000001fb9e2cb188
instanceKlass  @bci com/google/common/collect/CollectCollectors <clinit> ()V 35 <appendix> argL0 ; # com/google/common/collect/CollectCollectors$$Lambda+0x000001fb9e2caf58
instanceKlass  @bci com/google/common/collect/CollectCollectors <clinit> ()V 30 <appendix> argL0 ; # com/google/common/collect/CollectCollectors$$Lambda+0x000001fb9e2cad38
instanceKlass  @bci com/google/common/collect/CollectCollectors <clinit> ()V 15 <appendix> argL0 ; # com/google/common/collect/CollectCollectors$$Lambda+0x000001fb9e2caaf8
instanceKlass  @bci com/google/common/collect/CollectCollectors <clinit> ()V 10 <appendix> argL0 ; # com/google/common/collect/CollectCollectors$$Lambda+0x000001fb9e2ca8b0
instanceKlass  @bci com/google/common/collect/CollectCollectors <clinit> ()V 5 <appendix> argL0 ; # com/google/common/collect/CollectCollectors$$Lambda+0x000001fb9e2ca680
instanceKlass  @bci com/google/common/collect/CollectCollectors <clinit> ()V 0 <appendix> argL0 ; # com/google/common/collect/CollectCollectors$$Lambda+0x000001fb9e2ca460
instanceKlass com/google/common/collect/CollectCollectors
instanceKlass  @bci org/gradle/tooling/internal/provider/runner/ToolingApiBuildEventListenerFactory createPostProcessors (Lorg/gradle/internal/build/event/BuildEventSubscriptions;Lorg/gradle/initialization/BuildEventConsumer;)Ljava/util/List; 21 <appendix> argL0 ; # org/gradle/tooling/internal/provider/runner/ToolingApiBuildEventListenerFactory$$Lambda+0x000001fb9e2b3820
instanceKlass  @bci org/gradle/tooling/internal/provider/runner/ToolingApiBuildEventListenerFactory createPostProcessors (Lorg/gradle/internal/build/event/BuildEventSubscriptions;Lorg/gradle/initialization/BuildEventConsumer;)Ljava/util/List; 11 <appendix> member <vmtarget> ; # org/gradle/tooling/internal/provider/runner/ToolingApiBuildEventListenerFactory$$Lambda+0x000001fb9e2b35d8
instanceKlass org/gradle/execution/plan/SelfExecutingNode
instanceKlass org/gradle/execution/plan/Node
instanceKlass org/gradle/tooling/internal/protocol/events/InternalTransformDescriptor
instanceKlass org/gradle/tooling/internal/provider/runner/TransformOperationMapper
instanceKlass org/gradle/tooling/internal/provider/runner/BuildOperationMapper
instanceKlass org/gradle/tooling/internal/provider/runner/TaskOriginTracker
instanceKlass org/gradle/tooling/internal/provider/runner/ProjectConfigurationTracker
instanceKlass org/gradle/tooling/internal/provider/runner/TaskForTestEventTracker
instanceKlass org/gradle/tooling/internal/protocol/events/InternalScriptPluginIdentifier
instanceKlass org/gradle/tooling/internal/protocol/events/InternalBinaryPluginIdentifier
instanceKlass org/gradle/tooling/internal/protocol/events/InternalPluginIdentifier
instanceKlass org/gradle/tooling/internal/provider/runner/PluginApplicationTracker
instanceKlass org/gradle/tooling/internal/provider/runner/BuildOperationTracker
instanceKlass org/gradle/tooling/internal/provider/runner/OperationDependenciesResolver
instanceKlass  @bci org/gradle/tooling/internal/provider/runner/ToolingApiBuildEventListenerFactory createBuildOperationListener (Lorg/gradle/internal/build/event/BuildEventSubscriptions;Lorg/gradle/tooling/internal/provider/runner/ProgressEventConsumer;)Lorg/gradle/internal/operations/BuildOperationListener; 7 <appendix> member <vmtarget> ; # org/gradle/tooling/internal/provider/runner/ToolingApiBuildEventListenerFactory$$Lambda+0x000001fb9e2b1c38
instanceKlass org/gradle/internal/operations/OperationIdentifier
instanceKlass org/gradle/tooling/internal/protocol/events/InternalRootOperationDescriptor
instanceKlass org/gradle/tooling/internal/provider/runner/ClientForwardingBuildOperationListener
instanceKlass org/gradle/tooling/internal/protocol/events/InternalSuccessResult
instanceKlass org/gradle/tooling/internal/protocol/events/InternalFailureResult
instanceKlass org/gradle/internal/build/event/types/AbstractResult
instanceKlass org/gradle/tooling/internal/protocol/events/InternalOperationFinishedProgressEvent
instanceKlass org/gradle/tooling/internal/protocol/events/InternalOperationStartedProgressEvent
instanceKlass org/gradle/tooling/internal/protocol/events/InternalBuildPhaseDescriptor
instanceKlass org/gradle/internal/build/event/types/DefaultOperationDescriptor
instanceKlass org/gradle/tooling/internal/provider/runner/BuildPhaseOperationListener
instanceKlass org/gradle/tooling/internal/protocol/events/InternalProgressEvent
instanceKlass org/gradle/tooling/internal/protocol/events/InternalTestOutputDescriptor
instanceKlass org/gradle/tooling/internal/protocol/events/InternalOperationDescriptor
instanceKlass org/gradle/tooling/internal/protocol/events/InternalTestOutputResult
instanceKlass org/gradle/tooling/internal/protocol/events/InternalOperationResult
instanceKlass org/gradle/tooling/internal/protocol/InternalProtocolInterface
instanceKlass org/gradle/tooling/internal/provider/runner/ClientForwardingTestOutputOperationListener
instanceKlass org/gradle/tooling/internal/provider/runner/ProgressEventConsumer
instanceKlass org/gradle/internal/buildtree/BuildActionModelRequirements
instanceKlass org/gradle/launcher/exec/BuildTreeLifecycleBuildActionExecutor
instanceKlass org/gradle/launcher/exec/RunAsBuildOperationBuildActionExecutor$1
instanceKlass org/gradle/launcher/exec/RunBuildBuildOperationType$Result
instanceKlass org/gradle/launcher/exec/RunAsBuildOperationBuildActionExecutor
instanceKlass org/gradle/launcher/exec/RunAsWorkerThreadBuildActionExecutor
instanceKlass org/gradle/execution/CancellableOperationManager
instanceKlass org/gradle/tooling/internal/provider/continuous/ContinuousBuildActionExecutor
instanceKlass org/gradle/tooling/internal/provider/SubscribableBuildActionExecutor
# instanceKlass java/lang/invoke/LambdaForm$MH+0x000001fb9e2c8400
# instanceKlass java/lang/invoke/LambdaForm$MH+0x000001fb9e2c8000
# instanceKlass java/lang/invoke/LambdaForm$DMH+0x000001fb9e2c7c00
# instanceKlass java/lang/invoke/LambdaForm$MH+0x000001fb9e2c7800
# instanceKlass java/lang/invoke/LambdaForm$DMH+0x000001fb9e2c7400
# instanceKlass java/lang/invoke/LambdaForm$MH+0x000001fb9e2c7000
# instanceKlass java/lang/invoke/LambdaForm$DMH+0x000001fb9e2c6c00
# instanceKlass java/lang/invoke/LambdaForm$MH+0x000001fb9e2c6800
# instanceKlass java/lang/invoke/LambdaForm$DMH+0x000001fb9e2c6400
# instanceKlass java/lang/invoke/LambdaForm$MH+0x000001fb9e2c6000
# instanceKlass java/lang/invoke/LambdaForm$DMH+0x000001fb9e2c5c00
# instanceKlass java/lang/invoke/LambdaForm$MH+0x000001fb9e2c5800
# instanceKlass java/lang/invoke/LambdaForm$DMH+0x000001fb9e2c5400
# instanceKlass java/lang/invoke/LambdaForm$MH+0x000001fb9e2c5000
# instanceKlass java/lang/invoke/LambdaForm$DMH+0x000001fb9e2c4c00
# instanceKlass java/lang/invoke/LambdaForm$MH+0x000001fb9e2c4800
# instanceKlass java/lang/invoke/LambdaForm$DMH+0x000001fb9e2c4400
# instanceKlass java/lang/invoke/LambdaForm$MH+0x000001fb9e2c4000
# instanceKlass java/lang/invoke/LambdaForm$DMH+0x000001fb9e2c3c00
# instanceKlass java/lang/invoke/LambdaForm$MH+0x000001fb9e2c3800
# instanceKlass java/lang/invoke/LambdaForm$DMH+0x000001fb9e2c3400
# instanceKlass java/lang/invoke/LambdaForm$MH+0x000001fb9e2c3000
# instanceKlass java/lang/invoke/LambdaForm$DMH+0x000001fb9e2c2c00
# instanceKlass java/lang/invoke/LambdaForm$MH+0x000001fb9e2c2800
# instanceKlass java/lang/invoke/LambdaForm$MH+0x000001fb9e2c2400
# instanceKlass java/lang/invoke/LambdaForm$MH+0x000001fb9e2c2000
# instanceKlass java/lang/invoke/LambdaForm$MH+0x000001fb9e2c1c00
# instanceKlass java/lang/invoke/LambdaForm$MH+0x000001fb9e2c1800
# instanceKlass java/lang/invoke/LambdaForm$MH+0x000001fb9e2c1400
# instanceKlass java/lang/invoke/LambdaForm$MH+0x000001fb9e2c1000
# instanceKlass java/lang/invoke/LambdaForm$MH+0x000001fb9e2c0c00
# instanceKlass java/lang/invoke/LambdaForm$MH+0x000001fb9e2c0800
# instanceKlass java/lang/invoke/LambdaForm$MH+0x000001fb9e2c0400
# instanceKlass java/lang/invoke/LambdaForm$MH+0x000001fb9e2c0000
# instanceKlass java/lang/invoke/LambdaForm$MH+0x000001fb9e2b9c00
# instanceKlass java/lang/invoke/LambdaForm$BMH+0x000001fb9e2b9800
# instanceKlass java/lang/invoke/LambdaForm$DMH+0x000001fb9e2b9400
# instanceKlass java/lang/invoke/LambdaForm$DMH+0x000001fb9e2b9000
instanceKlass com/google/common/collect/Synchronized$SynchronizedObject
instanceKlass com/google/common/collect/Table
instanceKlass com/google/common/collect/Synchronized
instanceKlass com/google/common/collect/SortedSetMultimap
instanceKlass com/google/common/collect/Multimaps
instanceKlass com/google/common/collect/MultimapBuilder$LinkedHashSetSupplier
instanceKlass com/google/common/collect/MultimapBuilder$MultimapBuilderWithKeys
instanceKlass com/google/common/collect/MultimapBuilder
instanceKlass org/gradle/api/problems/internal/ProblemLocator
instanceKlass org/gradle/internal/snapshot/ValueSnapshot
instanceKlass org/gradle/internal/snapshot/impl/DefaultValueSnapshotter$ValueSnapshotVisitor
# instanceKlass java/lang/invoke/LambdaForm$MH+0x000001fb9e2b8c00
# instanceKlass java/lang/invoke/LambdaForm$MH+0x000001fb9e2b8800
# instanceKlass java/lang/invoke/LambdaForm$MH+0x000001fb9e2b8400
# instanceKlass java/lang/invoke/LambdaForm$MH+0x000001fb9e2b8000
instanceKlass org/gradle/internal/scripts/ScriptingLanguages$1
instanceKlass org/gradle/scripts/ScriptingLanguage
instanceKlass org/gradle/internal/scripts/ScriptingLanguages
instanceKlass org/gradle/internal/scripts/ScriptFileUtil
instanceKlass org/gradle/internal/scripts/DefaultScriptFileResolver
instanceKlass org/gradle/internal/resources/LeaseHolder
instanceKlass org/gradle/internal/resources/LockCache
instanceKlass org/gradle/internal/resources/AbstractResourceLockRegistry
instanceKlass org/gradle/internal/resources/ResourceLockContainer
instanceKlass org/gradle/internal/resources/ResourceLockRegistry
instanceKlass org/gradle/internal/work/DefaultWorkerLeaseService$Registries
instanceKlass org/gradle/internal/work/DefaultWorkerLeaseService$ProjectLockStatisticsImpl
instanceKlass org/gradle/internal/resources/ProjectLockStatistics
instanceKlass org/gradle/internal/work/DefaultWorkerLimits
instanceKlass org/gradle/internal/cc/impl/DefaultBuildTreeModelControllerServices$Companion
instanceKlass org/gradle/internal/InternalBuildListener
instanceKlass org/gradle/internal/InternalListener
instanceKlass org/gradle/internal/operations/notify/BuildOperationNotificationBridge$1
instanceKlass org/gradle/internal/operations/DefaultBuildOperationProgressEventEmitter
instanceKlass org/gradle/deployment/internal/DefaultDeploymentRegistry$PendingChanges
instanceKlass org/gradle/deployment/internal/ContinuousExecutionGate$GateKeeper
instanceKlass org/gradle/deployment/internal/DefaultContinuousExecutionGate
instanceKlass org/gradle/deployment/internal/ContinuousExecutionGate
# instanceKlass java/lang/invoke/LambdaForm$MH+0x000001fb9e2b4800
# instanceKlass java/lang/invoke/LambdaForm$MH+0x000001fb9e2b4400
# instanceKlass java/lang/invoke/LambdaForm$MH+0x000001fb9e2b4000
instanceKlass org/gradle/internal/execution/WorkInputListener
instanceKlass org/gradle/internal/service/scopes/DefaultWorkInputListeners
instanceKlass org/gradle/internal/operations/DefaultBuildOperationListenerManager$ProgressShieldingBuildOperationListener
instanceKlass org/gradle/internal/operations/DefaultBuildOperationAncestryTracker
instanceKlass org/gradle/composite/internal/CompositeProjectComponentArtifactMetadataSerializer
instanceKlass org/gradle/composite/internal/CompositeProjectComponentArtifactMetadata
instanceKlass  @bci org/gradle/api/internal/artifacts/DependencyManagementValueSnapshotterSerializerRegistry <init> (Lorg/gradle/api/internal/artifacts/ImmutableModuleIdentifierFactory;Lorg/gradle/api/internal/attributes/AttributesFactory;Lorg/gradle/api/internal/model/NamedObjectInstantiator;Lorg/gradle/api/internal/artifacts/ivyservice/resolveengine/result/ComponentSelectionDescriptorFactory;)V 251 <appendix> member <vmtarget> ; # org/gradle/api/internal/artifacts/DependencyManagementValueSnapshotterSerializerRegistry$$Lambda+0x000001fb9e2b06c8
instanceKlass org/gradle/api/internal/artifacts/ivyservice/resolveengine/result/ComponentSelectionReasonSerializer
instanceKlass org/gradle/api/internal/artifacts/ivyservice/resolveengine/result/ComponentSelectionDescriptorSerializer
instanceKlass  @bci org/gradle/api/internal/artifacts/DependencyManagementValueSnapshotterSerializerRegistry <init> (Lorg/gradle/api/internal/artifacts/ImmutableModuleIdentifierFactory;Lorg/gradle/api/internal/attributes/AttributesFactory;Lorg/gradle/api/internal/model/NamedObjectInstantiator;Lorg/gradle/api/internal/artifacts/ivyservice/resolveengine/result/ComponentSelectionDescriptorFactory;)V 188 <appendix> member <vmtarget> ; # org/gradle/api/internal/artifacts/DependencyManagementValueSnapshotterSerializerRegistry$$Lambda+0x000001fb9e2b0000
instanceKlass org/gradle/internal/component/external/model/DefaultModuleComponentIdentifier
instanceKlass org/gradle/api/artifacts/component/ModuleComponentIdentifier
instanceKlass org/gradle/api/internal/artifacts/metadata/TransformedComponentFileArtifactIdentifierSerializer
instanceKlass org/gradle/internal/component/local/model/TransformedComponentFileArtifactIdentifier
instanceKlass org/gradle/api/internal/artifacts/metadata/ComponentFileArtifactIdentifierSerializer
instanceKlass org/gradle/api/internal/artifacts/metadata/ModuleComponentFileArtifactIdentifierSerializer
instanceKlass org/gradle/api/internal/artifacts/metadata/ComponentArtifactIdentifierSerializer
instanceKlass org/gradle/api/internal/artifacts/DependencyManagementValueSnapshotterSerializerRegistry$OpaqueComponentArtifactIdentifierSerializer
instanceKlass org/gradle/api/artifacts/PublishArtifact
instanceKlass org/gradle/api/internal/artifacts/metadata/PublishArtifactLocalArtifactMetadataSerializer
instanceKlass org/gradle/api/internal/artifacts/ivyservice/resolveengine/result/CapabilitySerializer
instanceKlass org/gradle/api/artifacts/VersionConstraint
instanceKlass org/gradle/api/internal/artifacts/ModuleComponentSelectorSerializer
instanceKlass org/gradle/api/internal/artifacts/ModuleVersionIdentifierSerializer
instanceKlass org/gradle/internal/resolve/caching/DesugaringAttributeContainerSerializer
instanceKlass org/gradle/api/artifacts/component/BuildIdentifier
instanceKlass org/gradle/api/artifacts/component/ProjectComponentIdentifier
instanceKlass org/gradle/api/internal/capabilities/ImmutableCapability
instanceKlass org/gradle/api/internal/capabilities/CapabilityInternal
instanceKlass org/gradle/api/artifacts/capability/CapabilitySelector
instanceKlass org/gradle/api/internal/artifacts/capability/CapabilitySelectorSerializer
instanceKlass org/gradle/api/artifacts/result/ResolvedComponentResult
instanceKlass org/gradle/api/artifacts/result/ComponentResult
instanceKlass org/gradle/api/artifacts/component/ComponentSelector
instanceKlass org/gradle/api/artifacts/result/ComponentSelectionReason
instanceKlass org/gradle/api/artifacts/result/ResolvedVariantResult
instanceKlass org/gradle/internal/component/local/model/ComponentFileArtifactIdentifier
instanceKlass org/gradle/internal/component/external/model/DefaultModuleComponentArtifactIdentifier
instanceKlass org/gradle/internal/component/external/model/ModuleComponentArtifactIdentifier
instanceKlass org/gradle/internal/component/local/model/OpaqueComponentArtifactIdentifier
instanceKlass org/gradle/api/artifacts/component/ComponentIdentifier
instanceKlass org/gradle/internal/component/local/model/PublishArtifactLocalArtifactMetadata
instanceKlass org/gradle/api/artifacts/component/ComponentArtifactIdentifier
instanceKlass org/gradle/internal/component/local/model/LocalComponentArtifactMetadata
instanceKlass org/gradle/internal/component/model/ComponentArtifactMetadata
instanceKlass org/gradle/api/artifacts/ModuleVersionIdentifier
instanceKlass org/gradle/api/capabilities/Capability
# instanceKlass java/lang/invoke/LambdaForm$MH+0x000001fb9e2ad000
# instanceKlass java/lang/invoke/LambdaForm$MH+0x000001fb9e2acc00
# instanceKlass java/lang/invoke/LambdaForm$MH+0x000001fb9e2ac800
# instanceKlass java/lang/invoke/LambdaForm$MH+0x000001fb9e2ac400
instanceKlass org/gradle/api/artifacts/result/ComponentSelectionDescriptor
instanceKlass org/gradle/api/internal/artifacts/ivyservice/resolveengine/result/CachingComponentSelectionDescriptorFactory
instanceKlass org/gradle/api/internal/attributes/UsageCompatibilityHandler
instanceKlass  @bci java/util/Comparator comparing (Ljava/util/function/Function;)Ljava/util/Comparator; 6 <appendix> member <vmtarget> ; # java/util/Comparator$$Lambda+0x000001fb9e1c9118
instanceKlass  @cpi org/gradle/internal/snapshot/AbstractListChildMap 208 form vmentry <vmtarget> ; # java/lang/invoke/LambdaForm$DMH+0x000001fb9e2ac000
instanceKlass  @bci org/gradle/api/internal/attributes/DefaultImmutableAttributesContainer <clinit> ()V 0 <appendix> argL0 ; # org/gradle/api/internal/attributes/DefaultImmutableAttributesContainer$$Lambda+0x000001fb9e2a9ca8
instanceKlass org/gradle/api/attributes/Attribute
instanceKlass org/gradle/api/internal/attributes/AbstractAttributeContainer
instanceKlass org/gradle/api/internal/attributes/AttributeValue
instanceKlass org/gradle/internal/snapshot/impl/DefaultIsolatableFactory$IsolatableVisitor
instanceKlass org/gradle/internal/snapshot/impl/AbstractValueProcessor$ValueVisitor
instanceKlass org/gradle/internal/snapshot/impl/AbstractValueProcessor
instanceKlass com/google/common/cache/LocalCache$StrongValueReference
instanceKlass org/gradle/api/internal/provider/ManagedFactories$ProviderManagedFactory
instanceKlass org/gradle/api/internal/provider/ManagedFactories$PropertyManagedFactory
instanceKlass org/gradle/api/internal/provider/ManagedFactories$MapPropertyManagedFactory
instanceKlass org/gradle/api/internal/provider/ManagedFactories$ListPropertyManagedFactory
instanceKlass org/gradle/api/internal/provider/CollectionPropertyInternal
instanceKlass org/gradle/api/internal/provider/CollectionProviderInternal
instanceKlass org/gradle/api/internal/provider/ManagedFactories$SetPropertyManagedFactory
instanceKlass org/gradle/api/internal/file/ManagedFactories$DirectoryPropertyManagedFactory
instanceKlass org/gradle/api/internal/file/ManagedFactories$DirectoryManagedFactory
instanceKlass org/gradle/api/internal/file/ManagedFactories$RegularFilePropertyManagedFactory
instanceKlass org/gradle/api/internal/file/ManagedFactories$RegularFileManagedFactory
instanceKlass org/gradle/api/internal/file/collections/ManagedFactories$ConfigurableFileCollectionManagedFactory
instanceKlass org/gradle/internal/state/DefaultManagedFactoryRegistry
# instanceKlass java/lang/invoke/LambdaForm$MH+0x000001fb9e2a5c00
# instanceKlass java/lang/invoke/LambdaForm$MH+0x000001fb9e2a5800
# instanceKlass java/lang/invoke/LambdaForm$MH+0x000001fb9e2a5400
# instanceKlass java/lang/invoke/LambdaForm$MH+0x000001fb9e2a5000
# instanceKlass java/lang/invoke/LambdaForm$MH+0x000001fb9e2a4c00
# instanceKlass java/lang/invoke/LambdaForm$MH+0x000001fb9e2a4800
# instanceKlass java/lang/invoke/LambdaForm$MH+0x000001fb9e2a4400
# instanceKlass java/lang/invoke/LambdaForm$MH+0x000001fb9e2a4000
instanceKlass org/gradle/internal/classloader/ConfigurableClassLoaderHierarchyHasher
instanceKlass org/gradle/internal/classloader/DefaultClassLoaderFactory
instanceKlass org/gradle/api/internal/initialization/loadercache/DefaultClasspathHasher
instanceKlass  @bci org/gradle/api/internal/changedetection/state/PropertiesFileAwareClasspathResourceHasher appendConfigurationToHasher (Lorg/gradle/internal/hash/Hasher;)V 48 <appendix> member <vmtarget> ; # org/gradle/api/internal/changedetection/state/PropertiesFileAwareClasspathResourceHasher$$Lambda+0x000001fb9e2a0930
instanceKlass  @bci org/gradle/api/internal/changedetection/state/PropertiesFileAwareClasspathResourceHasher appendConfigurationToHasher (Lorg/gradle/internal/hash/Hasher;)V 28 <appendix> member <vmtarget> ; # org/gradle/api/internal/changedetection/state/PropertiesFileAwareClasspathResourceHasher$$Lambda+0x000001fb9e2a06f8
instanceKlass org/gradle/internal/fingerprint/impl/EmptyCurrentFileCollectionFingerprint
instanceKlass  @bci org/gradle/api/internal/changedetection/state/ZipHasher <init> (Lorg/gradle/internal/fingerprint/hashing/ResourceHasher;)V 3 <appendix> argL0 ; # org/gradle/api/internal/changedetection/state/ZipHasher$$Lambda+0x000001fb9e29d850
instanceKlass org/gradle/internal/snapshot/AbstractFileSystemLocationSnapshot
instanceKlass org/gradle/internal/snapshot/FileSystemLeafSnapshot
instanceKlass org/gradle/api/internal/changedetection/state/ZipHasher$HashingExceptionReporter
instanceKlass org/gradle/api/internal/file/archive/ZipInput
instanceKlass org/gradle/internal/fingerprint/hashing/ZipEntryContext
instanceKlass org/gradle/api/internal/changedetection/state/ZipHasher
instanceKlass org/gradle/api/internal/changedetection/state/IgnoringResourceHasher
instanceKlass  @bci org/gradle/api/internal/changedetection/state/PropertiesFileAwareClasspathResourceHasher <init> (Lorg/gradle/internal/fingerprint/hashing/ResourceHasher;Ljava/util/Map;)V 18 <appendix> member <vmtarget> ; # org/gradle/api/internal/changedetection/state/PropertiesFileAwareClasspathResourceHasher$$Lambda+0x000001fb9e29ec78
instanceKlass org/gradle/api/internal/changedetection/state/LineEndingNormalizingResourceHasher$1
instanceKlass org/gradle/api/internal/file/archive/ZipEntry
instanceKlass org/gradle/api/internal/changedetection/state/FallbackHandlingResourceHasher
instanceKlass org/gradle/internal/snapshot/RelativePathTrackingFileSystemSnapshotHierarchyVisitor
instanceKlass org/gradle/internal/fingerprint/CurrentFileCollectionFingerprint
instanceKlass org/gradle/internal/fingerprint/FileCollectionFingerprint
instanceKlass org/gradle/internal/fingerprint/impl/AbstractFingerprintingStrategy
instanceKlass org/gradle/api/internal/changedetection/state/RuntimeClasspathResourceHasher
instanceKlass org/gradle/api/internal/changedetection/state/PropertiesFileFilter
instanceKlass org/gradle/api/internal/changedetection/state/ResourceEntryFilter$1
instanceKlass org/gradle/api/internal/changedetection/state/ResourceEntryFilter
instanceKlass org/gradle/api/internal/changedetection/state/ResourceFilter$1
instanceKlass org/gradle/api/internal/changedetection/state/ResourceFilter
instanceKlass org/gradle/internal/fingerprint/FingerprintingStrategy
instanceKlass org/gradle/internal/fingerprint/impl/AbstractFileCollectionFingerprinter
# instanceKlass java/lang/invoke/LambdaForm$MH+0x000001fb9e29cc00
# instanceKlass java/lang/invoke/LambdaForm$MH+0x000001fb9e29c800
# instanceKlass java/lang/invoke/LambdaForm$MH+0x000001fb9e29c400
instanceKlass org/gradle/internal/execution/FileCollectionSnapshotter$Result
instanceKlass org/gradle/api/internal/file/FileCollectionStructureVisitor
instanceKlass org/gradle/internal/fingerprint/impl/DefaultFileCollectionSnapshotter
instanceKlass  @bci java/util/function/Predicate or (Ljava/util/function/Predicate;)Ljava/util/function/Predicate; 7 <appendix> member <vmtarget> ; # java/util/function/Predicate$$Lambda+0x000001fb9e1c8ec0
instanceKlass  @bci org/gradle/internal/snapshot/impl/DirectorySnapshotter$DefaultExcludes <init> (Ljava/util/Collection;)V 249 <appendix> argL0 ; # org/gradle/internal/snapshot/impl/DirectorySnapshotter$DefaultExcludes$$Lambda+0x000001fb9e299228
instanceKlass  @bci org/gradle/internal/snapshot/impl/DirectorySnapshotter$DefaultExcludes <init> (Ljava/util/Collection;)V 244 <appendix> argL0 ; # org/gradle/internal/snapshot/impl/DirectorySnapshotter$DefaultExcludes$$Lambda+0x000001fb9e298fd8
instanceKlass  @bci org/gradle/internal/snapshot/impl/DirectorySnapshotter$DefaultExcludes <init> (Ljava/util/Collection;)V 146 <appendix> argL0 ; # org/gradle/internal/snapshot/impl/DirectorySnapshotter$DefaultExcludes$$Lambda+0x000001fb9e298d88
instanceKlass  @bci org/gradle/internal/snapshot/impl/DirectorySnapshotter$DefaultExcludes <init> (Ljava/util/Collection;)V 180 <appendix> argL0 ; # org/gradle/internal/snapshot/impl/DirectorySnapshotter$DefaultExcludes$$Lambda+0x000001fb9e298b38
instanceKlass  @bci java/util/function/Predicate and (Ljava/util/function/Predicate;)Ljava/util/function/Predicate; 7 <appendix> member <vmtarget> ; # java/util/function/Predicate$$Lambda+0x000001fb9e1c86c8
instanceKlass  @cpi java/util/function/Predicate 72 form vmentry <vmtarget> ; # java/lang/invoke/LambdaForm$DMH+0x000001fb9e29c000
instanceKlass org/gradle/internal/snapshot/impl/DirectorySnapshotter$DefaultExcludes$EndMatcher
instanceKlass org/gradle/internal/snapshot/impl/DirectorySnapshotter$DefaultExcludes$StartMatcher
instanceKlass org/gradle/internal/snapshot/impl/DirectorySnapshotter$DefaultExcludes
instanceKlass org/gradle/internal/snapshot/impl/DirectorySnapshotter$1
instanceKlass org/gradle/internal/snapshot/impl/DirectorySnapshotter$SymbolicLinkMapping
instanceKlass org/gradle/internal/snapshot/impl/DirectorySnapshotter
instanceKlass  @bci com/google/common/util/concurrent/Striped lock (I)Lcom/google/common/util/concurrent/Striped; 1 <appendix> argL0 ; # com/google/common/util/concurrent/Striped$$Lambda+0x000001fb9e297db8
instanceKlass java/util/concurrent/Semaphore
instanceKlass com/google/common/util/concurrent/Striped
instanceKlass org/gradle/internal/vfs/impl/DefaultFileSystemAccess$StripedProducerGuard
instanceKlass org/gradle/internal/vfs/impl/DefaultFileSystemAccess
# instanceKlass java/lang/invoke/LambdaForm$MH+0x000001fb9e296400
# instanceKlass java/lang/invoke/LambdaForm$MH+0x000001fb9e296000
# instanceKlass java/lang/invoke/LambdaForm$MH+0x000001fb9e295c00
# instanceKlass java/lang/invoke/LambdaForm$MH+0x000001fb9e295800
# instanceKlass java/lang/invoke/LambdaForm$MH+0x000001fb9e295400
# instanceKlass java/lang/invoke/LambdaForm$MH+0x000001fb9e295000
# instanceKlass java/lang/invoke/LambdaForm$MH+0x000001fb9e294c00
# instanceKlass java/lang/invoke/LambdaForm$MH+0x000001fb9e294800
# instanceKlass java/lang/invoke/LambdaForm$MH+0x000001fb9e294400
instanceKlass org/gradle/internal/snapshot/impl/DirectorySnapshotterStatistics
instanceKlass  @bci org/gradle/internal/service/scopes/VirtualFileSystemServices$GradleUserHomeServices createVirtualFileSystem (Lorg/gradle/internal/watch/vfs/impl/FileWatchingFilter;Lorg/gradle/api/internal/DocumentationRegistry;Lorg/gradle/internal/nativeintegration/NativeCapabilities;Lorg/gradle/internal/event/ListenerManager;Lorg/gradle/internal/watch/vfs/FileChangeListeners;Lorg/gradle/internal/nativeintegration/services/NativeServices$FileEventFunctionsProvider;Lorg/gradle/internal/nativeintegration/filesystem/FileSystem;Lorg/gradle/internal/watch/vfs/WatchableFileSystemDetector;)Lorg/gradle/internal/watch/vfs/BuildLifecycleAwareVirtualFileSystem; 88 <appendix> member <vmtarget> ; # org/gradle/internal/service/scopes/VirtualFileSystemServices$GradleUserHomeServices$$Lambda+0x000001fb9e2939b0
instanceKlass org/gradle/internal/build/BuildAddedListener
instanceKlass org/gradle/internal/snapshot/EmptyChildMap
instanceKlass org/gradle/internal/snapshot/ChildMap$StoreHandler
instanceKlass org/gradle/internal/snapshot/ChildMap$NodeHandler
instanceKlass org/gradle/internal/vfs/impl/VersionHierarchy
instanceKlass org/gradle/internal/vfs/impl/VersionHierarchyRoot
instanceKlass  @bci org/gradle/internal/service/scopes/VirtualFileSystemServices$GradleUserHomeServices lambda$createVirtualFileSystem$1 (Lorg/gradle/internal/snapshot/SnapshotHierarchy;Lorg/gradle/api/internal/DocumentationRegistry;Lorg/gradle/internal/watch/vfs/impl/FileWatchingFilter;Lorg/gradle/internal/watch/vfs/WatchableFileSystemDetector;Lorg/gradle/internal/watch/vfs/FileChangeListeners;Lorg/gradle/internal/watch/registry/FileWatcherRegistryFactory;)Lorg/gradle/internal/watch/vfs/BuildLifecycleAwareVirtualFileSystem; 8 <appendix> member <vmtarget> ; # org/gradle/internal/service/scopes/VirtualFileSystemServices$GradleUserHomeServices$$Lambda+0x000001fb9e2927c0
instanceKlass org/gradle/internal/watch/registry/impl/FileSystemWatchingDocumentationIndex
instanceKlass org/gradle/internal/snapshot/SnapshotHierarchy$NodeDiffListener
instanceKlass org/gradle/internal/vfs/impl/AbstractVirtualFileSystem
instanceKlass  @bci org/gradle/internal/service/scopes/VirtualFileSystemServices$GradleUserHomeServices createVirtualFileSystem (Lorg/gradle/internal/watch/vfs/impl/FileWatchingFilter;Lorg/gradle/api/internal/DocumentationRegistry;Lorg/gradle/internal/nativeintegration/NativeCapabilities;Lorg/gradle/internal/event/ListenerManager;Lorg/gradle/internal/watch/vfs/FileChangeListeners;Lorg/gradle/internal/nativeintegration/services/NativeServices$FileEventFunctionsProvider;Lorg/gradle/internal/nativeintegration/filesystem/FileSystem;Lorg/gradle/internal/watch/vfs/WatchableFileSystemDetector;)Lorg/gradle/internal/watch/vfs/BuildLifecycleAwareVirtualFileSystem; 59 <appendix> member <vmtarget> ; # org/gradle/internal/service/scopes/VirtualFileSystemServices$GradleUserHomeServices$$Lambda+0x000001fb9e291b88
instanceKlass org/gradle/fileevents/internal/AbstractFileEventFunctions$AbstractWatcherBuilder
instanceKlass  @bci org/gradle/internal/service/scopes/VirtualFileSystemServices$GradleUserHomeServices determineWatcherRegistryFactory (Lorg/gradle/internal/os/OperatingSystem;Lorg/gradle/internal/nativeintegration/NativeCapabilities;Lorg/gradle/internal/nativeintegration/services/NativeServices$FileEventFunctionsProvider;Ljava/util/function/Predicate;)Ljava/util/Optional; 56 <appendix> member <vmtarget> ; # org/gradle/internal/service/scopes/VirtualFileSystemServices$GradleUserHomeServices$$Lambda+0x000001fb9e2914f8
instanceKlass  @cpi org/gradle/plugin/management/internal/autoapply/CompositeAutoAppliedPluginRegistry 93 form vmentry <vmtarget> ; # java/lang/invoke/LambdaForm$DMH+0x000001fb9e294000
instanceKlass org/gradle/internal/watch/registry/impl/AbstractFileWatcherRegistryFactory$FileEventFunctionsLookup
instanceKlass org/gradle/internal/watch/registry/FileWatcherUpdater
instanceKlass org/gradle/fileevents/FileWatcher
instanceKlass org/gradle/internal/watch/registry/FileWatcherRegistry
instanceKlass org/gradle/internal/watch/registry/FileWatcherProbeRegistry
instanceKlass org/gradle/internal/watch/registry/impl/AbstractFileWatcherRegistryFactory
instanceKlass  @bci org/gradle/internal/service/scopes/VirtualFileSystemServices$GradleUserHomeServices createVirtualFileSystem (Lorg/gradle/internal/watch/vfs/impl/FileWatchingFilter;Lorg/gradle/api/internal/DocumentationRegistry;Lorg/gradle/internal/nativeintegration/NativeCapabilities;Lorg/gradle/internal/event/ListenerManager;Lorg/gradle/internal/watch/vfs/FileChangeListeners;Lorg/gradle/internal/nativeintegration/services/NativeServices$FileEventFunctionsProvider;Lorg/gradle/internal/nativeintegration/filesystem/FileSystem;Lorg/gradle/internal/watch/vfs/WatchableFileSystemDetector;)Lorg/gradle/internal/watch/vfs/BuildLifecycleAwareVirtualFileSystem; 43 <appendix> member <vmtarget> ; # org/gradle/internal/service/scopes/VirtualFileSystemServices$GradleUserHomeServices$$Lambda+0x000001fb9e2901f8
instanceKlass org/gradle/internal/snapshot/ChildMap
instanceKlass org/gradle/internal/vfs/impl/DefaultSnapshotHierarchy$1
instanceKlass org/gradle/internal/vfs/impl/DefaultSnapshotHierarchy
instanceKlass  @bci com/google/common/io/Closer <clinit> ()V 0 <appendix> argL0 ; # com/google/common/io/Closer$$Lambda+0x000001fb9e28f958
instanceKlass  @cpi org/codehaus/groovy/vmplugin/v9/Java9 3416 form vmentry <vmtarget> ; # java/lang/invoke/LambdaForm$DMH+0x000001fb9e28b000
instanceKlass  @cpi org/gradle/configuration/DefaultScriptPluginFactory$ScriptPluginImpl 335 form vmentry <vmtarget> ; # java/lang/invoke/LambdaForm$DMH+0x000001fb9e28ac00
instanceKlass com/google/common/io/Closer$Suppressor
instanceKlass com/google/common/io/Closer
instanceKlass com/google/common/io/CharSource
instanceKlass com/google/common/hash/PrimitiveSink
instanceKlass com/google/common/io/CharSink
instanceKlass java/io/File$TempDirectory
instanceKlass org/gradle/api/internal/file/temp/TempFiles
# instanceKlass java/lang/invoke/LambdaForm$MH+0x000001fb9e28a800
# instanceKlass java/lang/invoke/LambdaForm$MH+0x000001fb9e28a400
# instanceKlass java/lang/invoke/LambdaForm$MH+0x000001fb9e28a000
# instanceKlass java/lang/invoke/LambdaForm$MH+0x000001fb9e289c00
# instanceKlass java/lang/invoke/LambdaForm$MH+0x000001fb9e289800
# instanceKlass java/lang/invoke/LambdaForm$MH+0x000001fb9e289400
# instanceKlass java/lang/invoke/LambdaForm$MH+0x000001fb9e289000
# instanceKlass java/lang/invoke/LambdaForm$MH+0x000001fb9e288c00
# instanceKlass java/lang/invoke/LambdaForm$MH+0x000001fb9e288800
# instanceKlass java/lang/invoke/LambdaForm$DMH+0x000001fb9e288400
instanceKlass org/gradle/internal/watch/vfs/impl/DefaultWatchableFileSystemDetector
instanceKlass net/rubygrapefruit/platform/internal/PosixFileSystems
instanceKlass org/gradle/internal/nativeintegration/services/NativeServices$NativeFeatures$1$1$1
instanceKlass org/gradle/internal/watch/vfs/FileChangeListener
instanceKlass org/gradle/internal/watch/registry/FileWatcherRegistry$ChangeHandler
instanceKlass org/gradle/internal/service/scopes/DefaultFileChangeListeners
instanceKlass org/gradle/internal/nativeintegration/services/NativeServices$3
# instanceKlass java/lang/invoke/LambdaForm$MH+0x000001fb9e288000
# instanceKlass java/lang/invoke/LambdaForm$MH+0x000001fb9e286400
instanceKlass org/gradle/internal/service/scopes/VirtualFileSystemServices$GradleUserHomeServices$1
instanceKlass org/gradle/internal/file/FilePathUtil
instanceKlass org/gradle/internal/file/FileHierarchySet$Node
instanceKlass org/gradle/internal/file/FileHierarchySet$NodeVisitor
instanceKlass org/gradle/internal/file/FileHierarchySet
instanceKlass org/gradle/cache/internal/DefaultGlobalCacheLocations
instanceKlass org/gradle/internal/hash/DefaultFileHasher
instanceKlass org/gradle/api/internal/changedetection/state/CachingFileHasher
# instanceKlass java/lang/invoke/LambdaForm$MH+0x000001fb9e286000
# instanceKlass java/lang/invoke/LambdaForm$MH+0x000001fb9e285c00
# instanceKlass java/lang/invoke/LambdaForm$MH+0x000001fb9e285800
# instanceKlass java/lang/invoke/LambdaForm$MH+0x000001fb9e285400
# instanceKlass java/lang/invoke/LambdaForm$MH+0x000001fb9e285000
# instanceKlass java/lang/invoke/LambdaForm$MH+0x000001fb9e284c00
# instanceKlass java/lang/invoke/LambdaForm$MH+0x000001fb9e284800
# instanceKlass java/lang/invoke/LambdaForm$MH+0x000001fb9e284400
# instanceKlass java/lang/invoke/LambdaForm$DMH+0x000001fb9e284000
instanceKlass com/google/common/collect/MapMakerInternalMap$StrongValueEntry
instanceKlass com/google/common/collect/MapMakerInternalMap$WeakKeyDummyValueEntry$Helper
instanceKlass com/google/common/collect/MapMakerInternalMap$InternalEntry
instanceKlass com/google/common/collect/MapMakerInternalMap$1
instanceKlass com/google/common/collect/MapMakerInternalMap$InternalEntryHelper
instanceKlass com/google/common/collect/MapMakerInternalMap$WeakValueReference
instanceKlass com/google/common/collect/Interners$InternerImpl
instanceKlass com/google/common/collect/MapMaker
instanceKlass com/google/common/collect/Interners$InternerBuilder
instanceKlass com/google/common/collect/Interners
instanceKlass org/gradle/internal/hash/DefaultStreamHasher
instanceKlass  @bci org/gradle/api/internal/changedetection/state/FileTimeStampInspector <init> (Ljava/io/File;)V 29 <appendix> member <vmtarget> ; # org/gradle/api/internal/changedetection/state/FileTimeStampInspector$$Lambda+0x000001fb9e278ce8
instanceKlass org/gradle/api/internal/changedetection/state/FileHasherStatistics
instanceKlass sun/security/provider/ByteArrayAccess$LE
instanceKlass org/gradle/internal/hash/Hashing$MessageDigestHasher
instanceKlass org/gradle/internal/hash/Hashing$DefaultHasher
instanceKlass org/gradle/internal/hash/PrimitiveHasher
instanceKlass org/gradle/internal/hash/Hasher
instanceKlass org/gradle/internal/hash/Hashing$MessageDigestHashFunction
instanceKlass org/gradle/internal/hash/HashFunction
instanceKlass org/gradle/internal/hash/Hashing
instanceKlass org/gradle/api/internal/changedetection/state/CachingResourceHasher
instanceKlass org/gradle/internal/fingerprint/hashing/ResourceHasher
instanceKlass org/gradle/internal/fingerprint/hashing/ZipEntryContextHasher
instanceKlass org/gradle/internal/fingerprint/hashing/RegularFileSnapshotContextHasher
instanceKlass org/gradle/internal/fingerprint/hashing/ConfigurableNormalizer
instanceKlass org/gradle/internal/snapshot/FileSystemLocationSnapshot
instanceKlass org/gradle/internal/snapshot/MetadataSnapshot
instanceKlass org/gradle/internal/snapshot/FileSystemNode
instanceKlass org/gradle/api/internal/changedetection/state/DefaultResourceSnapshotterCacheService
instanceKlass org/gradle/internal/hash/HashCode
instanceKlass  @bci org/gradle/internal/service/scopes/WorkerSharedGlobalScopeServices createGlobalCache (Lorg/gradle/api/internal/classpath/GlobalCacheRootsProvider;)Lorg/gradle/cache/GlobalCache; 6 <appendix> member <vmtarget> ; # org/gradle/internal/service/scopes/WorkerSharedGlobalScopeServices$$Lambda+0x000001fb9e277538
instanceKlass org/apache/commons/lang/StringUtils
instanceKlass  @bci org/gradle/api/internal/artifacts/ivyservice/DefaultArtifactCaches <init> (Lorg/gradle/cache/scopes/GlobalScopedCacheBuilderFactory;Lorg/gradle/cache/UnscopedCacheBuilderFactory;Lorg/gradle/api/internal/artifacts/ivyservice/DefaultArtifactCaches$WritableArtifactCacheLockingParameters;Lorg/gradle/api/internal/DocumentationRegistry;Lorg/gradle/api/internal/cache/CacheConfigurationsInternal;Lorg/gradle/cache/CacheCleanupStrategyFactory;)V 28 <appendix> member <vmtarget> ; # org/gradle/api/internal/artifacts/ivyservice/DefaultArtifactCaches$$Lambda+0x000001fb9e27c768
instanceKlass org/gradle/api/internal/artifacts/ivyservice/WritableArtifactCacheLockingAccessCoordinator
instanceKlass org/gradle/api/internal/artifacts/ivyservice/DefaultArtifactCaches$LateInitWritableArtifactCacheLockingAccessCoordinator
instanceKlass com/google/common/primitives/IntsMethodsForWeb
instanceKlass org/apache/commons/lang/ArrayUtils
instanceKlass org/gradle/cache/internal/CacheVersion
instanceKlass org/gradle/util/internal/DefaultGradleVersion$Stage
instanceKlass org/gradle/internal/versionedcache/CacheVersionMapping$Builder
instanceKlass org/gradle/internal/versionedcache/CacheVersionMapping
instanceKlass org/gradle/api/internal/artifacts/ivyservice/DefaultArtifactCacheMetadata
instanceKlass org/gradle/api/internal/artifacts/ivyservice/ArtifactCacheLockingAccessCoordinator
instanceKlass org/gradle/api/internal/artifacts/ivyservice/ArtifactCacheMetadata
instanceKlass org/gradle/api/internal/artifacts/ivyservice/DefaultArtifactCaches
# instanceKlass java/lang/invoke/LambdaForm$MH+0x000001fb9e278400
# instanceKlass java/lang/invoke/LambdaForm$MH+0x000001fb9e278000
# instanceKlass java/lang/invoke/LambdaForm$MH+0x000001fb9e275c00
# instanceKlass java/lang/invoke/LambdaForm$MH+0x000001fb9e275800
# instanceKlass java/lang/invoke/LambdaForm$MH+0x000001fb9e275400
# instanceKlass java/lang/invoke/LambdaForm$MH+0x000001fb9e275000
# instanceKlass java/lang/invoke/LambdaForm$MH+0x000001fb9e274c00
# instanceKlass java/lang/invoke/LambdaForm$MH+0x000001fb9e274800
# instanceKlass java/lang/invoke/LambdaForm$MH+0x000001fb9e274400
instanceKlass org/gradle/cache/internal/DefaultCacheCleanupStrategyFactory
instanceKlass org/gradle/api/internal/artifacts/DependencyManagementGradleUserHomeScopeServices$1
instanceKlass  @bci org/gradle/api/internal/changedetection/state/DefaultFileAccessTimeJournal loadOrPersistInceptionTimestamp ()J 5 <appendix> member <vmtarget> ; # org/gradle/api/internal/changedetection/state/DefaultFileAccessTimeJournal$$Lambda+0x000001fb9e276000
instanceKlass org/gradle/cache/internal/DefaultCacheCoordinator$IndexedCacheEntry
instanceKlass  @bci org/gradle/cache/internal/DefaultCacheCoordinator afterLockAcquire (Lorg/gradle/cache/FileLock;)V 38 <appendix> member <vmtarget> ; # org/gradle/cache/internal/DefaultCacheCoordinator$$Lambda+0x000001fb9e273800
instanceKlass org/gradle/cache/internal/locklistener/FileLockPacketPayload
instanceKlass  @bci sun/nio/ch/DatagramChannelImpl$DatagramPackets <clinit> ()V 16 <appendix> argL0 ; # sun/nio/ch/DatagramChannelImpl$DatagramPackets$$Lambda+0x000001fb9e1c68c0
instanceKlass sun/nio/ch/DatagramChannelImpl$DatagramPackets
instanceKlass  @bci java/net/DatagramPacket setData ([BII)V 9 <appendix> argL0 ; # java/net/DatagramPacket$$Lambda+0x000001fb9e1c6478
instanceKlass java/net/DatagramPacket
instanceKlass org/gradle/cache/internal/locklistener/DefaultFileLockContentionHandler$ContendedAction
instanceKlass org/gradle/cache/internal/locklistener/DefaultFileLockContentionHandler$1
instanceKlass  @bci org/gradle/cache/internal/DefaultCacheCoordinator toSupplier (Ljava/lang/Runnable;)Ljava/util/function/Supplier; 1 <appendix> member <vmtarget> ; # org/gradle/cache/internal/DefaultCacheCoordinator$$Lambda+0x000001fb9e272b18
instanceKlass  @bci org/gradle/cache/internal/DefaultCacheCoordinator newCache (Lorg/gradle/cache/IndexedCacheParameters;)Lorg/gradle/cache/MultiProcessSafeIndexedCache; 140 <appendix> argL0 ; # org/gradle/cache/internal/DefaultCacheCoordinator$$Lambda+0x000001fb9e2728f8
instanceKlass org/gradle/cache/internal/CrossProcessSynchronizingIndexedCache
instanceKlass org/gradle/cache/internal/InMemoryDecoratedCache
instanceKlass org/gradle/cache/internal/InMemoryCacheController
instanceKlass com/google/common/cache/LongAddable
instanceKlass com/google/common/cache/LongAddables
instanceKlass com/google/common/cache/AbstractCache$SimpleStatsCounter
instanceKlass org/gradle/cache/internal/LoggingEvictionListener
instanceKlass  @bci org/gradle/internal/buildtree/DefaultBuildTreeModelCreator$DefaultBuildTreeModelController locateBuilderForBuildTarget (Lorg/gradle/internal/build/BuildState;Ljava/lang/String;Z)Lorg/gradle/tooling/provider/model/internal/ToolingModelScope; 3 <appendix> form vmentry <vmtarget> ; # java/lang/invoke/LambdaForm$DMH+0x000001fb9e274000
instanceKlass  @bci org/gradle/cache/internal/DefaultInMemoryCacheDecoratorFactory getCache (Ljava/lang/String;I)Lorg/gradle/cache/internal/DefaultInMemoryCacheDecoratorFactory$CacheDetails; 7 <appendix> member <vmtarget> ; # org/gradle/cache/internal/DefaultInMemoryCacheDecoratorFactory$$Lambda+0x000001fb9e2715b8
instanceKlass org/gradle/cache/internal/DefaultInMemoryCacheDecoratorFactory$CacheDetails
instanceKlass org/gradle/cache/internal/AsyncCacheAccessDecoratedCache
instanceKlass org/gradle/cache/internal/ExclusiveCacheAccessingWorker
instanceKlass org/gradle/cache/internal/DefaultMultiProcessSafeIndexedCache
instanceKlass  @bci org/gradle/cache/internal/DefaultCacheCoordinator newCache (Lorg/gradle/cache/IndexedCacheParameters;)Lorg/gradle/cache/MultiProcessSafeIndexedCache; 72 <appendix> member <vmtarget> ; # org/gradle/cache/internal/DefaultCacheCoordinator$$Lambda+0x000001fb9e270930
instanceKlass org/gradle/cache/internal/btree/BTreePersistentIndexedCache
instanceKlass org/gradle/cache/internal/DefaultInMemoryCacheDecoratorFactory$InMemoryCacheDecorator
instanceKlass org/gradle/cache/IndexedCacheParameters
instanceKlass org/gradle/api/internal/changedetection/state/DefaultFileAccessTimeJournal
instanceKlass org/gradle/cache/CacheDecorator
instanceKlass org/gradle/cache/internal/MultiProcessSafeAsyncPersistentIndexedCache
instanceKlass org/gradle/cache/internal/DefaultInMemoryCacheDecoratorFactory
instanceKlass org/gradle/cache/internal/DefaultCacheFactory$ReferenceTrackingCache
instanceKlass org/gradle/cache/internal/DefaultCacheFactory$DirCacheReference
instanceKlass org/gradle/cache/internal/cacheops/CacheOperationStack
instanceKlass  @bci org/gradle/cache/internal/DefaultCacheCoordinator open ()V 2 <appendix> member <vmtarget> ; # org/gradle/cache/internal/DefaultCacheCoordinator$$Lambda+0x000001fb9e26fc30
instanceKlass org/gradle/cache/internal/LockOnDemandCrossProcessCacheAccess$ContendedAction
instanceKlass org/gradle/cache/internal/LockOnDemandCrossProcessCacheAccess$UnlockAction
instanceKlass org/gradle/cache/internal/DefaultCacheCoordinator$1
instanceKlass  @bci org/gradle/cache/internal/DefaultCacheCoordinator <init> (Ljava/lang/String;Ljava/io/File;Lorg/gradle/cache/LockOptions;Ljava/io/File;Lorg/gradle/cache/FileLockManager;Lorg/gradle/cache/internal/CacheInitializationAction;Lorg/gradle/cache/internal/CacheCleanupExecutor;Lorg/gradle/internal/concurrent/ExecutorFactory;)V 82 <appendix> member <vmtarget> ; # org/gradle/cache/internal/DefaultCacheCoordinator$$Lambda+0x000001fb9e26f118
instanceKlass  @bci org/gradle/cache/internal/DefaultCacheCoordinator <init> (Ljava/lang/String;Ljava/io/File;Lorg/gradle/cache/LockOptions;Ljava/io/File;Lorg/gradle/cache/FileLockManager;Lorg/gradle/cache/internal/CacheInitializationAction;Lorg/gradle/cache/internal/CacheCleanupExecutor;Lorg/gradle/internal/concurrent/ExecutorFactory;)V 74 <appendix> member <vmtarget> ; # org/gradle/cache/internal/DefaultCacheCoordinator$$Lambda+0x000001fb9e26eee0
instanceKlass org/gradle/cache/internal/cacheops/CacheAccessOperationsStack
instanceKlass org/gradle/cache/internal/CacheInitializationAction$1
instanceKlass org/gradle/cache/internal/CacheInitializationAction
instanceKlass org/gradle/cache/MultiProcessSafeIndexedCache
instanceKlass org/gradle/cache/UnitOfWorkParticipant
instanceKlass org/gradle/cache/AsyncCacheAccess
instanceKlass org/gradle/cache/internal/AbstractCrossProcessCacheAccess
instanceKlass org/gradle/cache/CrossProcessCacheAccess
instanceKlass org/gradle/cache/internal/DefaultCacheCoordinator
instanceKlass org/gradle/cache/internal/CacheCreationCoordinator
instanceKlass org/gradle/cache/internal/DefaultCacheCleanupExecutor
instanceKlass org/gradle/cache/internal/CacheCleanupExecutor
instanceKlass org/gradle/cache/IndexedCache
instanceKlass org/gradle/cache/internal/DefaultPersistentDirectoryStore
instanceKlass org/gradle/cache/CacheCleanupStrategy$1
instanceKlass org/gradle/cache/CacheCleanupStrategy
instanceKlass org/gradle/cache/internal/DefaultCacheBuilder
instanceKlass org/gradle/cache/internal/scopes/DefaultCacheScopeMapping$1
instanceKlass  @bci org/gradle/language/java/internal/JavaLanguageServices$JavaGlobalScopeServices createJavaSubscribableBuildActionRunnerRegistration ()Lorg/gradle/internal/build/event/OperationResultPostProcessorFactory; 0 <appendix> argL0 ; # org/gradle/language/java/internal/JavaLanguageServices$JavaGlobalScopeServices$$Lambda+0x000001fb9e262fc8
# instanceKlass java/lang/invoke/LambdaForm$MH+0x000001fb9e26c800
# instanceKlass java/lang/invoke/LambdaForm$MH+0x000001fb9e26c400
# instanceKlass java/lang/invoke/LambdaForm$DMH+0x000001fb9e26c000
instanceKlass org/gradle/internal/DeprecatedInGradleScope
instanceKlass org/gradle/BuildAdapter
instanceKlass org/gradle/BuildListener
instanceKlass org/gradle/internal/file/DefaultFileSystemDefaultExcludesProvider$1
instanceKlass java/nio/file/attribute/PosixFilePermissions$1
instanceKlass java/util/RegularEnumSet$EnumSetIterator
instanceKlass java/nio/file/attribute/PosixFilePermissions
instanceKlass org/apache/tools/ant/util/FileUtils
instanceKlass org/apache/tools/ant/taskdefs/condition/Os
instanceKlass org/apache/tools/ant/taskdefs/condition/Condition
instanceKlass org/apache/tools/ant/types/resources/Appendable
instanceKlass org/apache/tools/ant/types/resources/FileProvider
instanceKlass org/apache/tools/ant/types/resources/Touchable
instanceKlass org/apache/tools/ant/ProjectComponent
instanceKlass org/apache/tools/ant/types/ResourceCollection
instanceKlass org/apache/tools/ant/DirectoryScanner
instanceKlass org/apache/tools/ant/types/ResourceFactory
instanceKlass org/apache/tools/ant/types/selectors/SelectorScanner
instanceKlass org/apache/tools/ant/FileScanner
instanceKlass org/gradle/internal/file/DefaultFileSystemDefaultExcludesProvider
instanceKlass org/gradle/internal/session/DefaultBuildSessionContext
instanceKlass org/gradle/internal/session/BuildSessionContext
instanceKlass org/gradle/plugin/use/internal/InjectedPluginClasspath
instanceKlass org/gradle/workers/internal/WorkerExecutionQueueFactory
instanceKlass org/gradle/workers/internal/WorkerDaemonClientCancellationHandler
instanceKlass org/gradle/process/internal/worker/child/WorkerDirectoryProvider
instanceKlass org/gradle/internal/work/ConditionalExecutionQueueFactory
instanceKlass org/gradle/workers/internal/WorkersServices$BuildSessionScopeServices
instanceKlass org/gradle/vcs/internal/resolver/PersistentVcsMetadataCache
instanceKlass org/gradle/vcs/internal/VcsDirectoryLayout
instanceKlass org/gradle/vcs/internal/VersionControlRepositoryConnection
instanceKlass org/gradle/vcs/internal/VersionControlSystem
instanceKlass org/gradle/vcs/internal/services/DefaultVersionControlRepositoryFactory
instanceKlass org/gradle/vcs/internal/VersionControlRepositoryConnectionFactory
instanceKlass org/gradle/api/artifacts/ModuleIdentifier
instanceKlass org/gradle/vcs/internal/services/VersionControlServices$VersionControlBuildSessionServices
instanceKlass org/gradle/api/internal/tasks/userinput/BuildScanUserInputHandler
instanceKlass org/gradle/api/internal/tasks/userinput/UserInputHandler
instanceKlass org/gradle/internal/session/BuildSessionActionExecutor
instanceKlass org/gradle/tooling/internal/provider/LauncherServices$ToolingBuildSessionScopeServices
instanceKlass org/gradle/api/problems/internal/ExceptionProblemRegistry
instanceKlass org/gradle/problems/internal/services/ProblemsBuildSessionServices
instanceKlass org/gradle/nativeplatform/toolchain/internal/gcc/metadata/SystemLibraryDiscovery
instanceKlass org/gradle/nativeplatform/toolchain/internal/xcode/AbstractLocator
instanceKlass org/gradle/nativeplatform/toolchain/internal/msvcpp/WindowsKitInstall
instanceKlass org/gradle/platform/base/internal/toolchain/SearchResult
instanceKlass org/gradle/platform/base/internal/toolchain/ToolSearchResult
instanceKlass org/gradle/nativeplatform/toolchain/internal/msvcpp/AbstractWindowsKitComponentLocator
instanceKlass org/gradle/nativeplatform/toolchain/internal/msvcpp/UcrtLocator
instanceKlass org/gradle/nativeplatform/toolchain/internal/msvcpp/version/SystemPathVersionLocator
instanceKlass org/gradle/nativeplatform/toolchain/internal/msvcpp/version/AbstractVisualStudioVersionLocator
instanceKlass org/gradle/nativeplatform/toolchain/internal/msvcpp/version/VisualStudioMetaDataProvider
instanceKlass org/gradle/nativeplatform/toolchain/internal/msvcpp/version/VisualCppMetadataProvider
instanceKlass org/gradle/nativeplatform/toolchain/internal/msvcpp/version/VswhereVersionLocator
instanceKlass org/gradle/nativeplatform/toolchain/internal/msvcpp/WindowsSdkLocator
instanceKlass org/gradle/nativeplatform/toolchain/internal/msvcpp/VisualStudioLocator
instanceKlass org/gradle/nativeplatform/toolchain/internal/msvcpp/WindowsComponentLocator
instanceKlass org/gradle/nativeplatform/toolchain/internal/msvcpp/version/VisualStudioVersionLocator
instanceKlass org/gradle/nativeplatform/internal/services/NativeBinaryServices$BuildSessionScopeServices
instanceKlass org/gradle/internal/jvm/inspection/JvmInstallationProblemReporter
instanceKlass org/gradle/internal/fingerprint/impl/FileCollectionFingerprinterRegistrations
instanceKlass org/gradle/internal/execution/InputFingerprinter
instanceKlass org/gradle/internal/execution/OutputSnapshotter
instanceKlass org/gradle/internal/execution/FileCollectionFingerprinterRegistry
instanceKlass org/gradle/internal/file/FileSystemDefaultExcludesProvider
instanceKlass org/gradle/internal/service/scopes/VirtualFileSystemServices$BuildSessionServices
instanceKlass org/gradle/internal/scopeids/PersistentScopeIdStoreFactory
instanceKlass org/gradle/internal/scopeids/ScopeIdsServices
instanceKlass org/gradle/internal/work/DefaultAsyncWorkTracker
instanceKlass org/gradle/internal/work/AsyncWorkTracker
instanceKlass org/gradle/internal/exceptions/FailureResolutionAware
instanceKlass org/gradle/internal/build/BuildLayoutValidator
instanceKlass org/gradle/internal/model/StateTransitionControllerFactory
instanceKlass org/gradle/internal/model/InMemoryInterner
instanceKlass org/gradle/internal/model/InMemoryLoadingCache
instanceKlass org/gradle/internal/problems/DefaultProblemLocationAnalyzer
instanceKlass org/gradle/initialization/ClassLoaderScopeRegistryListener
instanceKlass org/gradle/internal/problems/ProblemLocationAnalyzer
instanceKlass org/gradle/internal/model/ValueCalculator
instanceKlass org/gradle/internal/model/CalculatedValue
instanceKlass org/gradle/internal/model/CalculatedValueContainerFactory
instanceKlass org/gradle/internal/model/CalculatedValueFactory
instanceKlass org/gradle/initialization/layout/ProjectCacheDir
instanceKlass org/gradle/internal/buildevents/BuildStartedTime
instanceKlass org/gradle/internal/scopeids/id/ScopeId
instanceKlass org/gradle/internal/scopeids/PersistentScopeIdLoader
instanceKlass org/gradle/initialization/SettingsLocation
instanceKlass org/gradle/deployment/internal/DefaultDeploymentRegistry
instanceKlass org/gradle/deployment/internal/PendingChangesListener
instanceKlass org/gradle/deployment/internal/DeploymentRegistryInternal
instanceKlass org/gradle/deployment/internal/DeploymentRegistry
instanceKlass org/gradle/deployment/internal/PendingChangesManager
instanceKlass org/gradle/api/internal/file/archive/DecompressionCoordinator
instanceKlass org/gradle/api/internal/project/CrossProjectConfigurator
instanceKlass org/gradle/internal/hash/ChecksumService
instanceKlass org/gradle/internal/service/scopes/CoreBuildSessionServices
instanceKlass org/gradle/internal/cc/impl/ConfigurationCacheEntryCollector
instanceKlass org/gradle/cache/scopes/BuildTreeScopedCacheBuilderFactory
instanceKlass org/gradle/internal/cc/impl/ConfigurationCacheRepository
instanceKlass org/gradle/internal/cc/impl/DefaultBuildTreeModelControllerServices
instanceKlass org/gradle/internal/buildtree/BuildTreeModelControllerServices
instanceKlass org/gradle/composite/internal/CompositeBuildServices$CompositeBuildSessionScopeServices
instanceKlass org/gradle/api/internal/tasks/testing/results/HtmlTestReportGenerator
instanceKlass org/gradle/api/tasks/testing/TestDescriptor
instanceKlass org/gradle/api/internal/tasks/testing/operations/TestListenerBuildOperationAdapter
instanceKlass org/gradle/api/internal/tasks/testing/results/TestListenerInternal
instanceKlass org/gradle/api/internal/tasks/testing/TestingBasePluginServices$TestingBuildSessionScopeServices
instanceKlass org/gradle/api/internal/attributes/matching/AttributeSelectionSchema
instanceKlass org/gradle/api/internal/attributes/AttributeSchemaServices
instanceKlass org/gradle/api/internal/attributes/immutable/artifact/ImmutableArtifactTypeRegistryFactory
instanceKlass org/gradle/api/internal/attributes/immutable/ImmutableAttributesSchemaFactory
instanceKlass org/gradle/internal/component/model/IvyArtifactName
instanceKlass org/gradle/internal/component/external/model/ivy/MutableIvyModuleResolveMetadata
instanceKlass org/gradle/api/internal/artifacts/repositories/metadata/IvyMutableModuleMetadataFactory
instanceKlass org/gradle/internal/component/external/model/PreferJavaRuntimeVariant
instanceKlass org/gradle/internal/component/external/model/maven/MutableMavenModuleResolveMetadata
instanceKlass org/gradle/internal/component/external/model/MutableModuleComponentResolveMetadata
instanceKlass org/gradle/api/internal/artifacts/repositories/metadata/MavenAttributesFactory
instanceKlass org/gradle/api/internal/artifacts/repositories/metadata/MavenMutableModuleMetadataFactory
instanceKlass org/gradle/api/internal/artifacts/repositories/metadata/MutableModuleMetadataFactory
instanceKlass org/gradle/internal/isolation/Isolatable
instanceKlass org/gradle/internal/hash/Hashable
instanceKlass org/gradle/api/internal/artifacts/ivyservice/resolveengine/result/AttributeContainerSerializer
instanceKlass org/gradle/api/internal/attributes/ImmutableAttributes
instanceKlass org/gradle/api/internal/attributes/AttributeContainerInternal
instanceKlass org/gradle/api/attributes/AttributeContainer
instanceKlass org/gradle/api/attributes/HasAttributes
instanceKlass org/gradle/api/internal/attributes/DefaultAttributesFactory
instanceKlass org/gradle/api/internal/attributes/AttributeValueIsolator
instanceKlass org/gradle/api/internal/catalog/DependenciesAccessorsWorkspaceProvider
instanceKlass org/gradle/internal/model/InMemoryCacheFactory
instanceKlass org/gradle/api/internal/attributes/AttributesFactory
instanceKlass org/gradle/api/internal/artifacts/ivyservice/dependencysubstitution/ComponentSelectorNotationConverter
instanceKlass org/gradle/api/internal/artifacts/ivyservice/resolveengine/result/ComponentSelectionDescriptorFactory
instanceKlass org/gradle/api/internal/artifacts/DependencyManagementBuildSessionScopeServices
instanceKlass org/gradle/internal/snapshot/impl/ValueSnapshotterSerializerRegistry
instanceKlass org/gradle/internal/snapshot/ValueSnapshotter
instanceKlass org/gradle/internal/service/scopes/WorkerSharedBuildSessionScopeServices
instanceKlass org/gradle/internal/service/scopes/DefaultGradleUserHomeScopeServiceRegistry$Services
instanceKlass org/gradle/workers/internal/WorkerDaemonClientsManager
instanceKlass org/gradle/workers/internal/ClassLoaderStructureProvider
instanceKlass org/gradle/api/problems/internal/IsolatableToBytesSerializer
instanceKlass org/gradle/workers/internal/ActionExecutionSpecFactory
instanceKlass org/gradle/workers/internal/WorkersServices$GradleUserHomeServices
instanceKlass org/gradle/kotlin/dsl/provider/KotlinScriptClassloadingCache
instanceKlass org/gradle/kotlin/dsl/provider/GradleUserHomeServices
instanceKlass org/gradle/kotlin/dsl/support/EmbeddedKotlinProvider
instanceKlass org/gradle/kotlin/dsl/support/GradleUserHomeServices
instanceKlass org/gradle/kotlin/dsl/cache/KotlinDslWorkspaceProvider
instanceKlass org/gradle/kotlin/dsl/cache/GradleUserHomeServices
instanceKlass org/gradle/kotlin/dsl/accessors/ProjectSchemaProvider
instanceKlass org/gradle/kotlin/dsl/provider/plugins/KotlinDslDclSchemaCollector
instanceKlass org/gradle/kotlin/dsl/provider/PrecompiledScriptPluginsSupport
instanceKlass org/gradle/kotlin/dsl/provider/KotlinScriptBasePluginsApplicator
instanceKlass org/gradle/kotlin/dsl/provider/plugins/GradleUserHomeServices
instanceKlass org/gradle/internal/service/ServiceAccess$PrivateAccessScope
instanceKlass org/gradle/internal/watch/registry/FileWatcherRegistryFactory
instanceKlass org/gradle/internal/snapshot/SnapshotHierarchy
instanceKlass org/gradle/internal/build/BuildState
instanceKlass org/gradle/internal/watch/vfs/impl/FileWatchingFilter
instanceKlass org/gradle/internal/vfs/FileSystemAccess$WriteListener
instanceKlass org/gradle/api/internal/changedetection/state/CrossBuildFileHashCache
instanceKlass org/gradle/internal/execution/FileCollectionSnapshotter
instanceKlass org/gradle/internal/watch/vfs/WatchableFileSystemDetector
instanceKlass org/gradle/internal/watch/vfs/BuildLifecycleAwareVirtualFileSystem
instanceKlass org/gradle/internal/vfs/VirtualFileSystem
instanceKlass org/gradle/internal/hash/FileHasher
instanceKlass org/gradle/internal/watch/vfs/FileChangeListeners
instanceKlass org/gradle/api/internal/changedetection/state/ResourceSnapshotterCacheService
instanceKlass org/gradle/internal/service/scopes/VirtualFileSystemServices$GradleUserHomeServices
instanceKlass org/gradle/tooling/internal/provider/serialization/PayloadSerializer
instanceKlass org/gradle/tooling/internal/provider/serialization/PayloadClassLoaderFactory
instanceKlass org/gradle/tooling/internal/provider/serialization/PayloadClassLoaderRegistry
instanceKlass org/gradle/internal/daemon/services/DaemonServices$DaemonGradleUserHomeServices
instanceKlass org/gradle/api/internal/tasks/compile/incremental/cache/GeneralCompileCaches
instanceKlass org/gradle/api/internal/tasks/CompileServices$UserHomeScopeServices
instanceKlass org/gradle/internal/execution/ExecutionEngine$IdentityCacheResult
instanceKlass org/gradle/api/internal/artifacts/transform/ImmutableTransformWorkspaceServices
instanceKlass org/gradle/api/internal/artifacts/ivyservice/DefaultArtifactCaches$WritableArtifactCacheLockingParameters
instanceKlass org/gradle/api/internal/artifacts/ivyservice/ArtifactCachesProvider
instanceKlass org/gradle/api/internal/artifacts/DependencyManagementGradleUserHomeScopeServices
instanceKlass org/gradle/internal/service/DefaultServiceRegistry$InstanceUnpackingVisitor
instanceKlass org/gradle/internal/execution/workspace/ImmutableWorkspaceProvider
instanceKlass org/gradle/groovy/scripts/internal/GroovyDslWorkspaceProvider
instanceKlass org/gradle/internal/fingerprint/classpath/ClasspathFingerprinter
instanceKlass org/gradle/internal/execution/FileCollectionFingerprinter
instanceKlass org/gradle/internal/snapshot/FileSystemSnapshot
instanceKlass org/gradle/internal/classpath/ClasspathFileTransformer
instanceKlass org/gradle/internal/classpath/DefaultCachedClasspathTransformer
instanceKlass org/gradle/internal/classpath/CachedClasspathTransformer
instanceKlass org/gradle/internal/classpath/transforms/ClasspathElementTransformFactoryForLegacy
instanceKlass org/gradle/internal/classpath/transforms/ClasspathElementTransform
instanceKlass org/gradle/internal/classpath/transforms/ClasspathElementTransformFactoryForAgent
instanceKlass org/gradle/internal/classpath/transforms/ClasspathElementTransformFactory
instanceKlass org/gradle/internal/classpath/types/GradleCoreInstrumentationTypeRegistry
instanceKlass org/gradle/internal/classpath/types/InstrumentationTypeRegistry
instanceKlass org/gradle/api/internal/changedetection/state/FileTimeStampInspector
instanceKlass org/gradle/initialization/RootBuildLifecycleListener
instanceKlass org/gradle/cache/CleanupAction
instanceKlass org/gradle/internal/file/FileAccessTracker
instanceKlass org/gradle/cache/internal/FilesFinder
instanceKlass org/gradle/internal/classpath/DefaultClasspathTransformerCacheFactory
instanceKlass org/gradle/internal/classpath/ClasspathTransformerCacheFactory
instanceKlass org/gradle/internal/classpath/DefaultClasspathBuilder
instanceKlass org/gradle/internal/classpath/ClasspathBuilder
instanceKlass org/gradle/internal/classpath/ClasspathEntryVisitor$Entry
instanceKlass org/gradle/internal/classpath/ClasspathWalker
instanceKlass org/gradle/cache/internal/GradleUserHomeCleanupServices$1
instanceKlass org/gradle/internal/cache/MonitoredCleanupAction
instanceKlass org/gradle/internal/operations/CallableBuildOperation
instanceKlass org/gradle/cache/internal/GradleUserHomeCleanupService
instanceKlass org/gradle/internal/versionedcache/VersionSpecificCacheDirectoryScanner
instanceKlass org/gradle/internal/versionedcache/UsedGradleVersionsFromGradleUserHomeCaches
# instanceKlass java/lang/invoke/LambdaForm$MH+0x000001fb9e24b400
# instanceKlass java/lang/invoke/LambdaForm$MH+0x000001fb9e24b000
# instanceKlass java/lang/invoke/LambdaForm$MH+0x000001fb9e24ac00
# instanceKlass java/lang/invoke/LambdaForm$MH+0x000001fb9e24a800
# instanceKlass java/lang/invoke/LambdaForm$MH+0x000001fb9e24a400
# instanceKlass java/lang/invoke/LambdaForm$MH+0x000001fb9e24a000
# instanceKlass java/lang/invoke/LambdaForm$MH+0x000001fb9e249c00
# instanceKlass java/lang/invoke/LambdaForm$MH+0x000001fb9e249800
# instanceKlass java/lang/invoke/LambdaForm$MH+0x000001fb9e249400
# instanceKlass java/lang/invoke/LambdaForm$MH+0x000001fb9e249000
# instanceKlass java/lang/invoke/LambdaForm$MH+0x000001fb9e248c00
# instanceKlass java/lang/invoke/LambdaForm$MH+0x000001fb9e248800
# instanceKlass java/lang/invoke/LambdaForm$BMH+0x000001fb9e248400
# instanceKlass java/lang/invoke/LambdaForm$DMH+0x000001fb9e248000
instanceKlass  @bci org/gradle/api/internal/cache/DefaultCacheConfigurations_Decorated $gradleInit ()V 1 <appendix> member <vmtarget> ; # org/gradle/api/internal/cache/DefaultCacheConfigurations_Decorated$$Lambda+0x000001fb9e245920
instanceKlass org/gradle/api/internal/cache/NoMarkingStrategy
instanceKlass org/gradle/api/internal/cache/CacheDirTagMarkingStrategy
instanceKlass org/gradle/api/internal/provider/TypeSanitizingTransformer
instanceKlass  @bci org/gradle/api/internal/cache/DefaultCacheConfigurations$ContextualErrorMessageProperty convention (Lorg/gradle/api/provider/Provider;)Lorg/gradle/api/internal/cache/DefaultCacheConfigurations$ContextualErrorMessageProperty; 3 <appendix> member <vmtarget> ; # org/gradle/api/internal/cache/DefaultCacheConfigurations$ContextualErrorMessageProperty$$Lambda+0x000001fb9e2446f8
instanceKlass  @bci org/gradle/api/internal/cache/DefaultCacheConfigurations providerFromSupplier (Ljava/util/function/Supplier;)Lorg/gradle/api/provider/Provider; 10 <appendix> member <vmtarget> ; # org/gradle/api/internal/cache/DefaultCacheConfigurations$$Lambda+0x000001fb9e2444d0
instanceKlass  @bci org/gradle/api/internal/cache/DefaultCacheConfigurations createCleanupConvention ()Lorg/gradle/api/provider/Provider; 1 <appendix> member <vmtarget> ; # org/gradle/api/internal/cache/DefaultCacheConfigurations$$Lambda+0x000001fb9e243df8
instanceKlass  @bci org/gradle/api/internal/cache/DefaultCacheConfigurations$ContextualErrorMessageProperty convention (Ljava/lang/Object;)Lorg/gradle/api/internal/cache/DefaultCacheConfigurations$ContextualErrorMessageProperty; 3 <appendix> member <vmtarget> ; # org/gradle/api/internal/cache/DefaultCacheConfigurations$ContextualErrorMessageProperty$$Lambda+0x000001fb9e243bd0
instanceKlass org/gradle/internal/serialization/Cached
instanceKlass  @bci org/gradle/internal/instantiation/generator/ManagedObjectFactory cachedOwnerDisplayNameOf (Lorg/gradle/internal/state/ModelObject;)Lorg/gradle/internal/serialization/Cached; 1 <appendix> member <vmtarget> ; # org/gradle/internal/instantiation/generator/ManagedObjectFactory$$Lambda+0x000001fb9e243580
instanceKlass org/gradle/internal/instantiation/generator/ManagedObjectFactory$ManagedPropertyName
instanceKlass  @bci org/gradle/api/internal/cache/DefaultCacheConfigurations$DefaultCacheResourceConfiguration_Decorated $gradleInit ()V 1 <appendix> member <vmtarget> ; # org/gradle/api/internal/cache/DefaultCacheConfigurations$DefaultCacheResourceConfiguration_Decorated$$Lambda+0x000001fb9e243108
instanceKlass org/gradle/api/internal/provider/ValueSanitizers$5
instanceKlass org/gradle/api/internal/provider/ValueSanitizers$3
instanceKlass org/gradle/api/internal/provider/ValueSanitizers$2
instanceKlass org/gradle/api/internal/provider/ValueSanitizers$1
instanceKlass org/gradle/api/internal/provider/ValueCollector
instanceKlass org/gradle/api/internal/provider/ValueSanitizer
instanceKlass org/gradle/api/internal/provider/ValueSanitizers
instanceKlass  @bci java/util/function/Function identity ()Ljava/util/function/Function; 0 <appendix> argL0 ; # java/util/function/Function$$Lambda+0x000001fb9e1c4890
instanceKlass org/gradle/api/internal/provider/ValueState
instanceKlass org/gradle/api/internal/provider/ValueSupplier$Present
instanceKlass org/gradle/api/internal/provider/ValueSupplier$Missing
instanceKlass org/gradle/api/internal/provider/ValueSupplier$Value
instanceKlass org/gradle/api/NamedDomainObjectProvider
instanceKlass org/gradle/api/internal/provider/Providers
instanceKlass org/gradle/internal/Describables$AbstractDescribable
instanceKlass org/gradle/internal/Describables
instanceKlass org/gradle/api/internal/cache/CacheResourceConfigurationInternal$EntryRetention
instanceKlass org/gradle/api/internal/cache/DefaultCacheConfigurations$DefaultCacheResourceConfiguration
# instanceKlass java/lang/invoke/LambdaForm$MH+0x000001fb9e23a800
# instanceKlass java/lang/invoke/LambdaForm$MH+0x000001fb9e23a400
# instanceKlass java/lang/invoke/LambdaForm$MH+0x000001fb9e23a000
instanceKlass org/gradle/internal/instantiation/generator/AsmBackedClassGenerator$ObjectCreationDetails
instanceKlass org/gradle/internal/instantiation/generator/InjectUtil
instanceKlass com/google/common/collect/Iterables
instanceKlass com/google/common/collect/Ordering
instanceKlass org/gradle/internal/instantiation/generator/ConstructorComparator
instanceKlass org/gradle/internal/instantiation/generator/AsmBackedClassGenerator$InvokeConstructorStrategy
instanceKlass org/gradle/internal/instantiation/generator/AbstractClassGenerator$GeneratedClassImpl$GeneratedConstructorImpl
instanceKlass org/gradle/internal/instantiation/generator/ClassGenerator$GeneratedConstructor
instanceKlass org/gradle/internal/instantiation/generator/ClassGenerator$SerializationConstructor
instanceKlass jdk/internal/org/objectweb/asm/ClassReader
instanceKlass org/objectweb/asm/Handler
instanceKlass org/objectweb/asm/Attribute
instanceKlass  @bci org/gradle/internal/instantiation/generator/AsmBackedClassGenerator$ClassBuilderImpl addConstructor (Ljava/lang/reflect/Constructor;Z)V 84 <adapter> ; # java/lang/invoke/LambdaForm$MH+0x000001fb9e239c00
# instanceKlass java/lang/invoke/LambdaForm$DMH+0x000001fb9e239800
instanceKlass  @bci org/gradle/internal/instantiation/generator/AsmBackedClassGenerator$ClassBuilderImpl addConstructor (Ljava/lang/reflect/Constructor;Z)V 84 <appendix> form vmentry <vmtarget> ; # java/lang/invoke/LambdaForm$DMH+0x000001fb9e239400
instanceKlass  @bci org/gradle/internal/instantiation/generator/AsmBackedClassGenerator$ClassBuilderImpl addConstructor (Ljava/lang/reflect/Constructor;Z)V 84 <appendix> member <vmtarget> ; # org/gradle/internal/instantiation/generator/AsmBackedClassGenerator$ClassBuilderImpl$$Lambda+0x000001fb9e2367b0
instanceKlass  @cpi org/gradle/internal/instantiation/generator/AsmBackedClassGenerator$ClassBuilderImpl 1678 form vmentry <vmtarget> ; # java/lang/invoke/LambdaForm$DMH+0x000001fb9e239000
instanceKlass  @bci org/gradle/internal/instantiation/generator/AsmBackedClassGenerator$ClassBuilderImpl addLazyGroovySupportSetterOverloads (Lorg/gradle/internal/instantiation/generator/AbstractClassGenerator$PropertyMetadata;Lorg/gradle/internal/instantiation/generator/AbstractClassGenerator$MethodMetadata;)V 21 <appendix> member <vmtarget> ; # org/gradle/internal/instantiation/generator/AsmBackedClassGenerator$ClassBuilderImpl$$Lambda+0x000001fb9e2360c0
instanceKlass org/apache/groovy/util/BeanUtils
instanceKlass groovy/lang/MetaProperty
instanceKlass  @bci org/gradle/internal/instantiation/generator/AsmBackedClassGenerator$ClassBuilderImpl addSetMethod (Lorg/gradle/internal/instantiation/generator/AbstractClassGenerator$PropertyMetadata;Ljava/lang/reflect/Method;)V 67 <appendix> member <vmtarget> ; # org/gradle/internal/instantiation/generator/AsmBackedClassGenerator$ClassBuilderImpl$$Lambda+0x000001fb9e235590
instanceKlass  @bci org/gradle/internal/instantiation/generator/AsmBackedClassGenerator$ClassBuilderImpl addActionMethod (Ljava/lang/reflect/Method;)V 99 <adapter> ; # java/lang/invoke/LambdaForm$MH+0x000001fb9e238c00
# instanceKlass java/lang/invoke/LambdaForm$DMH+0x000001fb9e238800
instanceKlass  @bci org/gradle/internal/instantiation/generator/AsmBackedClassGenerator$ClassBuilderImpl addActionMethod (Ljava/lang/reflect/Method;)V 99 <appendix> form vmentry <vmtarget> ; # java/lang/invoke/LambdaForm$DMH+0x000001fb9e238400
instanceKlass  @bci org/gradle/internal/instantiation/generator/AsmBackedClassGenerator$ClassBuilderImpl addActionMethod (Ljava/lang/reflect/Method;)V 99 <appendix> member <vmtarget> ; # org/gradle/internal/instantiation/generator/AsmBackedClassGenerator$ClassBuilderImpl$$Lambda+0x000001fb9e234e98
instanceKlass  @cpi org/gradle/internal/instantiation/generator/AsmBackedClassGenerator$ClassBuilderImpl 1792 form vmentry <vmtarget> ; # java/lang/invoke/LambdaForm$DMH+0x000001fb9e238000
instanceKlass  @bci org/gradle/internal/instantiation/generator/AsmBackedClassGenerator$ClassBuilderImpl addActionMethod (Ljava/lang/reflect/Method;)V 23 <appendix> argL0 ; # org/gradle/internal/instantiation/generator/AsmBackedClassGenerator$ClassBuilderImpl$$Lambda+0x000001fb9e234c78
instanceKlass com/google/common/collect/LinkedHashMultimap$ValueSet$1
instanceKlass com/google/common/collect/AbstractMapBasedMultimap$WrappedCollection$WrappedIterator
instanceKlass  @bci org/gradle/internal/instantiation/generator/AsmBackedClassGenerator$ClassBuilderImpl addDynamicMethods ()V 87 <appendix> member <vmtarget> ; # org/gradle/internal/instantiation/generator/AsmBackedClassGenerator$ClassBuilderImpl$$Lambda+0x000001fb9e232e88
instanceKlass  @bci org/gradle/internal/instantiation/generator/AsmBackedClassGenerator$ClassBuilderImpl addDynamicMethods ()V 68 <appendix> member <vmtarget> ; # org/gradle/internal/instantiation/generator/AsmBackedClassGenerator$ClassBuilderImpl$$Lambda+0x000001fb9e232798
instanceKlass  @bci org/gradle/internal/instantiation/generator/AsmBackedClassGenerator$ClassBuilderImpl addDynamicMethods ()V 52 <appendix> member <vmtarget> ; # org/gradle/internal/instantiation/generator/AsmBackedClassGenerator$ClassBuilderImpl$$Lambda+0x000001fb9e2320a8
instanceKlass  @bci org/gradle/internal/instantiation/generator/AsmBackedClassGenerator$ClassBuilderImpl addDynamicMethods ()V 36 <appendix> member <vmtarget> ; # org/gradle/internal/instantiation/generator/AsmBackedClassGenerator$ClassBuilderImpl$$Lambda+0x000001fb9e2319b8
instanceKlass  @bci org/gradle/internal/instantiation/generator/AsmBackedClassGenerator$ClassBuilderImpl addSetter (Ljava/lang/String;Ljava/lang/String;Ljava/lang/String;Lorg/gradle/model/internal/asm/BytecodeFragment;)V 7 <appendix> member <vmtarget> ; # org/gradle/internal/instantiation/generator/AsmBackedClassGenerator$ClassBuilderImpl$$Lambda+0x000001fb9e230e00
instanceKlass  @bci org/gradle/internal/instantiation/generator/AsmBackedClassGenerator$ClassBuilderImpl mixInGroovyObject ()V 54 <appendix> member <vmtarget> ; # org/gradle/internal/instantiation/generator/AsmBackedClassGenerator$ClassBuilderImpl$$Lambda+0x000001fb9e230bd8
instanceKlass  @bci org/gradle/internal/instantiation/generator/AsmBackedClassGenerator$ClassBuilderImpl mixInGroovyObject ()V 38 <appendix> member <vmtarget> ; # org/gradle/internal/instantiation/generator/AsmBackedClassGenerator$ClassBuilderImpl$$Lambda+0x000001fb9e2304e8
instanceKlass  @bci org/gradle/internal/instantiation/generator/AsmBackedClassGenerator$ClassBuilderImpl mixInDynamicAware ()V 64 <appendix> member <vmtarget> ; # org/gradle/internal/instantiation/generator/AsmBackedClassGenerator$ClassBuilderImpl$$Lambda+0x000001fb9e22dcc8
instanceKlass  @bci org/gradle/internal/instantiation/generator/AsmBackedClassGenerator$ClassBuilderImpl mixInDynamicAware ()V 39 <appendix> member <vmtarget> ; # org/gradle/internal/instantiation/generator/AsmBackedClassGenerator$ClassBuilderImpl$$Lambda+0x000001fb9e22fbe8
instanceKlass  @bci org/gradle/internal/instantiation/generator/AsmBackedClassGenerator$ClassBuilderImpl applyConventionMappingToGetter (Lorg/gradle/internal/instantiation/generator/AbstractClassGenerator$PropertyMetadata;Lorg/gradle/internal/instantiation/generator/AbstractClassGenerator$MethodMetadata;ZZ)V 55 <adapter> ; # java/lang/invoke/LambdaForm$MH+0x000001fb9e22d400
# instanceKlass java/lang/invoke/LambdaForm$DMH+0x000001fb9e22d000
instanceKlass  @bci org/gradle/internal/instantiation/generator/AsmBackedClassGenerator$ClassBuilderImpl applyConventionMappingToGetter (Lorg/gradle/internal/instantiation/generator/AbstractClassGenerator$PropertyMetadata;Lorg/gradle/internal/instantiation/generator/AbstractClassGenerator$MethodMetadata;ZZ)V 55 <appendix> form vmentry <vmtarget> ; # java/lang/invoke/LambdaForm$DMH+0x000001fb9e22cc00
instanceKlass  @bci org/gradle/internal/instantiation/generator/AsmBackedClassGenerator$ClassBuilderImpl applyConventionMappingToGetter (Lorg/gradle/internal/instantiation/generator/AbstractClassGenerator$PropertyMetadata;Lorg/gradle/internal/instantiation/generator/AbstractClassGenerator$MethodMetadata;ZZ)V 55 <appendix> member <vmtarget> ; # org/gradle/internal/instantiation/generator/AsmBackedClassGenerator$ClassBuilderImpl$$Lambda+0x000001fb9e22f4d0
instanceKlass  @cpi org/gradle/internal/instantiation/generator/AsmBackedClassGenerator$ClassBuilderImpl 1780 form vmentry <vmtarget> ; # java/lang/invoke/LambdaForm$DMH+0x000001fb9e22c800
instanceKlass  @bci org/gradle/internal/instantiation/generator/AsmBackedClassGenerator$ClassBuilderImpl addLazyGetter (Ljava/lang/String;Lorg/objectweb/asm/Type;Ljava/lang/String;Ljava/lang/String;Ljava/lang/String;Lorg/objectweb/asm/Type;Lorg/gradle/model/internal/asm/BytecodeFragment;Lorg/gradle/model/internal/asm/BytecodeFragment;)V 15 <appendix> member <vmtarget> ; # org/gradle/internal/instantiation/generator/AsmBackedClassGenerator$ClassBuilderImpl$$Lambda+0x000001fb9e22e918
instanceKlass org/gradle/model/internal/asm/BytecodeFragment$1
instanceKlass  @bci org/gradle/internal/instantiation/generator/AsmBackedClassGenerator$ClassBuilderImpl mixInConventionAware ()V 35 <appendix> member <vmtarget> ; # org/gradle/internal/instantiation/generator/AsmBackedClassGenerator$ClassBuilderImpl$$Lambda+0x000001fb9e22e4c8
instanceKlass org/gradle/model/internal/asm/ClassVisitorScope$1
instanceKlass  @bci org/gradle/internal/instantiation/generator/AsmBackedClassGenerator$ClassBuilderImpl addExtensionsProperty ()V 11 <appendix> member <vmtarget> ; # org/gradle/internal/instantiation/generator/AsmBackedClassGenerator$ClassBuilderImpl$$Lambda+0x000001fb9e22b4e0
instanceKlass  @bci org/gradle/internal/instantiation/generator/AsmBackedClassGenerator$ClassBuilderImpl addNoDeprecationConventionPrivateGetter ()V 8 <appendix> member <vmtarget> ; # org/gradle/internal/instantiation/generator/AsmBackedClassGenerator$ClassBuilderImpl$$Lambda+0x000001fb9e22add0
instanceKlass  @bci org/gradle/api/internal/artifacts/ivyservice/DefaultArtifactCaches <init> (Lorg/gradle/cache/scopes/GlobalScopedCacheBuilderFactory;Lorg/gradle/cache/UnscopedCacheBuilderFactory;Lorg/gradle/api/internal/artifacts/ivyservice/DefaultArtifactCaches$WritableArtifactCacheLockingParameters;Lorg/gradle/api/internal/DocumentationRegistry;Lorg/gradle/api/internal/cache/CacheConfigurationsInternal;Lorg/gradle/cache/CacheCleanupStrategyFactory;)V 28 <appendix> form vmentry <vmtarget> ; # java/lang/invoke/LambdaForm$DMH+0x000001fb9e22c400
instanceKlass  @bci org/gradle/internal/instantiation/generator/AsmBackedClassGenerator$ClassBuilderImpl addServiceGetter (Ljava/lang/String;Ljava/lang/String;Lorg/objectweb/asm/Type;Ljava/lang/String;Ljava/lang/String;)V 11 <appendix> member <vmtarget> ; # org/gradle/internal/instantiation/generator/AsmBackedClassGenerator$ClassBuilderImpl$$Lambda+0x000001fb9e22a6e0
instanceKlass  @cpi org/gradle/internal/instantiation/generator/AsmBackedClassGenerator$ClassBuilderImpl 1717 form vmentry <vmtarget> ; # java/lang/invoke/LambdaForm$DMH+0x000001fb9e22c000
instanceKlass  @bci org/gradle/internal/instantiation/generator/AsmBackedClassGenerator$ClassBuilderImpl generateToStringSupport ()V 8 <appendix> member <vmtarget> ; # org/gradle/internal/instantiation/generator/AsmBackedClassGenerator$ClassBuilderImpl$$Lambda+0x000001fb9e229ff0
instanceKlass  @bci org/gradle/internal/instantiation/generator/AsmBackedClassGenerator$ClassBuilderImpl generateModelObjectMethods ()V 108 <appendix> member <vmtarget> ; # org/gradle/internal/instantiation/generator/AsmBackedClassGenerator$ClassBuilderImpl$$Lambda+0x000001fb9e2298e0
instanceKlass  @bci org/gradle/internal/instantiation/generator/AsmBackedClassGenerator$ClassBuilderImpl generateModelObjectMethods ()V 92 <appendix> member <vmtarget> ; # org/gradle/internal/instantiation/generator/AsmBackedClassGenerator$ClassBuilderImpl$$Lambda+0x000001fb9e2291f0
instanceKlass  @bci org/gradle/internal/instantiation/generator/AsmBackedClassGenerator$ClassBuilderImpl generateModelObjectMethods ()V 76 <appendix> member <vmtarget> ; # org/gradle/internal/instantiation/generator/AsmBackedClassGenerator$ClassBuilderImpl$$Lambda+0x000001fb9e228b00
instanceKlass org/gradle/api/Task
instanceKlass  @bci org/gradle/internal/instantiation/generator/AsmBackedClassGenerator$ClassBuilderImpl generateModelObjectMethods ()V 50 <appendix> member <vmtarget> ; # org/gradle/internal/instantiation/generator/AsmBackedClassGenerator$ClassBuilderImpl$$Lambda+0x000001fb9e228210
instanceKlass org/objectweb/asm/Edge
instanceKlass  @bci org/gradle/internal/instantiation/generator/AsmBackedClassGenerator$ClassBuilderImpl generateModelObjectMethods ()V 34 <appendix> member <vmtarget> ; # org/gradle/internal/instantiation/generator/AsmBackedClassGenerator$ClassBuilderImpl$$Lambda+0x000001fb9e227760
instanceKlass  @bci org/gradle/internal/instantiation/generator/AsmBackedClassGenerator$ClassBuilderImpl generateGeneratedSubtypeMethods ()V 26 <appendix> member <vmtarget> ; # org/gradle/internal/instantiation/generator/AsmBackedClassGenerator$ClassBuilderImpl$$Lambda+0x000001fb9e227070
instanceKlass  @bci org/gradle/internal/instantiation/generator/AsmBackedClassGenerator$ClassBuilderImpl generateGeneratedSubtypeMethods ()V 8 <appendix> member <vmtarget> ; # org/gradle/internal/instantiation/generator/AsmBackedClassGenerator$ClassBuilderImpl$$Lambda+0x000001fb9e226980
instanceKlass  @bci org/gradle/internal/instantiation/generator/AsmBackedClassGenerator$ClassBuilderImpl generateInitMethod ()V 62 <appendix> member <vmtarget> ; # org/gradle/internal/instantiation/generator/AsmBackedClassGenerator$ClassBuilderImpl$$Lambda+0x000001fb9e226270
instanceKlass  @bci org/gradle/internal/instantiation/generator/AsmBackedClassGenerator$ClassBuilderImpl generateInitMethod ()V 46 <appendix> member <vmtarget> ; # org/gradle/internal/instantiation/generator/AsmBackedClassGenerator$ClassBuilderImpl$$Lambda+0x000001fb9e225b60
instanceKlass org/objectweb/asm/Label
instanceKlass org/objectweb/asm/Frame
instanceKlass  @bci org/gradle/internal/instantiation/generator/AsmBackedClassGenerator$ClassBuilderImpl generateInitMethod ()V 30 <appendix> member <vmtarget> ; # org/gradle/internal/instantiation/generator/AsmBackedClassGenerator$ClassBuilderImpl$$Lambda+0x000001fb9e2241f0
instanceKlass org/gradle/model/internal/asm/AsmClassGeneratorUtils
instanceKlass org/objectweb/asm/ByteVector
instanceKlass org/objectweb/asm/Symbol
instanceKlass org/objectweb/asm/SymbolTable
instanceKlass org/objectweb/asm/FieldVisitor
instanceKlass org/objectweb/asm/MethodVisitor
instanceKlass org/objectweb/asm/AnnotationVisitor
instanceKlass org/objectweb/asm/ModuleVisitor
instanceKlass org/objectweb/asm/RecordComponentVisitor
instanceKlass org/gradle/model/internal/asm/AsmClassGenerator
instanceKlass org/objectweb/asm/Handle
instanceKlass org/gradle/internal/DisplayName
instanceKlass org/gradle/api/Project
instanceKlass org/gradle/api/internal/provider/AbstractMinimalProvider
instanceKlass org/gradle/api/internal/provider/PropertyInternal
instanceKlass org/gradle/api/internal/provider/support/LazyGroovySupport
instanceKlass org/gradle/api/internal/provider/HasConfigurableValueInternal
instanceKlass org/gradle/api/internal/provider/ProviderInternal
instanceKlass org/gradle/internal/evaluation/EvaluationOwner
instanceKlass org/gradle/api/internal/provider/ValueSupplier
instanceKlass org/gradle/internal/instantiation/generator/ManagedObjectFactory
instanceKlass org/gradle/util/internal/ConfigureUtil
instanceKlass org/gradle/internal/metaobject/AbstractDynamicObject
instanceKlass org/gradle/api/plugins/Convention
instanceKlass org/gradle/api/plugins/ExtensionContainer
instanceKlass org/gradle/internal/metaobject/DynamicObject
instanceKlass org/gradle/internal/metaobject/PropertyAccess
instanceKlass org/gradle/internal/metaobject/MethodAccess
instanceKlass org/gradle/internal/extensibility/ConventionAwareHelper
instanceKlass org/gradle/api/internal/HasConvention
instanceKlass org/gradle/api/internal/IConventionAware
instanceKlass org/gradle/internal/state/OwnerAware
instanceKlass org/gradle/api/internal/ConventionMapping
instanceKlass org/gradle/model/internal/asm/BytecodeFragment
instanceKlass  @bci org/gradle/internal/instantiation/generator/AbstractClassGenerator$PropertyMetadata findAnnotation (Ljava/lang/Class;)Ljava/lang/annotation/Annotation; 10 <appendix> member <vmtarget> ; # org/gradle/internal/instantiation/generator/AbstractClassGenerator$PropertyMetadata$$Lambda+0x000001fb9e21aa70
instanceKlass  @bci org/gradle/internal/instantiation/generator/AbstractClassGenerator hasNestedAnnotation (Lorg/gradle/internal/instantiation/generator/AbstractClassGenerator$PropertyMetadata;)Z 12 <appendix> member <vmtarget> ; # org/gradle/internal/instantiation/generator/AbstractClassGenerator$$Lambda+0x000001fb9e21a818
instanceKlass  @bci com/google/common/base/Suppliers$NonSerializableMemoizingSupplier <clinit> ()V 0 <bsm> form vmentry <vmtarget> ; # java/lang/invoke/LambdaForm$DMH+0x000001fb9e21c400
instanceKlass  @cpi org/gradle/internal/watch/registry/impl/AbstractFileWatcherUpdater 374 form vmentry <vmtarget> ; # java/lang/invoke/LambdaForm$DMH+0x000001fb9e21c000
instanceKlass groovy/lang/GroovyObjectSupport
instanceKlass groovy/lang/GroovyCallable
instanceKlass org/gradle/api/IsolatedAction
instanceKlass  @bci java/util/stream/MatchOps makeRef (Ljava/util/function/Predicate;Ljava/util/stream/MatchOps$MatchKind;)Ljava/util/stream/TerminalOp; 20 <appendix> member <vmtarget> ; # java/util/stream/MatchOps$$Lambda+0x000001fb9e1c39e8
instanceKlass java/util/stream/MatchOps$BooleanTerminalSink
instanceKlass java/util/stream/MatchOps$MatchOp
instanceKlass java/util/stream/MatchOps
instanceKlass  @bci org/gradle/internal/instantiation/generator/AbstractClassGenerator$PropertyMetadata isReadableWithoutSetterOfPropertyType ()Z 17 <appendix> member <vmtarget> ; # org/gradle/internal/instantiation/generator/AbstractClassGenerator$PropertyMetadata$$Lambda+0x000001fb9e219b60
instanceKlass jdk/internal/vm/annotation/IntrinsicCandidate
instanceKlass org/gradle/api/internal/DynamicObjectAware
instanceKlass org/gradle/internal/extensibility/NoConventionMapping
instanceKlass org/gradle/api/Incubating
instanceKlass org/gradle/api/NonExtensible
instanceKlass org/gradle/api/cache/MarkingStrategy
instanceKlass sun/reflect/generics/tree/Wildcard
instanceKlass sun/reflect/generics/tree/BottomSignature
instanceKlass org/gradle/internal/instantiation/generator/AbstractClassGenerator$MethodMetadata
instanceKlass org/gradle/internal/reflect/PropertyMutator
instanceKlass org/gradle/internal/reflect/PropertyAccessor
instanceKlass org/gradle/internal/reflect/JavaPropertyReflectionUtil
instanceKlass org/gradle/internal/instantiation/generator/AbstractClassGenerator$PropertyMetadata
instanceKlass org/gradle/internal/instantiation/generator/AbstractClassGenerator$ClassMetadata
instanceKlass org/gradle/internal/reflect/MethodSet$MethodKey
instanceKlass org/gradle/internal/reflect/MutablePropertyDetails
instanceKlass java/beans/Introspector$1
instanceKlass jdk/internal/access/JavaBeansAccess
instanceKlass java/beans/FeatureDescriptor
instanceKlass java/beans/Introspector
instanceKlass org/gradle/api/invocation/Gradle
instanceKlass org/gradle/api/plugins/ExtensionAware
instanceKlass org/gradle/api/plugins/PluginAware
instanceKlass org/gradle/api/internal/cache/CacheResourceConfigurationInternal
instanceKlass org/gradle/api/cache/Cleanup
instanceKlass org/gradle/cache/CleanupFrequency
instanceKlass org/gradle/api/cache/CacheResourceConfiguration
instanceKlass org/gradle/internal/reflect/PropertyDetails
instanceKlass org/gradle/internal/reflect/MutableClassDetails
instanceKlass org/gradle/internal/reflect/ClassDetails
instanceKlass org/gradle/internal/reflect/ClassInspector
instanceKlass org/gradle/internal/instantiation/generator/AbstractClassGenerator$ClassGenerationVisitor
instanceKlass org/gradle/internal/instantiation/generator/AsmBackedClassGenerator$ClassInspectionVisitorImpl
instanceKlass org/gradle/internal/instantiation/generator/AbstractClassGenerator$BooleanPropertyDeprecatingValidator
instanceKlass org/gradle/internal/instantiation/generator/AbstractClassGenerator$InjectionAnnotationValidator
instanceKlass org/gradle/internal/instantiation/generator/AbstractClassGenerator$DisabledAnnotationValidator
instanceKlass org/gradle/internal/instantiation/generator/AbstractClassGenerator$ClassValidator
instanceKlass com/google/common/collect/LinkedHashMultimap$ValueSetLink
instanceKlass org/gradle/internal/reflect/MethodSet
instanceKlass com/google/common/collect/SetMultimap
instanceKlass org/gradle/internal/instantiation/generator/AbstractClassGenerator$ClassGenerationHandler
instanceKlass  @bci org/gradle/internal/instantiation/generator/AbstractClassGenerator generate (Ljava/lang/Class;)Lorg/gradle/internal/instantiation/generator/ClassGenerator$GeneratedClass; 9 <appendix> member <vmtarget> ; # org/gradle/internal/instantiation/generator/AbstractClassGenerator$$Lambda+0x000001fb9e20fc88
instanceKlass org/gradle/internal/instantiation/generator/AbstractClassGenerator$GeneratedClassImpl
instanceKlass org/gradle/internal/instantiation/generator/ClassGenerator$GeneratedClass
instanceKlass org/gradle/api/internal/GeneratedSubclass
instanceKlass org/gradle/api/internal/GeneratedSubclasses
instanceKlass  @bci org/gradle/cache/internal/DefaultCrossBuildInMemoryCacheFactory$AbstractCrossBuildInMemoryCache lambda$get$2 (Ljava/util/function/Function;Ljava/lang/Object;)Lorg/gradle/internal/lazy/Lazy; 23 <appendix> member <vmtarget> ; # org/gradle/cache/internal/DefaultCrossBuildInMemoryCacheFactory$AbstractCrossBuildInMemoryCache$$Lambda+0x000001fb9e20f1f8
instanceKlass  @bci org/gradle/cache/internal/DefaultCrossBuildInMemoryCacheFactory$AbstractCrossBuildInMemoryCache get (Ljava/lang/Object;Ljava/util/function/Function;)Ljava/lang/Object; 7 <appendix> member <vmtarget> ; # org/gradle/cache/internal/DefaultCrossBuildInMemoryCacheFactory$AbstractCrossBuildInMemoryCache$$Lambda+0x000001fb9e20efb0
instanceKlass  @bci org/gradle/internal/instantiation/generator/Jsr330ConstructorSelector forType (Ljava/lang/Class;)Lorg/gradle/internal/instantiation/generator/ClassGenerator$GeneratedConstructor; 7 <appendix> member <vmtarget> ; # org/gradle/internal/instantiation/generator/Jsr330ConstructorSelector$$Lambda+0x000001fb9e20ed88
instanceKlass org/gradle/internal/instantiation/generator/Jsr330ConstructorSelector$CachedConstructor
instanceKlass org/gradle/api/internal/cache/DefaultCacheConfigurations
# instanceKlass java/lang/invoke/LambdaForm$MH+0x000001fb9e211000
# instanceKlass java/lang/invoke/LambdaForm$MH+0x000001fb9e210c00
instanceKlass org/gradle/api/internal/model/DefaultObjectFactory
# instanceKlass java/lang/invoke/LambdaForm$MH+0x000001fb9e210800
# instanceKlass java/lang/invoke/LambdaForm$MH+0x000001fb9e210400
# instanceKlass java/lang/invoke/LambdaForm$MH+0x000001fb9e210000
# instanceKlass java/lang/invoke/LambdaForm$MH+0x000001fb9e20bc00
# instanceKlass java/lang/invoke/LambdaForm$MH+0x000001fb9e20b800
# instanceKlass java/lang/invoke/LambdaForm$MH+0x000001fb9e20b400
# instanceKlass java/lang/invoke/LambdaForm$MH+0x000001fb9e20b000
# instanceKlass java/lang/invoke/LambdaForm$MH+0x000001fb9e20ac00
# instanceKlass java/lang/invoke/LambdaForm$MH+0x000001fb9e20a800
# instanceKlass java/lang/invoke/LambdaForm$MH+0x000001fb9e20a400
# instanceKlass java/lang/invoke/LambdaForm$MH+0x000001fb9e20a000
# instanceKlass java/lang/invoke/LambdaForm$DMH+0x000001fb9e209c00
# instanceKlass java/lang/invoke/LambdaForm$DMH+0x000001fb9e209800
instanceKlass  @bci org/gradle/api/internal/model/NamedObjectInstantiator <init> (Lorg/gradle/cache/internal/ClassCacheFactory;)V 6 <appendix> member <vmtarget> ; # org/gradle/api/internal/model/NamedObjectInstantiator$$Lambda+0x000001fb9e20e200
instanceKlass org/gradle/internal/state/Managed
instanceKlass com/google/common/base/ExtraObjectsMethodsForWeb
instanceKlass org/gradle/model/internal/inspect/ValidationProblemCollector
instanceKlass org/gradle/api/internal/MutationGuards$1
instanceKlass org/gradle/api/internal/MutationGuard
instanceKlass org/gradle/api/internal/MutationGuards
instanceKlass org/gradle/api/internal/CollectionCallbackActionDecorator$1
instanceKlass org/gradle/api/internal/collections/DefaultDomainObjectCollectionFactory
instanceKlass org/gradle/api/file/Directory
instanceKlass org/gradle/api/file/RegularFile
instanceKlass org/gradle/api/file/FileSystemLocation
instanceKlass  @bci org/gradle/api/internal/file/DefaultFileCollectionFactory <init> (Lorg/gradle/internal/file/PathToFileResolver;Lorg/gradle/api/internal/tasks/TaskDependencyFactory;Lorg/gradle/api/internal/file/collections/DirectoryFileTreeFactory;Lorg/gradle/api/tasks/util/internal/PatternSetFactory;Lorg/gradle/api/internal/provider/PropertyHost;Lorg/gradle/internal/nativeintegration/filesystem/FileSystem;)V 10 <appendix> argL0 ; # org/gradle/api/internal/file/DefaultFileCollectionFactory$$Lambda+0x000001fb9e20c450
instanceKlass  @cpi org/gradle/api/internal/plugins/DefaultObjectConfigurationAction 341 form vmentry <vmtarget> ; # java/lang/invoke/LambdaForm$DMH+0x000001fb9e209400
instanceKlass org/gradle/api/internal/file/collections/FileCollectionObservationListener
instanceKlass org/gradle/api/internal/tasks/DefaultTaskDependencyFactory
instanceKlass org/gradle/api/internal/file/collections/MinimalFileTree
instanceKlass org/gradle/api/internal/file/collections/MinimalFileCollection
instanceKlass org/gradle/api/internal/file/FileTreeInternal
instanceKlass org/gradle/api/internal/file/FileCollectionInternal
instanceKlass org/gradle/api/internal/tasks/TaskDependencyContainer
instanceKlass org/gradle/api/internal/file/DefaultFileCollectionFactory
# instanceKlass java/lang/invoke/LambdaForm$MH+0x000001fb9e209000
# instanceKlass java/lang/invoke/LambdaForm$MH+0x000001fb9e208c00
# instanceKlass java/lang/invoke/LambdaForm$MH+0x000001fb9e208800
# instanceKlass java/lang/invoke/LambdaForm$MH+0x000001fb9e208400
# instanceKlass java/lang/invoke/LambdaForm$MH+0x000001fb9e208000
# instanceKlass java/lang/invoke/LambdaForm$MH+0x000001fb9e204c00
# instanceKlass java/lang/invoke/LambdaForm$MH+0x000001fb9e204800
instanceKlass org/gradle/internal/typeconversion/CompositeNotationConverter
instanceKlass  @bci org/gradle/api/internal/file/AbstractFileResolver <init> ()V 47 <appendix> member <vmtarget> ; # org/gradle/api/internal/file/AbstractFileResolver$$Lambda+0x000001fb9e207cd8
instanceKlass org/gradle/internal/typeconversion/TransformingConverter
instanceKlass org/gradle/api/internal/file/UriNotationConverter
instanceKlass org/gradle/internal/exceptions/DiagnosticsVisitor
instanceKlass org/gradle/internal/typeconversion/ErrorHandlingNotationParser
instanceKlass org/gradle/internal/typeconversion/NotationConvertResult
instanceKlass org/gradle/internal/typeconversion/NotationConverterToNotationParserAdapter
instanceKlass org/gradle/internal/typeconversion/TypeInfo
instanceKlass org/gradle/internal/typeconversion/NotationParserBuilder
instanceKlass org/gradle/api/internal/file/FileNotationConverter
instanceKlass org/gradle/internal/typeconversion/NotationParser
instanceKlass org/gradle/internal/typeconversion/NotationConverter
instanceKlass org/gradle/api/internal/file/AbstractFileResolver
instanceKlass org/gradle/api/internal/provider/DefaultPropertyFactory
instanceKlass  @bci org/gradle/api/internal/provider/PropertyHost <clinit> ()V 0 <appendix> argL0 ; # org/gradle/api/internal/provider/PropertyHost$$Lambda+0x000001fb9e2032f8
instanceKlass org/gradle/internal/state/ModelObject
instanceKlass org/gradle/api/internal/file/collections/DefaultDirectoryFileTreeFactory
instanceKlass org/gradle/api/tasks/util/PatternSet
instanceKlass org/gradle/api/tasks/util/internal/DefaultPatternSetFactory
# instanceKlass java/lang/invoke/LambdaForm$MH+0x000001fb9e204400
# instanceKlass java/lang/invoke/LambdaForm$MH+0x000001fb9e204000
instanceKlass com/google/common/cache/LocalCache$AbstractReferenceEntry
instanceKlass java/util/concurrent/atomic/AtomicReferenceArray
instanceKlass com/google/common/cache/LocalCache$LoadingValueReference
instanceKlass com/google/common/cache/RemovalListener
instanceKlass com/google/common/cache/Weigher
instanceKlass com/google/common/base/Equivalence
instanceKlass java/util/function/BiPredicate
instanceKlass com/google/common/base/MoreObjects
instanceKlass com/google/common/cache/LocalCache$1
instanceKlass com/google/common/cache/ReferenceEntry
instanceKlass com/google/common/cache/LocalCache$ValueReference
instanceKlass com/google/common/cache/LocalCache$LocalManualCache
instanceKlass com/google/common/cache/CacheBuilder$2
instanceKlass com/google/common/cache/CacheStats
instanceKlass com/google/common/base/Suppliers$SupplierOfInstance
instanceKlass com/google/common/base/Suppliers
instanceKlass com/google/common/cache/CacheBuilder$1
instanceKlass com/google/common/cache/AbstractCache$StatsCounter
instanceKlass com/google/common/cache/LoadingCache
instanceKlass com/google/common/cache/Cache
instanceKlass com/google/common/base/Ticker
instanceKlass com/google/common/cache/CacheBuilder
instanceKlass org/gradle/cache/internal/HeapProportionalCacheSizer
instanceKlass org/gradle/internal/instantiation/generator/DefaultInstantiationScheme$DefaultDeserializationInstantiator
instanceKlass org/gradle/internal/instantiation/InstanceFactory
instanceKlass org/gradle/internal/instantiation/generator/DependencyInjectingInstantiator
instanceKlass org/gradle/internal/instantiation/DeserializationInstantiator
instanceKlass org/gradle/internal/instantiation/generator/DefaultInstantiationScheme
instanceKlass org/gradle/internal/instantiation/generator/ParamsMatchingConstructorSelector
instanceKlass org/gradle/cache/internal/DefaultCrossBuildInMemoryCacheFactory$2
instanceKlass org/gradle/internal/instantiation/generator/Jsr330ConstructorSelector
instanceKlass com/google/common/collect/ImmutableMultimap$Builder
instanceKlass com/google/common/collect/Multiset
instanceKlass org/gradle/cache/internal/DefaultCrossBuildInMemoryCacheFactory$AbstractCrossBuildInMemoryCache
instanceKlass org/gradle/internal/session/BuildSessionLifecycleListener
instanceKlass org/gradle/model/internal/asm/ClassGeneratorSuffixRegistry
instanceKlass org/gradle/api/artifacts/dsl/DependencyCollector
instanceKlass org/gradle/api/ExtensiblePolymorphicDomainObjectContainer
instanceKlass org/gradle/api/internal/rules/NamedDomainObjectFactoryRegistry
instanceKlass org/gradle/api/PolymorphicDomainObjectContainer
instanceKlass org/gradle/api/NamedDomainObjectContainer
instanceKlass org/gradle/util/Configurable
instanceKlass org/gradle/api/NamedDomainObjectSet
instanceKlass org/gradle/api/DomainObjectSet
instanceKlass org/gradle/api/NamedDomainObjectCollection
instanceKlass org/gradle/api/DomainObjectCollection
instanceKlass org/gradle/api/file/DirectoryProperty
instanceKlass org/gradle/api/file/RegularFileProperty
instanceKlass org/gradle/api/file/FileSystemLocationProperty
instanceKlass org/gradle/api/provider/Property
instanceKlass org/gradle/api/provider/MapProperty
instanceKlass org/gradle/api/provider/SetProperty
instanceKlass org/gradle/api/provider/ListProperty
instanceKlass org/gradle/api/provider/HasMultipleValues
instanceKlass org/gradle/api/provider/Provider
instanceKlass org/gradle/api/file/ConfigurableFileTree
instanceKlass org/gradle/api/tasks/util/PatternFilterable
instanceKlass org/gradle/api/file/DirectoryTree
instanceKlass org/gradle/api/file/FileTree
instanceKlass org/gradle/api/file/ConfigurableFileCollection
instanceKlass org/gradle/api/provider/SupportsConvention
instanceKlass org/gradle/api/provider/HasConfigurableValue
instanceKlass org/gradle/api/file/FileCollection
instanceKlass org/gradle/api/tasks/AntBuilderAware
instanceKlass org/gradle/internal/instantiation/generator/AbstractClassGenerator$InstantiationStrategy
instanceKlass org/gradle/internal/instantiation/generator/AbstractClassGenerator$ClassInspectionVisitor
instanceKlass org/gradle/internal/instantiation/generator/AbstractClassGenerator$UnclaimedPropertyHandler
instanceKlass com/google/common/reflect/TypeCapture
instanceKlass com/google/common/collect/ListMultimap
instanceKlass com/google/common/collect/AbstractMultimap
instanceKlass com/google/common/collect/Multimap
instanceKlass org/gradle/internal/instantiation/generator/AbstractClassGenerator
instanceKlass org/gradle/internal/instantiation/generator/ClassGenerator
instanceKlass org/gradle/internal/service/ServiceRegistryBuilder$1
instanceKlass  @bci org/gradle/internal/instantiation/generator/DefaultInstantiatorFactory defaultServiceRegistry ()Lorg/gradle/internal/service/ServiceRegistry; 9 <appendix> member <vmtarget> ; # org/gradle/internal/instantiation/generator/DefaultInstantiatorFactory$$Lambda+0x000001fb9e1aea80
instanceKlass org/gradle/internal/service/ServiceRegistrationAction
instanceKlass org/gradle/api/internal/tasks/properties/annotations/OutputPropertyRoleAnnotationHandler
instanceKlass org/gradle/internal/instantiation/generator/DefaultInstantiatorFactory$ManagedTypeFactory
instanceKlass org/gradle/internal/instantiation/InstantiationScheme
instanceKlass org/gradle/internal/instantiation/generator/ConstructorSelector
instanceKlass org/gradle/internal/instantiation/generator/DefaultInstantiatorFactory
# instanceKlass java/lang/invoke/LambdaForm$MH+0x000001fb9e1acc00
# instanceKlass java/lang/invoke/LambdaForm$MH+0x000001fb9e1ac800
# instanceKlass java/lang/invoke/LambdaForm$MH+0x000001fb9e1ac400
instanceKlass org/gradle/cache/internal/CrossBuildInMemoryCache
instanceKlass org/gradle/cache/internal/DefaultCrossBuildInMemoryCacheFactory
instanceKlass java/util/stream/ForEachOps$ForEachOp
instanceKlass java/util/stream/ForEachOps
instanceKlass  @bci org/gradle/internal/execution/model/annotations/ModifierAnnotationCategory annotationsOf ([Lorg/gradle/internal/execution/model/annotations/ModifierAnnotationCategory;)Lcom/google/common/collect/ImmutableSet; 24 <appendix> member <vmtarget> ; # org/gradle/internal/execution/model/annotations/ModifierAnnotationCategory$$Lambda+0x000001fb9e1aa800
instanceKlass  @bci org/gradle/internal/execution/model/annotations/ModifierAnnotationCategory annotationsOf ([Lorg/gradle/internal/execution/model/annotations/ModifierAnnotationCategory;)Lcom/google/common/collect/ImmutableSet; 8 <appendix> argL0 ; # org/gradle/internal/execution/model/annotations/ModifierAnnotationCategory$$Lambda+0x000001fb9e1aa5c0
instanceKlass org/gradle/work/NormalizeLineEndings
instanceKlass org/gradle/api/tasks/IgnoreEmptyDirectories
instanceKlass org/gradle/api/tasks/Optional
instanceKlass org/gradle/api/tasks/PathSensitive
instanceKlass org/gradle/api/tasks/CompileClasspath
instanceKlass org/gradle/api/tasks/Classpath
instanceKlass org/gradle/api/tasks/SkipWhenEmpty
instanceKlass org/gradle/work/Incremental
instanceKlass  @bci org/gradle/internal/service/scopes/WorkerSharedGlobalScopeServices createDeleter (Lorg/gradle/internal/time/Clock;Lorg/gradle/internal/nativeintegration/filesystem/FileSystem;Lorg/gradle/internal/os/OperatingSystem;)Lorg/gradle/internal/file/Deleter; 21 <appendix> member <vmtarget> ; # org/gradle/internal/service/scopes/WorkerSharedGlobalScopeServices$$Lambda+0x000001fb9e1a86d0
instanceKlass  @bci org/gradle/internal/service/scopes/WorkerSharedGlobalScopeServices createDeleter (Lorg/gradle/internal/time/Clock;Lorg/gradle/internal/nativeintegration/filesystem/FileSystem;Lorg/gradle/internal/os/OperatingSystem;)Lorg/gradle/internal/file/Deleter; 10 <appendix> member <vmtarget> ; # org/gradle/internal/service/scopes/WorkerSharedGlobalScopeServices$$Lambda+0x000001fb9e1a84a8
instanceKlass  @cpi org/gradle/internal/service/scopes/WorkerSharedGlobalScopeServices 306 form vmentry <vmtarget> ; # java/lang/invoke/LambdaForm$DMH+0x000001fb9e1ac000
instanceKlass org/gradle/internal/file/impl/DefaultDeleter
instanceKlass org/gradle/cache/internal/scopes/DefaultCacheScopeMapping
instanceKlass org/gradle/cache/internal/CacheScopeMapping
instanceKlass org/gradle/cache/CacheBuilder
instanceKlass org/gradle/cache/internal/DefaultUnscopedCacheBuilderFactory
instanceKlass org/gradle/cache/internal/ReferencablePersistentCache
instanceKlass org/gradle/cache/PersistentCache
instanceKlass org/gradle/cache/HasCleanupAction
instanceKlass org/gradle/cache/CleanableStore
instanceKlass org/gradle/cache/ExclusiveCacheAccessCoordinator
instanceKlass org/gradle/cache/internal/DefaultCacheFactory
# instanceKlass java/lang/invoke/LambdaForm$MH+0x000001fb9e1a7400
# instanceKlass java/lang/invoke/LambdaForm$MH+0x000001fb9e1a7000
# instanceKlass java/lang/invoke/LambdaForm$MH+0x000001fb9e1a6c00
instanceKlass  @bci org/gradle/internal/service/scopes/WorkerSharedGlobalScopeServices createBuildOperationRunner (Lorg/gradle/internal/time/Clock;Lorg/gradle/internal/operations/CurrentBuildOperationRef;Lorg/gradle/internal/logging/progress/ProgressLoggerFactory;Lorg/gradle/internal/operations/BuildOperationIdFactory;Lorg/gradle/internal/operations/BuildOperationListenerManager;)Lorg/gradle/internal/operations/BuildOperationRunner; 21 <appendix> member <vmtarget> ; # org/gradle/internal/service/scopes/WorkerSharedGlobalScopeServices$$Lambda+0x000001fb9e1a2fc0
instanceKlass org/gradle/internal/operations/DefaultBuildOperationRunner$BuildOperationExecutionListenerFactory
instanceKlass org/gradle/internal/operations/DefaultBuildOperationRunner$1
instanceKlass org/gradle/internal/operations/DefaultBuildOperationRunner$BuildOperationExecution
instanceKlass org/gradle/internal/operations/DefaultBuildOperationRunner$ReadableBuildOperationContext
instanceKlass org/gradle/internal/operations/BuildOperationContext
instanceKlass org/gradle/internal/operations/BuildOperation
instanceKlass org/gradle/internal/operations/BuildOperationWorker
instanceKlass org/gradle/internal/operations/DefaultBuildOperationRunner
# instanceKlass java/lang/invoke/LambdaForm$MH+0x000001fb9e1a6800
# instanceKlass java/lang/invoke/LambdaForm$MH+0x000001fb9e1a6400
# instanceKlass java/lang/invoke/LambdaForm$MH+0x000001fb9e1a6000
# instanceKlass java/lang/invoke/LambdaForm$MH+0x000001fb9e1a5c00
# instanceKlass java/lang/invoke/LambdaForm$MH+0x000001fb9e1a5800
# instanceKlass java/lang/invoke/LambdaForm$MH+0x000001fb9e1a5400
# instanceKlass java/lang/invoke/LambdaForm$MH+0x000001fb9e1a5000
instanceKlass org/gradle/internal/logging/services/ProgressLoggingBridge
instanceKlass org/gradle/internal/logging/progress/ProgressLogger
instanceKlass org/gradle/internal/logging/progress/DefaultProgressLoggerFactory
# instanceKlass java/lang/invoke/LambdaForm$MH+0x000001fb9e1a4c00
# instanceKlass java/lang/invoke/LambdaForm$MH+0x000001fb9e1a4800
# instanceKlass java/lang/invoke/LambdaForm$MH+0x000001fb9e1a4400
instanceKlass org/gradle/internal/operations/DefaultBuildOperationIdFactory
instanceKlass  @bci org/gradle/internal/service/scopes/DefaultGradleUserHomeScopeServiceRegistry$1 createGradleUserHomeDirProvider ()Lorg/gradle/initialization/GradleUserHomeDirProvider; 4 <appendix> member <vmtarget> ; # org/gradle/internal/service/scopes/DefaultGradleUserHomeScopeServiceRegistry$1$$Lambda+0x000001fb9e1a1418
# instanceKlass java/lang/invoke/LambdaForm$DMH+0x000001fb9e1a4000
instanceKlass org/gradle/internal/versionedcache/UsedGradleVersions
instanceKlass org/gradle/cache/internal/GradleUserHomeCleanupServices
instanceKlass org/gradle/cache/internal/scopes/AbstractScopedCacheBuilderFactory
instanceKlass org/gradle/initialization/layout/GlobalCacheDir
instanceKlass org/gradle/cache/internal/DefaultGeneratedGradleJarCache
instanceKlass org/gradle/cache/internal/GeneratedGradleJarCache
instanceKlass org/gradle/groovy/scripts/internal/CrossBuildInMemoryCachingScriptClassCache
instanceKlass org/gradle/internal/vfs/FileSystemAccess
instanceKlass org/gradle/execution/plan/ToPlannedNodeConverterRegistry
instanceKlass org/gradle/cache/scopes/GlobalScopedCacheBuilderFactory
instanceKlass org/gradle/initialization/ClassLoaderScopeRegistryListenerManager
instanceKlass org/gradle/api/internal/cache/CacheConfigurationsInternal
instanceKlass org/gradle/api/cache/CacheConfigurations
instanceKlass org/gradle/cache/internal/LegacyCacheCleanupEnablement
instanceKlass org/gradle/internal/classloader/ClasspathHasher
instanceKlass org/gradle/process/internal/worker/child/WorkerProcessClassPathProvider
instanceKlass org/gradle/internal/jvm/JavaModuleDetector
instanceKlass org/gradle/internal/service/scopes/DefaultGradleUserHomeScopeServiceRegistry$1
instanceKlass org/gradle/internal/session/BuildSessionState
instanceKlass org/gradle/internal/buildoption/DefaultInternalOptions
instanceKlass org/gradle/internal/buildoption/StringInternalOption
instanceKlass com/fasterxml/jackson/core/type/TypeReference
instanceKlass com/fasterxml/jackson/databind/Module
instanceKlass com/fasterxml/jackson/core/Versioned
instanceKlass com/fasterxml/jackson/databind/ser/BeanSerializerModifier
instanceKlass com/fasterxml/jackson/databind/JsonSerializer
instanceKlass com/fasterxml/jackson/databind/jsonFormatVisitors/JsonFormatVisitable
instanceKlass org/gradle/internal/operations/DefaultBuildOperationListenerManager$1
instanceKlass org/gradle/internal/operations/DefaultBuildOperationListenerManager
instanceKlass org/gradle/internal/buildoption/InternalOptions
instanceKlass org/gradle/internal/operations/DefaultBuildOperationsParameters
instanceKlass org/gradle/internal/operations/BuildOperationsParameters
instanceKlass org/gradle/configuration/internal/DefaultDynamicCallContextTracker
instanceKlass org/gradle/configuration/internal/DynamicCallContextTracker
instanceKlass org/gradle/internal/work/WorkerLeaseRegistry$WorkerLeaseCompletion
instanceKlass org/gradle/internal/work/WorkerLeaseRegistry$WorkerLease
instanceKlass org/gradle/internal/resources/ResourceLock
instanceKlass org/gradle/internal/work/Synchronizer
instanceKlass org/gradle/internal/work/DefaultWorkerLeaseService
instanceKlass org/gradle/internal/work/ProjectParallelExecutionController
instanceKlass org/gradle/internal/resources/ResourceLockState
instanceKlass org/gradle/internal/resources/DefaultResourceLockCoordinationService
instanceKlass org/gradle/internal/resources/ResourceLockCoordinationService
instanceKlass org/gradle/internal/work/WorkerLeaseService
instanceKlass org/gradle/internal/work/WorkerThreadRegistry
instanceKlass org/gradle/internal/resources/ProjectLeaseRegistry
instanceKlass org/gradle/internal/work/WorkerLeaseRegistry
instanceKlass org/gradle/internal/operations/logging/LoggingBuildOperationProgressBroadcaster
instanceKlass org/gradle/internal/operations/trace/BuildOperationTrace
instanceKlass org/gradle/internal/service/scopes/CrossBuildSessionParameters
instanceKlass org/gradle/internal/operations/notify/BuildOperationNotificationValve
instanceKlass org/gradle/internal/operations/notify/BuildOperationNotificationBridge
instanceKlass org/gradle/internal/operations/notify/BuildOperationNotificationListenerRegistrar
instanceKlass org/gradle/internal/operations/BuildOperationExecutor
instanceKlass org/gradle/internal/operations/BuildOperationQueueFactory
instanceKlass org/gradle/internal/code/UserCodeApplicationContext
instanceKlass org/gradle/api/internal/CollectionCallbackActionDecorator
instanceKlass org/gradle/internal/work/WorkerLimits
instanceKlass org/gradle/configuration/internal/ListenerBuildOperationDecorator
instanceKlass org/gradle/internal/service/scopes/CoreCrossBuildSessionServices
# instanceKlass java/lang/invoke/LambdaForm$MH+0x000001fb9e198800
# instanceKlass java/lang/invoke/LambdaForm$MH+0x000001fb9e198400
# instanceKlass java/lang/invoke/LambdaForm$MH+0x000001fb9e198000
instanceKlass org/gradle/internal/service/DefaultServiceRegistry$CollectionService
instanceKlass org/gradle/internal/service/DefaultServiceRegistry$CollectingVisitor
instanceKlass sun/reflect/generics/tree/VoidDescriptor
instanceKlass org/gradle/internal/session/CrossBuildSessionState$Services
instanceKlass org/gradle/internal/session/CrossBuildSessionState
instanceKlass org/gradle/internal/buildprocess/execution/BuildSessionLifecycleBuildActionExecutor$ActionImpl
instanceKlass  @bci org/gradle/internal/buildprocess/execution/StartParamsValidatingActionExecutor execute (Lorg/gradle/internal/invocation/BuildAction;Lorg/gradle/launcher/exec/BuildActionParameters;Lorg/gradle/initialization/BuildRequestContext;)Lorg/gradle/launcher/exec/BuildActionResult; 127 <appendix> member <vmtarget> ; # org/gradle/internal/buildprocess/execution/StartParamsValidatingActionExecutor$$Lambda+0x000001fb9e1957b0
instanceKlass  @bci org/gradle/internal/buildprocess/execution/StartParamsValidatingActionExecutor execute (Lorg/gradle/internal/invocation/BuildAction;Lorg/gradle/launcher/exec/BuildActionParameters;Lorg/gradle/initialization/BuildRequestContext;)Lorg/gradle/launcher/exec/BuildActionResult; 15 <appendix> member <vmtarget> ; # org/gradle/internal/buildprocess/execution/StartParamsValidatingActionExecutor$$Lambda+0x000001fb9e195588
instanceKlass org/gradle/internal/logging/sink/OutputEventRenderer$3
instanceKlass org/gradle/internal/logging/sink/ProgressLogEventGenerator
instanceKlass org/gradle/internal/logging/console/BuildLogLevelFilterRenderer
instanceKlass org/gradle/launcher/daemon/server/exec/ExecuteBuild$1
instanceKlass org/gradle/initialization/DefaultBuildRequestContext
instanceKlass org/gradle/initialization/DefaultBuildRequestMetaData
instanceKlass org/gradle/configuration/DefaultBuildClientMetaData
instanceKlass org/gradle/launcher/daemon/server/exec/DaemonConnectionBackedEventConsumer
instanceKlass org/gradle/launcher/daemon/server/exec/WatchForDisconnection$1
instanceKlass org/gradle/internal/featurelifecycle/LoggingIncubatingFeatureHandler
instanceKlass org/gradle/util/internal/IncubationLogger
instanceKlass org/gradle/internal/daemon/clientinput/ClientInputForwarder$2
instanceKlass org/gradle/internal/daemon/clientinput/ClientInputForwarder$1
instanceKlass  @bci org/gradle/launcher/daemon/server/exec/ForwardClientInput execute (Lorg/gradle/launcher/daemon/server/api/DaemonCommandExecution;)V 5 <appendix> member <vmtarget> ; # org/gradle/launcher/daemon/server/exec/ForwardClientInput$$Lambda+0x000001fb9e192ed8
instanceKlass java/util/concurrent/LinkedBlockingDeque$Node
instanceKlass java/lang/management/MemoryUsage
instanceKlass org/gradle/launcher/daemon/server/health/gc/GarbageCollectionEvent
instanceKlass java/math/MathContext
instanceKlass org/gradle/internal/util/NumberUtil
instanceKlass org/gradle/launcher/daemon/server/exec/LogToClient$AsynchronousLogDispatcher$1
instanceKlass java/util/concurrent/CountDownLatch
instanceKlass java/util/Collections$UnmodifiableMap$UnmodifiableEntrySet$UnmodifiableEntry
instanceKlass java/util/Collections$UnmodifiableMap$UnmodifiableEntrySet$1
instanceKlass  @bci org/gradle/launcher/daemon/server/DaemonStateCoordinator runCommand (Ljava/lang/Runnable;Ljava/lang/String;)V 11 <appendix> member <vmtarget> ; # org/gradle/launcher/daemon/server/DaemonStateCoordinator$$Lambda+0x000001fb9e191840
instanceKlass org/gradle/launcher/daemon/registry/PersistentDaemonRegistry$5
instanceKlass jdk/internal/math/MathUtils
instanceKlass jdk/internal/math/DoubleToDecimal
instanceKlass org/gradle/launcher/daemon/server/exec/StartBuildOrRespondWithBusy$1
instanceKlass org/gradle/launcher/daemon/server/DefaultDaemonConnection$CommandQueue$1
instanceKlass org/gradle/launcher/daemon/server/exec/HandleCancel$1
instanceKlass com/google/common/collect/Platform
instanceKlass org/gradle/launcher/daemon/server/api/DaemonCommandExecution
instanceKlass org/gradle/launcher/exec/DefaultBuildActionParameters
instanceKlass org/gradle/configuration/GradleLauncherMetaData
instanceKlass com/google/common/base/Converter
instanceKlass com/google/common/collect/SortedMapDifference
instanceKlass com/google/common/collect/MapDifference
instanceKlass com/google/common/collect/Maps
instanceKlass org/gradle/tooling/internal/provider/serialization/SerializedPayload
instanceKlass java/io/ObjectStreamClass$ExceptionInfo
instanceKlass com/google/common/collect/ImmutableList$SerializedForm
instanceKlass java/util/function/UnaryOperator
instanceKlass java/io/ObjectStreamClass$5
instanceKlass java/io/ObjectStreamClass$4
instanceKlass java/io/ObjectStreamClass$3
instanceKlass java/io/ObjectStreamClass$MemberSignature
instanceKlass java/io/ObjectStreamClass$1
instanceKlass org/gradle/tooling/internal/provider/serialization/ClassLoaderDetails
instanceKlass  @bci java/util/stream/Collectors joining (Ljava/lang/CharSequence;Ljava/lang/CharSequence;Ljava/lang/CharSequence;)Ljava/util/stream/Collector; 22 <appendix> argL0 ; # java/util/stream/Collectors$$Lambda+0x800000043
instanceKlass  @bci java/util/stream/Collectors joining (Ljava/lang/CharSequence;Ljava/lang/CharSequence;Ljava/lang/CharSequence;)Ljava/util/stream/Collector; 17 <appendix> argL0 ; # java/util/stream/Collectors$$Lambda+0x800000041
instanceKlass  @bci java/util/stream/Collectors joining (Ljava/lang/CharSequence;Ljava/lang/CharSequence;Ljava/lang/CharSequence;)Ljava/util/stream/Collector; 12 <appendix> argL0 ; # java/util/stream/Collectors$$Lambda+0x80000003e
instanceKlass  @bci java/util/stream/Collectors joining (Ljava/lang/CharSequence;Ljava/lang/CharSequence;Ljava/lang/CharSequence;)Ljava/util/stream/Collector; 7 <appendix> member <vmtarget> ; # java/util/stream/Collectors$$Lambda+0x800000046
instanceKlass  @bci java/lang/Class methodToString (Ljava/lang/String;[Ljava/lang/Class;)Ljava/lang/String; 42 <appendix> argL0 ; # java/lang/Class$$Lambda+0x000001fb9e13d3c8
instanceKlass java/util/HashMap$UnsafeHolder
instanceKlass  @cpi org/codehaus/groovy/runtime/metaclass/MetaClassRegistryImpl 213 form vmentry <vmtarget> ; # java/lang/invoke/LambdaForm$DMH+0x000001fb9e18d000
instanceKlass java/io/SerialCallbackContext
instanceKlass java/io/ObjectInputStream$GetField
instanceKlass java/io/ObjectStreamClass$ClassDataSlot
instanceKlass java/io/ObjectStreamClass$FieldReflector
instanceKlass java/io/ObjectStreamClass$FieldReflectorKey
instanceKlass java/io/ObjectOutput
instanceKlass jdk/internal/reflect/ClassDefiner$1
instanceKlass jdk/internal/reflect/ClassDefiner
instanceKlass jdk/internal/reflect/MethodAccessorGenerator$1
instanceKlass jdk/internal/reflect/Label$PatchInfo
instanceKlass jdk/internal/reflect/Label
instanceKlass jdk/internal/reflect/UTF8
instanceKlass jdk/internal/reflect/ClassFileAssembler
instanceKlass jdk/internal/reflect/ByteVectorImpl
instanceKlass jdk/internal/reflect/ByteVector
instanceKlass jdk/internal/reflect/ByteVectorFactory
instanceKlass jdk/internal/reflect/AccessorGenerator
instanceKlass jdk/internal/reflect/ClassFileConstants
instanceKlass  @bci jdk/internal/reflect/MethodHandleLongFieldAccessorImpl getLong (Ljava/lang/Object;)J 11 <adapter> ; # java/lang/invoke/LambdaForm$MH+0x000001fb9e18c800
# instanceKlass java/lang/invoke/LambdaForm$DMH+0x000001fb9e18c400
instanceKlass java/io/ObjectStreamClass$2
instanceKlass java/io/ClassCache
instanceKlass java/io/ObjectStreamClass$Caches
instanceKlass sun/reflect/misc/ReflectUtil
instanceKlass java/io/ObjectStreamClass
instanceKlass  @bci java/io/ObjectInputFilter$Config <clinit> ()V 368 <appendix> argL0 ; # java/io/ObjectInputFilter$Config$$Lambda+0x000001fb9e136ec0
instanceKlass jdk/internal/access/JavaObjectInputFilterAccess
instanceKlass java/io/ObjectInputFilter$Config$BuiltinFilterFactory
instanceKlass  @bci java/io/ObjectInputFilter$Config <clinit> ()V 80 <appendix> argL0 ; # java/io/ObjectInputFilter$Config$$Lambda+0x000001fb9e136858
instanceKlass  @bci java/io/ObjectInputFilter$Config <clinit> ()V 56 <appendix> argL0 ; # java/io/ObjectInputFilter$Config$$Lambda+0x000001fb9e136638
instanceKlass sun/util/logging/PlatformLogger$ConfigurableBridge$LoggerConfiguration
instanceKlass jdk/internal/logger/LoggerFinderLoader
instanceKlass  @bci java/lang/System$LoggerFinder accessProvider ()Ljava/lang/System$LoggerFinder; 8 <appendix> argL0 ; # java/lang/System$LoggerFinder$$Lambda+0x000001fb9e135aa8
instanceKlass jdk/internal/logger/LazyLoggers$LazyLoggerFactories
instanceKlass jdk/internal/logger/LazyLoggers$1
instanceKlass jdk/internal/logger/LazyLoggers
instanceKlass java/io/ObjectInputFilter
instanceKlass java/io/ObjectInputFilter$Config
instanceKlass java/io/ObjectInputStream$ValidationList
instanceKlass java/io/ObjectInputStream$HandleTable$HandleList
instanceKlass java/io/ObjectInputStream$HandleTable
instanceKlass  @bci java/io/ObjectInputStream <clinit> ()V 100 <appendix> argL0 ; # java/io/ObjectInputStream$$Lambda+0x000001fb9e133ed0
instanceKlass jdk/internal/access/JavaObjectInputStreamReadString
instanceKlass  @bci java/io/ObjectInputStream <clinit> ()V 92 <appendix> argL0 ; # java/io/ObjectInputStream$$Lambda+0x000001fb9e133ab0
instanceKlass  @cpi java/io/ObjectInputStream 1214 form vmentry <vmtarget> ; # java/lang/invoke/LambdaForm$DMH+0x000001fb9e18c000
instanceKlass jdk/internal/access/JavaObjectInputStreamAccess
instanceKlass java/io/ObjectStreamConstants
instanceKlass java/io/ObjectInput
instanceKlass com/google/common/collect/CollectPreconditions
instanceKlass com/google/common/collect/AbstractMapEntry
instanceKlass com/google/common/collect/ImmutableMap$Builder
instanceKlass com/google/common/collect/BiMap
instanceKlass com/google/common/collect/ImmutableMap
instanceKlass  @bci org/gradle/tooling/internal/provider/action/BuildActionSerializer$StartParameterSerializer read (Lorg/gradle/internal/serialize/Decoder;)Lorg/gradle/api/internal/StartParameterInternal; 153 <appendix> member <vmtarget> ; # org/gradle/tooling/internal/provider/action/BuildActionSerializer$StartParameterSerializer$$Lambda+0x000001fb9e185398
instanceKlass org/gradle/internal/deprecation/DeprecationMessageBuilder$WithDocumentation
instanceKlass org/gradle/internal/deprecation/Documentation
instanceKlass org/gradle/api/problems/internal/InternalDocLink
instanceKlass org/gradle/internal/deprecation/DeprecationTimeline
instanceKlass org/gradle/internal/deprecation/Documentation$AbstractBuilder
instanceKlass org/gradle/internal/deprecation/DeprecationLogger$4
instanceKlass org/gradle/internal/problems/NoOpProblemDiagnosticsFactory$2
instanceKlass org/gradle/internal/problems/NoOpProblemDiagnosticsFactory$1
instanceKlass org/gradle/problems/buildtree/ProblemStream
instanceKlass org/gradle/problems/ProblemDiagnostics
instanceKlass org/gradle/internal/problems/NoOpProblemDiagnosticsFactory
instanceKlass org/gradle/api/problems/Problem
instanceKlass org/gradle/problems/buildtree/ProblemStream$StackTraceTransformer
instanceKlass org/gradle/internal/featurelifecycle/LoggingDeprecatedFeatureHandler
instanceKlass org/gradle/internal/featurelifecycle/FeatureHandler
instanceKlass org/gradle/internal/deprecation/DeprecationMessageBuilder
instanceKlass org/gradle/internal/deprecation/DeprecationLogger
instanceKlass  @bci org/gradle/tooling/internal/provider/action/BuildActionSerializer$StartParameterSerializer read (Lorg/gradle/internal/serialize/Decoder;)Lorg/gradle/api/internal/StartParameterInternal; 125 <appendix> member <vmtarget> ; # org/gradle/tooling/internal/provider/action/BuildActionSerializer$StartParameterSerializer$$Lambda+0x000001fb9e180a98
instanceKlass org/gradle/internal/deprecation/DeprecationLogger$ThrowingRunnable
instanceKlass com/google/common/collect/Sets
instanceKlass com/google/common/collect/Lists
instanceKlass org/gradle/internal/buildoption/Option$Value
instanceKlass org/gradle/internal/RunDefaultTasksExecutionRequest
instanceKlass org/gradle/TaskExecutionRequest
instanceKlass org/gradle/api/launcher/cli/WelcomeMessageConfiguration
instanceKlass org/gradle/internal/concurrent/DefaultParallelismConfiguration
instanceKlass org/gradle/internal/logging/DefaultLoggingConfiguration
instanceKlass org/gradle/initialization/BuildLayoutParameters
instanceKlass java/nio/channels/spi/AbstractSelector$1
instanceKlass org/gradle/launcher/daemon/server/DefaultDaemonConnection$1
instanceKlass org/gradle/launcher/daemon/server/DefaultDaemonConnection$ReceiveQueue
instanceKlass org/gradle/launcher/daemon/server/DefaultDaemonConnection$DisconnectQueue
instanceKlass org/gradle/launcher/daemon/server/DefaultDaemonConnection$CommandQueue
instanceKlass org/gradle/launcher/daemon/server/DefaultDaemonConnection
instanceKlass org/gradle/launcher/daemon/server/api/DaemonConnection
instanceKlass org/gradle/launcher/daemon/server/DefaultIncomingConnectionHandler$ConnectionWorker
instanceKlass org/gradle/launcher/daemon/server/SynchronizedDispatchConnection
instanceKlass org/gradle/internal/serialize/Serializers$StatefulSerializerAdapter$2
instanceKlass org/gradle/internal/serialize/PositionAwareEncoder
instanceKlass org/gradle/internal/serialize/Serializers$StatefulSerializerAdapter$1
instanceKlass org/gradle/internal/remote/internal/inet/SocketInetAddress$Serializer
instanceKlass org/gradle/internal/io/BufferCaster
instanceKlass java/lang/invoke/ConstantBootstraps
instanceKlass java/nio/channels/SelectionKey
instanceKlass java/nio/BufferMismatch
instanceKlass sun/nio/ch/Util$BufferCache
instanceKlass com/sun/security/sasl/Provider$1
instanceKlass  @bci sun/security/provider/certpath/ldap/JdkLDAP <init> ()V 15 <appendix> member <vmtarget> ; # sun/security/provider/certpath/ldap/JdkLDAP$$Lambda+0x000001fb9e12f428
instanceKlass sun/security/smartcardio/SunPCSC$1
instanceKlass  @bci sun/security/jgss/SunProvider <init> ()V 15 <appendix> member <vmtarget> ; # sun/security/jgss/SunProvider$$Lambda+0x000001fb9e177b30
instanceKlass  @bci sun/security/pkcs11/SunPKCS11 register (Lsun/security/pkcs11/SunPKCS11$Descriptor;)V 27 <appendix> argL0 ; # sun/security/pkcs11/SunPKCS11$$Lambda+0x000001fb9e177200
instanceKlass sun/security/pkcs11/SunPKCS11$Descriptor
instanceKlass javax/security/auth/Subject
instanceKlass javax/security/auth/callback/CallbackHandler
instanceKlass com/sun/security/sasl/gsskerb/JdkSASL$1
instanceKlass sun/security/mscapi/SunMSCAPI$2
instanceKlass sun/security/mscapi/SunMSCAPI$1
instanceKlass  @bci sun/security/ssl/SunJSSE registerAlgorithms ()V 1 <appendix> member <vmtarget> ; # sun/security/ssl/SunJSSE$$Lambda+0x000001fb9e12d870
instanceKlass java/security/spec/ECFieldF2m
instanceKlass sun/security/util/ObjectIdentifier
instanceKlass sun/security/util/ByteArrayTagOrder
instanceKlass sun/security/util/ByteArrayLexOrder
instanceKlass sun/security/util/DerEncoder
instanceKlass java/security/spec/ECParameterSpec
instanceKlass java/security/spec/AlgorithmParameterSpec
instanceKlass java/security/spec/ECPoint
instanceKlass java/security/spec/EllipticCurve
instanceKlass java/security/spec/ECFieldFp
instanceKlass java/security/spec/ECField
instanceKlass sun/security/util/CurveDB
instanceKlass sun/security/ec/SunEC$1
instanceKlass org/jcp/xml/dsig/internal/dom/XMLDSigRI$2
instanceKlass org/jcp/xml/dsig/internal/dom/XMLDSigRI$1
instanceKlass sun/security/jca/ProviderConfig$ProviderLoader
instanceKlass sun/security/jca/ProviderConfig$3
instanceKlass sun/security/rsa/SunRsaSignEntries
instanceKlass sun/net/NetProperties$1
instanceKlass sun/net/NetProperties
instanceKlass  @bci sun/nio/ch/UnixDomainSocketsUtil getTempDir ()Ljava/lang/String; 0 <appendix> argL0 ; # sun/nio/ch/UnixDomainSocketsUtil$$Lambda+0x000001fb9e129960
instanceKlass sun/nio/ch/UnixDomainSocketsUtil
instanceKlass sun/nio/ch/UnixDomainSockets
instanceKlass sun/nio/ch/PipeImpl$Initializer$LoopbackConnector
instanceKlass sun/nio/ch/PipeImpl$Initializer
instanceKlass java/nio/channels/Pipe
instanceKlass sun/nio/ch/WEPoll
instanceKlass sun/nio/ch/Util$2
instanceKlass sun/nio/ch/Util
instanceKlass java/nio/channels/Selector
instanceKlass org/gradle/internal/remote/internal/KryoBackedMessageSerializer
instanceKlass org/gradle/internal/remote/internal/inet/SocketConnection
instanceKlass org/gradle/internal/serialize/ObjectWriter
instanceKlass org/gradle/internal/serialize/ObjectReader
instanceKlass org/gradle/internal/serialize/Serializers$StatefulSerializerAdapter
instanceKlass org/gradle/internal/serialize/StatefulSerializer
instanceKlass org/gradle/internal/serialize/Serializers
instanceKlass org/gradle/internal/remote/internal/RemoteConnection
instanceKlass org/gradle/internal/remote/internal/Connection
instanceKlass org/gradle/internal/dispatch/Receive
instanceKlass org/gradle/internal/remote/internal/MessageSerializer
instanceKlass org/gradle/internal/remote/internal/inet/SocketConnectCompletion
instanceKlass org/gradle/internal/remote/internal/ConnectCompletion
instanceKlass org/gradle/internal/remote/internal/inet/SocketBlockingUtil
instanceKlass java/net/Socket
instanceKlass sun/nio/ch/IOStatus
instanceKlass org/gradle/launcher/daemon/server/DaemonStateCoordinator$1
instanceKlass org/gradle/internal/event/DefaultListenerManager$ExclusiveEventBroadcast$1
instanceKlass org/gradle/launcher/daemon/server/Daemon$DefaultDaemonExpirationListener
instanceKlass org/gradle/launcher/daemon/server/Daemon$DaemonExpirationPeriodicCheck
instanceKlass org/gradle/launcher/daemon/server/expiry/AnyDaemonExpirationStrategy
instanceKlass org/gradle/launcher/daemon/server/DaemonRegistryUnavailableExpirationStrategy
instanceKlass  @bci org/gradle/internal/classpath/MethodHandleUtils lazyKotlinStaticDefaultHandle (Ljava/lang/Class;Ljava/lang/String;Ljava/lang/Class;[Ljava/lang/Class;)Lorg/gradle/internal/lazy/Lazy; 7 <appendix> form vmentry <vmtarget> ; # java/lang/invoke/LambdaForm$DMH+0x000001fb9e16dc00
instanceKlass  @bci sun/reflect/annotation/AnnotationParser parseEnumArray (ILjava/lang/Class;Ljava/nio/ByteBuffer;Ljdk/internal/reflect/ConstantPool;Ljava/lang/Class;)Ljava/lang/Object; 16 <appendix> member <vmtarget> ; # sun/reflect/annotation/AnnotationParser$$Lambda+0x000001fb9e125af0
instanceKlass org/gradle/internal/reflect/JavaReflectionUtil
instanceKlass org/gradle/internal/service/scopes/ParallelListener
instanceKlass org/gradle/internal/event/DefaultListenerManager$ListenerDetails
instanceKlass org/gradle/launcher/daemon/server/health/LowMemoryDaemonExpirationStrategy
instanceKlass org/gradle/process/internal/health/memory/OsMemoryStatusListener
instanceKlass org/gradle/launcher/daemon/server/NotMostRecentlyUsedDaemonExpirationStrategy
instanceKlass com/google/common/base/Functions$ConstantFunction
instanceKlass com/google/common/base/Functions
instanceKlass org/gradle/launcher/daemon/server/DaemonIdleTimeoutExpirationStrategy
instanceKlass org/gradle/launcher/daemon/toolchain/DaemonJvmCriteria$JavaHome
instanceKlass org/gradle/launcher/daemon/context/DaemonRequestContext
instanceKlass org/gradle/launcher/daemon/context/DaemonCompatibilitySpec
instanceKlass org/gradle/api/internal/specs/ExplainingSpec
instanceKlass org/gradle/launcher/daemon/server/CompatibleDaemonExpirationStrategy
instanceKlass org/gradle/launcher/daemon/server/expiry/AllDaemonExpirationStrategy
instanceKlass org/gradle/launcher/daemon/server/FileLockContentionExpirationStrategy
# instanceKlass java/lang/invoke/LambdaForm$MH+0x000001fb9e16d800
# instanceKlass java/lang/invoke/LambdaForm$MH+0x000001fb9e16d400
# instanceKlass java/lang/invoke/LambdaForm$MH+0x000001fb9e16d000
# instanceKlass java/lang/invoke/LambdaForm$MH+0x000001fb9e16cc00
# instanceKlass java/lang/invoke/LambdaForm$MH+0x000001fb9e16c800
# instanceKlass java/lang/invoke/LambdaForm$MH+0x000001fb9e16c400
instanceKlass org/gradle/internal/stream/EncodedStream
instanceKlass org/gradle/launcher/daemon/bootstrap/DaemonStartupCommunication
instanceKlass  @bci org/gradle/cache/internal/DefaultFileLockManager$DefaultFileLock close ()V 32 <appendix> member <vmtarget> ; # org/gradle/cache/internal/DefaultFileLockManager$DefaultFileLock$$Lambda+0x000001fb9e169a60
instanceKlass  @bci org/gradle/cache/internal/DefaultFileLockManager$DefaultFileLock close ()V 21 <appendix> member <vmtarget> ; # org/gradle/cache/internal/DefaultFileLockManager$DefaultFileLock$$Lambda+0x000001fb9e169838
instanceKlass  @bci org/gradle/cache/internal/DefaultFileLockManager$DefaultFileLock close ()V 10 <appendix> member <vmtarget> ; # org/gradle/cache/internal/DefaultFileLockManager$DefaultFileLock$$Lambda+0x000001fb9e169610
instanceKlass java/io/FileOutputStream$1
instanceKlass org/gradle/internal/remote/internal/inet/SocketInetAddress
instanceKlass org/gradle/internal/serialize/AbstractEncoder
instanceKlass org/gradle/internal/serialize/FlushableEncoder
instanceKlass  @bci org/gradle/launcher/daemon/registry/DaemonRegistryContent removeInfo (I)V 10 <appendix> member <vmtarget> ; # org/gradle/launcher/daemon/registry/DaemonRegistryContent$$Lambda+0x000001fb9e1685e8
instanceKlass  @cpi sun/security/util/DerInputStream 295 form vmentry <vmtarget> ; # java/lang/invoke/LambdaForm$DMH+0x000001fb9e16c000
instanceKlass org/gradle/launcher/daemon/registry/DaemonInfo$Serializer
instanceKlass org/gradle/cache/internal/filelock/LockInfo
instanceKlass  @bci org/gradle/cache/internal/DefaultFileLockManager$DefaultFileLock lockInformationRegion (Lorg/gradle/cache/FileLockManager$LockMode;Lorg/gradle/internal/time/ExponentialBackoff;)Lorg/gradle/cache/internal/filelock/FileLockOutcome; 3 <appendix> member <vmtarget> ; # org/gradle/cache/internal/DefaultFileLockManager$DefaultFileLock$$Lambda+0x000001fb9e163ca0
instanceKlass org/gradle/cache/internal/filelock/DefaultLockStateSerializer$SequenceNumberLockState
instanceKlass org/gradle/internal/time/ExponentialBackoff$Result
instanceKlass org/gradle/cache/internal/filelock/FileLockOutcome
instanceKlass org/gradle/cache/internal/DefaultFileLockManager$DefaultFileLock$1
instanceKlass org/gradle/internal/time/ExponentialBackoff
instanceKlass org/gradle/cache/internal/DefaultFileLockManager$AwaitableFileLockReleasedSignal
instanceKlass org/gradle/cache/FileLockReleasedSignal
instanceKlass org/gradle/cache/internal/filelock/LockInfoSerializer
instanceKlass org/gradle/cache/internal/filelock/LockInfoAccess
instanceKlass org/gradle/cache/internal/filelock/LockStateAccess
instanceKlass org/gradle/cache/internal/filelock/LockFileAccess
instanceKlass org/gradle/cache/internal/filelock/LockState
instanceKlass org/gradle/cache/internal/filelock/DefaultLockStateSerializer
instanceKlass java/nio/file/FileVisitor
instanceKlass org/apache/commons/io/filefilter/IOFileFilter
instanceKlass java/nio/file/PathMatcher
instanceKlass org/apache/commons/io/file/PathFilter
instanceKlass java/io/FilenameFilter
instanceKlass org/apache/commons/io/FileUtils
instanceKlass org/gradle/internal/time/ExponentialBackoff$Query
instanceKlass org/gradle/cache/FileLock$State
instanceKlass org/gradle/cache/internal/filelock/LockStateSerializer
instanceKlass org/gradle/cache/internal/filelock/DefaultLockOptions
instanceKlass org/gradle/cache/internal/FileBackedObjectHolder$1Updater
instanceKlass  @bci org/gradle/cache/internal/FileIntegrityViolationSuppressingObjectHolderDecorator update (Lorg/gradle/cache/ObjectHolder$UpdateAction;)Ljava/lang/Object; 4 <appendix> member <vmtarget> ; # org/gradle/cache/internal/FileIntegrityViolationSuppressingObjectHolderDecorator$$Lambda+0x000001fb9e164be0
instanceKlass org/gradle/launcher/daemon/registry/PersistentDaemonRegistry$8
instanceKlass org/gradle/launcher/daemon/registry/DaemonInfo
instanceKlass org/gradle/launcher/daemon/context/DaemonConnectDetails
instanceKlass java/time/chrono/AbstractChronology
instanceKlass java/time/chrono/Chronology
instanceKlass java/time/LocalTime
instanceKlass java/time/temporal/ValueRange
instanceKlass java/time/Duration
instanceKlass java/time/temporal/TemporalAmount
instanceKlass java/time/temporal/TemporalUnit
instanceKlass java/time/temporal/TemporalField
instanceKlass java/time/LocalDate
instanceKlass java/time/chrono/ChronoLocalDate
instanceKlass java/time/zone/ZoneOffsetTransition
instanceKlass  @bci java/time/ZoneOffset ofTotalSeconds (I)Ljava/time/ZoneOffset; 37 <appendix> argL0 ; # java/time/ZoneOffset$$Lambda+0x80000000c
instanceKlass java/time/LocalDateTime
instanceKlass java/time/chrono/ChronoLocalDateTime
instanceKlass java/time/temporal/TemporalAdjuster
instanceKlass java/time/temporal/Temporal
instanceKlass java/time/temporal/TemporalAccessor
instanceKlass java/time/zone/ZoneOffsetTransitionRule
instanceKlass java/time/zone/ZoneRules
instanceKlass java/time/zone/Ser
instanceKlass java/io/Externalizable
instanceKlass java/time/zone/ZoneRulesProvider$1
instanceKlass java/time/zone/ZoneRulesProvider
instanceKlass java/time/ZoneId
instanceKlass  @bci sun/util/cldr/CLDRTimeZoneNameProviderImpl$AVAILABLE_IDS <clinit> ()V 11 <appendix> argL0 ; # sun/util/cldr/CLDRTimeZoneNameProviderImpl$AVAILABLE_IDS$$Lambda+0x000001fb9e120d58
instanceKlass  @cpi sun/util/cldr/CLDRTimeZoneNameProviderImpl$AVAILABLE_IDS 60 form vmentry <vmtarget> ; # java/lang/invoke/LambdaForm$DMH+0x000001fb9e161800
instanceKlass java/util/stream/SortedOps
instanceKlass sun/util/cldr/CLDRTimeZoneNameProviderImpl$AVAILABLE_IDS
instanceKlass sun/util/cldr/CLDRBaseLocaleDataMetaInfo$TZCanonicalIDMapHolder
instanceKlass sun/util/resources/provider/NonBaseLocaleDataMetaInfo
instanceKlass  @bci sun/util/locale/provider/JRELocaleProviderAdapter createSupportedLocaleString (Ljava/lang/String;)Ljava/lang/String; 6 <appendix> member <vmtarget> ; # sun/util/locale/provider/JRELocaleProviderAdapter$$Lambda+0x000001fb9e11eaa8
instanceKlass sun/util/locale/provider/BaseLocaleDataMetaInfo
instanceKlass  @bci sun/util/locale/provider/JRELocaleProviderAdapter getTimeZoneNameProvider ()Ljava/util/spi/TimeZoneNameProvider; 8 <appendix> member <vmtarget> ; # sun/util/locale/provider/JRELocaleProviderAdapter$$Lambda+0x000001fb9e11e628
instanceKlass  @bci sun/util/cldr/CLDRLocaleProviderAdapter getTimeZoneNameProvider ()Ljava/util/spi/TimeZoneNameProvider; 8 <appendix> member <vmtarget> ; # sun/util/cldr/CLDRLocaleProviderAdapter$$Lambda+0x000001fb9e11df80
instanceKlass sun/util/locale/provider/TimeZoneNameUtility$TimeZoneNameGetter
instanceKlass sun/util/locale/provider/TimeZoneNameUtility
instanceKlass org/gradle/internal/remote/internal/inet/TcpIncomingConnector$1
instanceKlass org/gradle/internal/remote/internal/inet/TcpIncomingConnector$Receiver
instanceKlass org/gradle/internal/remote/internal/inet/MultiChoiceAddress
instanceKlass org/gradle/internal/remote/internal/inet/InetEndpoint
instanceKlass java/util/UUID$Holder
instanceKlass java/util/UUID
instanceKlass sun/net/NetHooks
instanceKlass java/net/SocketImpl
instanceKlass java/net/SocketOptions
instanceKlass  @bci sun/nio/ch/ServerSocketAdaptor create (Lsun/nio/ch/ServerSocketChannelImpl;)Ljava/net/ServerSocket; 1 <appendix> member <vmtarget> ; # sun/nio/ch/ServerSocketAdaptor$$Lambda+0x000001fb9e11c480
instanceKlass java/net/ServerSocket
instanceKlass  @bci java/nio/channels/spi/SelectorProvider$Holder provider ()Ljava/nio/channels/spi/SelectorProvider; 0 <appendix> argL0 ; # java/nio/channels/spi/SelectorProvider$Holder$$Lambda+0x000001fb9e11b5e0
instanceKlass java/nio/channels/spi/SelectorProvider$Holder
instanceKlass org/gradle/launcher/daemon/server/DaemonTcpServerConnector$1
instanceKlass org/gradle/launcher/daemon/server/Daemon$5
instanceKlass org/gradle/launcher/daemon/server/DefaultIncomingConnectionHandler
instanceKlass java/util/LinkedList$Node
instanceKlass org/gradle/initialization/DefaultBuildCancellationToken
instanceKlass org/gradle/launcher/daemon/server/DaemonStateCoordinator
instanceKlass org/gradle/launcher/daemon/server/Daemon$4
instanceKlass org/gradle/launcher/daemon/server/Daemon$3
instanceKlass org/gradle/launcher/daemon/server/Daemon$2
instanceKlass org/gradle/launcher/daemon/server/Daemon$1
instanceKlass org/gradle/launcher/daemon/server/DaemonRegistryUpdater
instanceKlass sun/security/provider/AbstractDrbg$NonceProvider
instanceKlass  @bci sun/security/provider/AbstractDrbg$SeederHolder <clinit> ()V 42 <appendix> member <vmtarget> ; # sun/security/provider/AbstractDrbg$SeederHolder$$Lambda+0x000001fb9e11a528
instanceKlass  @cpi sun/security/provider/AbstractDrbg$SeederHolder 91 form vmentry <vmtarget> ; # java/lang/invoke/LambdaForm$DMH+0x000001fb9e160c00
# instanceKlass java/lang/invoke/LambdaForm$DMH+0x000001fb9e160800
instanceKlass sun/nio/fs/BasicFileAttributesHolder
instanceKlass sun/nio/fs/WindowsDirectoryStream$WindowsDirectoryIterator
instanceKlass sun/nio/fs/WindowsDirectoryStream
instanceKlass java/nio/file/DirectoryStream
instanceKlass java/nio/file/Files$AcceptAllFilter
instanceKlass java/nio/file/DirectoryStream$Filter
instanceKlass sun/security/provider/ByteArrayAccess$BE
instanceKlass sun/security/provider/ByteArrayAccess
instanceKlass sun/security/provider/SeedGenerator$1
instanceKlass sun/security/util/MessageDigestSpi2
instanceKlass sun/security/jca/GetInstance$Instance
instanceKlass sun/security/jca/GetInstance
instanceKlass java/security/MessageDigestSpi
instanceKlass sun/security/provider/SeedGenerator
instanceKlass sun/security/provider/AbstractDrbg$SeederHolder
instanceKlass java/security/DrbgParameters$NextBytes
instanceKlass  @bci sun/security/provider/AbstractDrbg <clinit> ()V 12 <appendix> argL0 ; # sun/security/provider/AbstractDrbg$$Lambda+0x000001fb9e116d08
instanceKlass  @cpi sun/security/provider/AbstractDrbg 383 form vmentry <vmtarget> ; # java/lang/invoke/LambdaForm$DMH+0x000001fb9e160400
# instanceKlass java/lang/invoke/LambdaForm$DMH+0x000001fb9e160000
instanceKlass sun/security/provider/EntropySource
instanceKlass sun/security/provider/AbstractDrbg
instanceKlass java/security/DrbgParameters$Instantiation
instanceKlass java/security/DrbgParameters
instanceKlass sun/security/provider/MoreDrbgParameters
instanceKlass  @bci sun/security/provider/DRBG <init> (Ljava/security/SecureRandomParameters;)V 26 <appendix> argL0 ; # sun/security/provider/DRBG$$Lambda+0x000001fb9e1157a8
instanceKlass java/security/SecureRandomSpi
instanceKlass jdk/internal/event/Event
instanceKlass sun/security/util/SecurityProviderConstants
instanceKlass java/security/Provider$UString
instanceKlass java/security/Provider$Service
instanceKlass sun/security/provider/NativePRNG$NonBlocking
instanceKlass sun/security/provider/NativePRNG$Blocking
instanceKlass sun/security/provider/NativePRNG
instanceKlass sun/security/provider/SunEntries$1
instanceKlass sun/security/provider/SunEntries
instanceKlass sun/security/util/SecurityConstants
instanceKlass sun/security/jca/ProviderList$2
instanceKlass jdk/internal/math/FloatingDecimal$ASCIIToBinaryBuffer
instanceKlass jdk/internal/math/FloatingDecimal$PreparedASCIIToBinaryBuffer
instanceKlass jdk/internal/math/FloatingDecimal$ASCIIToBinaryConverter
instanceKlass jdk/internal/math/FloatingDecimal$BinaryToASCIIBuffer
instanceKlass jdk/internal/math/FloatingDecimal$ExceptionalBinaryToASCIIBuffer
instanceKlass jdk/internal/math/FloatingDecimal$BinaryToASCIIConverter
instanceKlass jdk/internal/math/FloatingDecimal
instanceKlass javax/security/auth/login/Configuration$Parameters
instanceKlass java/security/Policy$Parameters
instanceKlass java/security/cert/CertStoreParameters
instanceKlass java/security/SecureRandomParameters
instanceKlass java/security/Provider$EngineDescription
instanceKlass java/security/Provider$ServiceKey
instanceKlass sun/security/jca/ProviderConfig
instanceKlass sun/security/jca/ProviderList
instanceKlass sun/security/jca/Providers
instanceKlass com/google/common/base/Joiner
instanceKlass org/gradle/launcher/daemon/server/exec/DaemonCommandExecuter
instanceKlass org/gradle/internal/remote/ConnectionAcceptor
instanceKlass org/gradle/internal/remote/Address
instanceKlass org/gradle/internal/remote/internal/inet/TcpIncomingConnector
instanceKlass org/gradle/launcher/daemon/protocol/DaemonMessageSerializer$OutputMessageSerializer
instanceKlass org/gradle/internal/logging/serializer/LogLevelChangeEventSerializer
instanceKlass org/gradle/internal/logging/serializer/ProgressEventSerializer
instanceKlass org/gradle/internal/logging/serializer/ProgressCompleteEventSerializer
instanceKlass org/gradle/internal/operations/BuildOperationMetadata
instanceKlass org/gradle/internal/logging/serializer/ProgressStartEventSerializer
instanceKlass org/gradle/internal/logging/serializer/SpanSerializer
instanceKlass org/gradle/internal/logging/serializer/StyledTextOutputEventSerializer
instanceKlass org/gradle/internal/logging/serializer/ReadStdInEventSerializer
instanceKlass org/gradle/internal/logging/serializer/UserInputResumeEventSerializer
instanceKlass org/gradle/internal/logging/serializer/SelectOptionPromptEventSerializer
instanceKlass org/gradle/internal/logging/serializer/IntQuestionPromptEventSerializer
instanceKlass org/gradle/internal/logging/serializer/TextQuestionPromptEventSerializer
instanceKlass org/gradle/internal/logging/serializer/BooleanQuestionPromptEventSerializer
instanceKlass org/gradle/internal/logging/serializer/YesNoQuestionPromptEventSerializer
instanceKlass org/gradle/internal/logging/serializer/UserInputRequestEventSerializer
instanceKlass org/gradle/internal/logging/serializer/LogEventSerializer
instanceKlass org/gradle/launcher/daemon/protocol/DaemonMessageSerializer$CloseInputSerializer
instanceKlass org/gradle/launcher/daemon/protocol/DaemonMessageSerializer$UserResponseSerializer
instanceKlass org/gradle/launcher/daemon/protocol/DaemonMessageSerializer$ForwardInputSerializer
instanceKlass org/gradle/launcher/daemon/protocol/DaemonMessageSerializer$BuildEventSerializer
instanceKlass org/gradle/launcher/daemon/protocol/DaemonMessageSerializer$FinishedSerializer
instanceKlass org/gradle/launcher/daemon/protocol/DaemonMessageSerializer$SuccessSerializer
instanceKlass org/gradle/launcher/daemon/protocol/DaemonMessageSerializer$FailureSerializer
instanceKlass org/gradle/launcher/daemon/protocol/DaemonMessageSerializer$BuildStartedSerializer
instanceKlass org/gradle/launcher/daemon/protocol/DaemonMessageSerializer$DaemonUnavailableSerializer
instanceKlass org/gradle/launcher/daemon/protocol/DaemonMessageSerializer$CancelSerializer
instanceKlass org/gradle/launcher/exec/BuildActionParameters
instanceKlass org/gradle/launcher/daemon/protocol/DaemonMessageSerializer$BuildActionParametersSerializer
instanceKlass org/gradle/launcher/daemon/protocol/DaemonMessageSerializer$BuildSerializer
instanceKlass org/gradle/launcher/daemon/protocol/DaemonMessageSerializer
instanceKlass org/gradle/launcher/daemon/server/DaemonTcpServerConnector
instanceKlass org/gradle/launcher/daemon/server/IncomingConnectionHandler
instanceKlass org/gradle/launcher/daemon/server/api/DaemonStateControl
# instanceKlass java/lang/invoke/LambdaForm$MH+0x000001fb9e153000
# instanceKlass java/lang/invoke/LambdaForm$MH+0x000001fb9e152c00
# instanceKlass java/lang/invoke/LambdaForm$MH+0x000001fb9e152800
# instanceKlass java/lang/invoke/LambdaForm$MH+0x000001fb9e152400
# instanceKlass java/lang/invoke/LambdaForm$MH+0x000001fb9e152000
# instanceKlass java/lang/invoke/LambdaForm$MH+0x000001fb9e151c00
# instanceKlass java/lang/invoke/LambdaForm$MH+0x000001fb9e151800
# instanceKlass java/lang/invoke/LambdaForm$MH+0x000001fb9e151400
# instanceKlass java/lang/invoke/LambdaForm$MH+0x000001fb9e151000
# instanceKlass java/lang/invoke/LambdaForm$DMH+0x000001fb9e150c00
instanceKlass org/gradle/internal/remote/internal/inet/MultiChoiceAddressSerializer
instanceKlass org/gradle/launcher/daemon/registry/DaemonRegistryContent$Serializer
instanceKlass org/gradle/launcher/daemon/registry/DaemonRegistryContent
instanceKlass org/gradle/cache/LockOptions
instanceKlass org/gradle/cache/internal/AbstractFileAccess
instanceKlass org/gradle/internal/serialize/Encoder
instanceKlass org/gradle/cache/internal/FileBackedObjectHolder
instanceKlass org/gradle/cache/internal/FileIntegrityViolationSuppressingObjectHolderDecorator
instanceKlass org/gradle/cache/ObjectHolder$UpdateAction
instanceKlass org/gradle/cache/ObjectHolder
instanceKlass org/gradle/launcher/daemon/registry/PersistentDaemonRegistry
instanceKlass  @bci org/gradle/cache/internal/CacheAccessSerializer get (Ljava/lang/Object;Ljava/util/function/Function;)Ljava/lang/Object; 7 <appendix> member <vmtarget> ; # org/gradle/cache/internal/CacheAccessSerializer$$Lambda+0x000001fb9e14b8f8
instanceKlass  @bci org/gradle/cache/Cache get (Ljava/lang/Object;Ljava/util/function/Supplier;)Ljava/lang/Object; 3 <appendix> member <vmtarget> ; # org/gradle/cache/Cache$$Lambda+0x000001fb9e14b6b0
instanceKlass  @bci org/gradle/launcher/daemon/registry/DaemonRegistryServices createDaemonRegistry (Lorg/gradle/launcher/daemon/registry/DaemonDir;Lorg/gradle/cache/FileLockManager;Lorg/gradle/internal/file/Chmod;)Lorg/gradle/launcher/daemon/registry/DaemonRegistry; 16 <appendix> member <vmtarget> ; # org/gradle/launcher/daemon/registry/DaemonRegistryServices$$Lambda+0x000001fb9e14b488
# instanceKlass java/lang/invoke/LambdaForm$MH+0x000001fb9e150800
# instanceKlass java/lang/invoke/LambdaForm$MH+0x000001fb9e150400
# instanceKlass java/lang/invoke/LambdaForm$MH+0x000001fb9e150000
# instanceKlass java/lang/invoke/LambdaForm$MH+0x000001fb9e14ac00
instanceKlass org/gradle/internal/nativeintegration/filesystem/services/FallbackStat
instanceKlass org/gradle/internal/nativeintegration/filesystem/services/EmptyChmod
instanceKlass org/gradle/internal/nativeintegration/filesystem/jdk7/Jdk7Symlink
# instanceKlass java/lang/invoke/LambdaForm$MH+0x000001fb9e14a800
# instanceKlass java/lang/invoke/LambdaForm$MH+0x000001fb9e14a400
# instanceKlass java/lang/invoke/LambdaForm$MH+0x000001fb9e14a000
# instanceKlass java/lang/invoke/LambdaForm$MH+0x000001fb9e149c00
# instanceKlass java/lang/invoke/LambdaForm$MH+0x000001fb9e149800
# instanceKlass java/lang/invoke/LambdaForm$MH+0x000001fb9e149400
# instanceKlass java/lang/invoke/LambdaForm$MH+0x000001fb9e149000
# instanceKlass java/lang/invoke/LambdaForm$DMH+0x000001fb9e148c00
instanceKlass net/rubygrapefruit/platform/file/PosixFileInfo
instanceKlass org/gradle/internal/nativeintegration/services/NativeServices$BrokenService
instanceKlass org/gradle/internal/nativeintegration/filesystem/services/UnavailablePosixFiles
instanceKlass net/rubygrapefruit/platform/memory/WindowsMemory
instanceKlass net/rubygrapefruit/platform/terminal/Terminals
instanceKlass org/gradle/api/internal/file/temp/GradleUserHomeTemporaryFileProvider$1
instanceKlass org/gradle/internal/nativeintegration/services/NativeServices$2
instanceKlass net/rubygrapefruit/platform/file/WindowsFileInfo
instanceKlass net/rubygrapefruit/platform/file/FileInfo
instanceKlass net/rubygrapefruit/platform/internal/DirList
instanceKlass net/rubygrapefruit/platform/internal/AbstractFiles
instanceKlass org/gradle/internal/nativeintegration/filesystem/services/NativePlatformBackedFileMetadataAccessor
instanceKlass org/gradle/cache/internal/DefaultFileLockManager$RandomLongIdGenerator
instanceKlass org/gradle/cache/internal/DefaultProcessMetaDataProvider
instanceKlass org/gradle/internal/time/ExponentialBackoff$Signal
instanceKlass org/gradle/cache/FileLock
instanceKlass org/gradle/cache/FileAccess
instanceKlass java/util/function/LongSupplier
instanceKlass org/gradle/cache/internal/DefaultFileLockManager
instanceKlass sun/nio/ch/ExtendedSocketOption$1
instanceKlass sun/nio/ch/ExtendedSocketOption
instanceKlass sun/nio/ch/OptionKey
instanceKlass sun/nio/ch/SocketOptionRegistry$LazyInitialization
instanceKlass sun/nio/ch/SocketOptionRegistry$RegistryKey
instanceKlass sun/nio/ch/SocketOptionRegistry
instanceKlass sun/nio/ch/DatagramChannelImpl$DefaultOptionsHolder
instanceKlass java/net/StandardSocketOptions$StdSocketOption
instanceKlass java/net/StandardSocketOptions
instanceKlass  @bci sun/nio/ch/DatagramSocketAdaptor$DatagramSockets <clinit> ()V 0 <appendix> argL0 ; # sun/nio/ch/DatagramSocketAdaptor$DatagramSockets$$Lambda+0x000001fb9e10aa48
instanceKlass sun/nio/ch/DatagramSocketAdaptor$DatagramSockets
instanceKlass  @bci sun/nio/ch/DatagramChannelImpl releaserFor (Ljava/io/FileDescriptor;[Lsun/nio/ch/NativeSocketAddress;)Ljava/lang/Runnable; 2 <appendix> member <vmtarget> ; # sun/nio/ch/DatagramChannelImpl$$Lambda+0x000001fb9e10a248
instanceKlass sun/nio/ch/NativeSocketAddress
instanceKlass sun/net/ResourceManager
instanceKlass jdk/net/ExtendedSocketOptions$2
instanceKlass jdk/net/ExtendedSocketOptions$PlatformSocketOptions
instanceKlass jdk/net/ExtendedSocketOptions$ExtSocketOption
instanceKlass java/net/SocketOption
instanceKlass jdk/net/ExtendedSocketOptions
instanceKlass sun/net/ext/ExtendedSocketOptions
instanceKlass sun/nio/ch/Net$1
instanceKlass java/net/ProtocolFamily
instanceKlass sun/nio/ch/Net
instanceKlass java/nio/channels/MulticastChannel
instanceKlass java/nio/channels/NetworkChannel
instanceKlass sun/nio/ch/SelChImpl
instanceKlass  @bci sun/nio/ch/DefaultSelectorProvider <clinit> ()V 0 <appendix> argL0 ; # sun/nio/ch/DefaultSelectorProvider$$Lambda+0x000001fb9e105d60
instanceKlass java/nio/channels/spi/SelectorProvider
instanceKlass sun/nio/ch/DefaultSelectorProvider
instanceKlass java/net/InetSocketAddress$InetSocketAddressHolder
# instanceKlass java/lang/invoke/LambdaForm$MH+0x000001fb9e148800
instanceKlass java/net/NetworkInterface$1
instanceKlass java/net/DefaultInterface
instanceKlass java/net/Inet6Address$Inet6AddressHolder
instanceKlass java/net/InetAddress$PlatformResolver
instanceKlass java/net/spi/InetAddressResolver
instanceKlass java/net/spi/InetAddressResolver$LookupPolicy
instanceKlass java/net/Inet4AddressImpl
instanceKlass java/net/Inet6AddressImpl
instanceKlass java/net/InetAddressImpl
instanceKlass java/net/InetAddress$InetAddressHolder
instanceKlass java/net/InetAddress$1
instanceKlass jdk/internal/access/JavaNetInetAddressAccess
instanceKlass java/net/InetAddress
instanceKlass java/net/InterfaceAddress
instanceKlass java/net/NetworkInterface
instanceKlass org/gradle/internal/remote/internal/inet/InetAddresses
instanceKlass java/net/SocketAddress
instanceKlass java/net/DatagramSocket
instanceKlass org/gradle/cache/internal/locklistener/DefaultFileLockCommunicator
instanceKlass org/gradle/internal/service/scopes/BasicGlobalScopeServices$1
instanceKlass org/gradle/cache/internal/locklistener/FileLockCommunicator
instanceKlass org/gradle/cache/internal/locklistener/DefaultFileLockContentionHandler
# instanceKlass java/lang/invoke/LambdaForm$MH+0x000001fb9e148400
# instanceKlass java/lang/invoke/LambdaForm$MH+0x000001fb9e148000
instanceKlass org/gradle/internal/serialize/DefaultSerializerRegistry$TypeInfo
instanceKlass java/util/AbstractMap$SimpleImmutableEntry
instanceKlass java/util/concurrent/ConcurrentSkipListMap$Iter
instanceKlass org/gradle/tooling/internal/protocol/test/InternalTaskSpec
instanceKlass org/gradle/tooling/internal/provider/action/BuildActionSerializer$InternalTaskSpecSerializer
instanceKlass org/gradle/tooling/internal/provider/action/BuildActionSerializer$TestExecutionRequestActionSerializer
instanceKlass org/gradle/tooling/internal/provider/action/BuildActionSerializer$ClientProvidedPhasedActionSerializer
instanceKlass org/gradle/tooling/internal/provider/serialization/SerializedPayloadSerializer
instanceKlass org/gradle/tooling/internal/provider/action/BuildActionSerializer$ClientProvidedBuildActionSerializer
instanceKlass org/gradle/tooling/internal/provider/action/BuildActionSerializer$BuildEventSubscriptionsSerializer
instanceKlass org/gradle/tooling/internal/provider/action/BuildActionSerializer$BuildModelActionSerializer
instanceKlass org/gradle/tooling/internal/provider/action/SubscribableBuildAction
instanceKlass java/util/concurrent/atomic/Striped64$1
instanceKlass jdk/internal/util/random/RandomSupport
instanceKlass java/util/Random
instanceKlass java/util/random/RandomGenerator
instanceKlass org/gradle/internal/serialize/DefaultSerializerRegistry$InstanceBasedSerializerFactory
instanceKlass org/gradle/tooling/internal/provider/action/BuildActionSerializer$ValueSerializer
instanceKlass org/gradle/internal/serialize/AbstractSerializer
instanceKlass org/gradle/internal/serialize/BaseSerializerFactory
instanceKlass org/gradle/internal/serialize/AbstractCollectionSerializer
instanceKlass org/gradle/tooling/internal/provider/action/BuildActionSerializer$NullableFileSerializer
instanceKlass org/gradle/tooling/internal/provider/action/BuildActionSerializer$StartParameterSerializer
instanceKlass org/gradle/tooling/internal/provider/action/BuildActionSerializer$ExecuteBuildActionSerializer
instanceKlass org/gradle/tooling/internal/provider/action/ExecuteBuildAction
instanceKlass org/gradle/internal/serialize/DefaultSerializerRegistry$HierarchySerializerMatcher
instanceKlass org/gradle/internal/serialize/DefaultSerializerRegistry$StrictSerializerMatcher
instanceKlass org/gradle/internal/serialize/DefaultSerializerRegistry$SerializerClassMatcherStrategy
instanceKlass java/util/concurrent/ConcurrentSkipListMap$Node
instanceKlass java/util/concurrent/ConcurrentSkipListMap$Index
instanceKlass java/util/concurrent/ConcurrentNavigableMap
instanceKlass org/gradle/internal/serialize/DefaultSerializerRegistry$1
instanceKlass org/gradle/internal/serialize/DefaultSerializerRegistry$SerializerFactory
instanceKlass org/gradle/internal/serialize/DefaultSerializerRegistry
instanceKlass org/gradle/internal/serialize/SerializerRegistry
instanceKlass org/gradle/tooling/internal/provider/action/BuildActionSerializer
instanceKlass org/gradle/initialization/BuildRequestContext
instanceKlass org/gradle/launcher/daemon/server/exec/WatchForDisconnection
instanceKlass org/gradle/launcher/daemon/server/exec/ResetDeprecationLogger
instanceKlass org/gradle/launcher/daemon/server/exec/RequestStopIfSingleUsedDaemon
instanceKlass org/gradle/internal/daemon/clientinput/StdinHandler
instanceKlass org/gradle/internal/daemon/clientinput/ClientInputForwarder
instanceKlass org/gradle/launcher/daemon/server/exec/ForwardClientInput
instanceKlass org/gradle/launcher/daemon/server/exec/LogAndCheckHealth
instanceKlass org/gradle/launcher/daemon/server/exec/ReturnResult
instanceKlass java/util/concurrent/LinkedTransferQueue$DualNode
instanceKlass java/util/concurrent/TransferQueue
instanceKlass java/util/concurrent/ForkJoinTask
instanceKlass java/util/concurrent/CompletableFuture$AsynchronousCompletionTask
instanceKlass java/util/concurrent/ForkJoinPool$2
instanceKlass jdk/internal/access/JavaUtilConcurrentFJPAccess
instanceKlass java/util/concurrent/ForkJoinPool$DefaultForkJoinWorkerThreadFactory
instanceKlass java/util/concurrent/ForkJoinPool$WorkQueue
instanceKlass java/util/concurrent/ForkJoinPool$ForkJoinWorkerThreadFactory
instanceKlass java/util/concurrent/CompletableFuture$AltResult
instanceKlass java/util/concurrent/CompletableFuture
instanceKlass java/util/concurrent/CompletionStage
instanceKlass org/gradle/launcher/daemon/server/exec/BuildCommandOnly
instanceKlass org/gradle/launcher/daemon/server/api/HandleReportStatus
instanceKlass org/gradle/launcher/daemon/server/exec/HandleCancel
instanceKlass org/gradle/launcher/daemon/server/api/HandleInvalidateVirtualFileSystem
instanceKlass org/gradle/launcher/daemon/protocol/Message
instanceKlass org/gradle/launcher/daemon/server/api/HandleStop
instanceKlass org/gradle/launcher/daemon/diagnostics/DaemonDiagnostics
# instanceKlass java/lang/invoke/LambdaForm$MH+0x000001fb9e0fbc00
# instanceKlass java/lang/invoke/LambdaForm$MH+0x000001fb9e0fb800
# instanceKlass java/lang/invoke/LambdaForm$MH+0x000001fb9e0fb400
# instanceKlass java/lang/invoke/LambdaForm$DMH+0x000001fb9e0fb000
# instanceKlass java/lang/invoke/LambdaForm$MH+0x000001fb9e0fac00
# instanceKlass java/lang/invoke/LambdaForm$DMH+0x000001fb9e0fa800
# instanceKlass java/lang/invoke/LambdaForm$MH+0x000001fb9e0fa400
# instanceKlass java/lang/invoke/LambdaForm$DMH+0x000001fb9e0fa000
# instanceKlass java/lang/invoke/LambdaForm$MH+0x000001fb9e0f9c00
# instanceKlass java/lang/invoke/LambdaForm$DMH+0x000001fb9e0f9800
instanceKlass java/lang/invoke/ClassSpecializer$Factory$1Var
# instanceKlass java/lang/invoke/LambdaForm$MH+0x000001fb9e0f9400
# instanceKlass java/lang/invoke/LambdaForm$MH+0x000001fb9e0f9000
# instanceKlass java/lang/invoke/LambdaForm$MH+0x000001fb9e0f8c00
# instanceKlass java/lang/invoke/LambdaForm$MH+0x000001fb9e0f8800
# instanceKlass java/lang/invoke/LambdaForm$MH+0x000001fb9e0f8400
# instanceKlass java/lang/invoke/LambdaForm$MH+0x000001fb9e0f8000
# instanceKlass java/lang/invoke/LambdaForm$MH+0x000001fb9e0f5c00
# instanceKlass java/lang/invoke/LambdaForm$MH+0x000001fb9e0f5800
# instanceKlass java/lang/invoke/LambdaForm$BMH+0x000001fb9e0f5400
# instanceKlass java/lang/invoke/LambdaForm$DMH+0x000001fb9e0f5000
# instanceKlass java/lang/invoke/LambdaForm$DMH+0x000001fb9e0f4c00
instanceKlass org/gradle/launcher/daemon/server/expiry/DaemonExpirationResult
instanceKlass org/gradle/launcher/daemon/server/expiry/DaemonExpirationListener
instanceKlass java/lang/Thread$ThreadNumbering
instanceKlass java/util/concurrent/Executors$RunnableAdapter
instanceKlass java/util/concurrent/Executors
instanceKlass java/util/concurrent/FutureTask$WaitNode
instanceKlass java/util/concurrent/FutureTask
instanceKlass org/gradle/internal/concurrent/AbstractManagedExecutor$1
instanceKlass org/gradle/launcher/daemon/server/health/gc/GarbageCollectionCheck
instanceKlass  @bci org/gradle/launcher/daemon/server/health/gc/DefaultGarbageCollectionMonitor pollForValues ()V 4 <appendix> member <vmtarget> ; # org/gradle/launcher/daemon/server/health/gc/DefaultGarbageCollectionMonitor$$Lambda+0x000001fb9e0ef918
instanceKlass java/util/concurrent/BlockingDeque
instanceKlass org/gradle/launcher/daemon/server/health/gc/DefaultSlidingWindow
instanceKlass org/gradle/launcher/daemon/server/health/gc/SlidingWindow
instanceKlass org/gradle/launcher/daemon/server/health/gc/DefaultGarbageCollectionMonitor
instanceKlass org/gradle/launcher/daemon/server/health/gc/GarbageCollectionInfo
instanceKlass org/gradle/internal/concurrent/ExecutorPolicy$CatchAndRecordFailures
instanceKlass jdk/internal/vm/ThreadContainers
instanceKlass jdk/internal/vm/StackableScope
instanceKlass java/util/concurrent/RunnableScheduledFuture
instanceKlass java/util/concurrent/ScheduledFuture
instanceKlass java/util/concurrent/Delayed
instanceKlass java/util/concurrent/RunnableFuture
instanceKlass java/util/concurrent/Future
instanceKlass org/gradle/internal/concurrent/ThreadFactoryImpl
instanceKlass java/util/concurrent/ThreadPoolExecutor$AbortPolicy
instanceKlass java/util/concurrent/RejectedExecutionHandler
instanceKlass java/util/concurrent/AbstractExecutorService
instanceKlass  @bci java/lang/invoke/BootstrapMethodInvoker invoke (Ljava/lang/Class;Ljava/lang/invoke/MethodHandle;Ljava/lang/String;Ljava/lang/Object;Ljava/lang/Object;Ljava/lang/Class;)Ljava/lang/Object; 462 <adapter> ; # java/lang/invoke/LambdaForm$MH+0x000001fb9e0f4800
# instanceKlass java/lang/invoke/LambdaForm$MH+0x000001fb9e0f4400
# instanceKlass java/lang/invoke/LambdaForm$MH+0x000001fb9e0f4000
# instanceKlass java/lang/invoke/LambdaForm$MH+0x000001fb9e0f3c00
# instanceKlass java/lang/invoke/LambdaForm$MH+0x000001fb9e0f3800
# instanceKlass java/lang/invoke/LambdaForm$DMH+0x000001fb9e0f3400
instanceKlass org/gradle/internal/concurrent/ManagedScheduledExecutor
instanceKlass java/util/concurrent/ScheduledExecutorService
instanceKlass org/gradle/internal/concurrent/ManagedThreadPoolExecutor
instanceKlass org/gradle/internal/concurrent/ManagedExecutor
instanceKlass java/util/concurrent/ExecutorService
instanceKlass java/util/concurrent/Executor
instanceKlass org/gradle/internal/concurrent/AsyncStoppable
instanceKlass org/gradle/internal/concurrent/ExecutorPolicy
instanceKlass org/gradle/internal/concurrent/DefaultExecutorFactory
instanceKlass  @bci org/gradle/launcher/daemon/server/health/gc/GarbageCollectorMonitoringStrategy determineGcStrategy ()Lorg/gradle/launcher/daemon/server/health/gc/GarbageCollectorMonitoringStrategy; 52 <appendix> argL0 ; # org/gradle/launcher/daemon/server/health/gc/GarbageCollectorMonitoringStrategy$$Lambda+0x000001fb9e0eca68
instanceKlass sun/management/Sensor
instanceKlass sun/management/MemoryPoolImpl
instanceKlass java/lang/management/MemoryPoolMXBean
instanceKlass  @bci org/gradle/launcher/daemon/server/health/gc/GarbageCollectorMonitoringStrategy determineGcStrategy ()Lorg/gradle/launcher/daemon/server/health/gc/GarbageCollectorMonitoringStrategy; 16 <appendix> member <vmtarget> ; # org/gradle/launcher/daemon/server/health/gc/GarbageCollectorMonitoringStrategy$$Lambda+0x000001fb9e0ec840
instanceKlass  @bci org/gradle/launcher/daemon/server/health/gc/GarbageCollectorMonitoringStrategy determineGcStrategy ()Lorg/gradle/launcher/daemon/server/health/gc/GarbageCollectorMonitoringStrategy; 3 <appendix> argL0 ; # org/gradle/launcher/daemon/server/health/gc/GarbageCollectorMonitoringStrategy$$Lambda+0x000001fb9e0ec620
instanceKlass  @cpi org/codehaus/groovy/vmplugin/v9/Java9 268 form vmentry <vmtarget> ; # java/lang/invoke/LambdaForm$DMH+0x000001fb9e0f3000
instanceKlass  @bci sun/management/spi/PlatformMBeanProvider$PlatformComponent getMBeans (Ljava/lang/Class;)Ljava/util/List; 63 <appendix> member <vmtarget> ; # sun/management/spi/PlatformMBeanProvider$PlatformComponent$$Lambda+0x000001fb9e077ff0
instanceKlass  @bci sun/management/spi/PlatformMBeanProvider$PlatformComponent getMBeans (Ljava/lang/Class;)Ljava/util/List; 47 <appendix> member <vmtarget> ; # sun/management/spi/PlatformMBeanProvider$PlatformComponent$$Lambda+0x000001fb9e077d98
instanceKlass com/sun/jmx/mbeanserver/Util
instanceKlass javax/management/ObjectName$Property
instanceKlass com/sun/jmx/mbeanserver/GetPropertyAction
instanceKlass javax/management/ObjectName
instanceKlass javax/management/QueryExp
instanceKlass  @bci sun/management/Util newObjectName (Ljava/lang/String;Ljava/lang/String;)Ljavax/management/ObjectName; 2 <appendix> form vmentry <vmtarget> ; # java/lang/invoke/LambdaForm$MH+0x000001fb9e0f2c00
instanceKlass java/lang/invoke/LambdaFormEditor$1
# instanceKlass java/lang/invoke/LambdaForm$MH+0x000001fb9e0f2800
instanceKlass  @bci sun/management/Util newObjectName (Ljava/lang/String;Ljava/lang/String;)Ljavax/management/ObjectName; 2 <appendix> argL3 form vmentry <vmtarget> ; # java/lang/invoke/LambdaForm$MH+0x000001fb9e0f2400
instanceKlass java/lang/invoke/MethodHandles$1
# instanceKlass java/lang/invoke/LambdaForm$MH+0x000001fb9e0f2000
# instanceKlass java/lang/invoke/LambdaForm$MH+0x000001fb9e0f1c00
# instanceKlass java/lang/invoke/LambdaForm$MH+0x000001fb9e0f1800
# instanceKlass java/lang/invoke/LambdaForm$MH+0x000001fb9e0f1400
instanceKlass  @bci sun/management/Util newObjectName (Ljava/lang/String;Ljava/lang/String;)Ljavax/management/ObjectName; 2 <appendix> argL1 form vmentry <vmtarget> ; # java/lang/invoke/LambdaForm$MH+0x000001fb9e0f1000
# instanceKlass java/lang/invoke/LambdaForm$MH+0x000001fb9e0f0c00
instanceKlass  @bci com/sun/beans/finder/MethodFinder findAccessibleMethod (Ljava/lang/reflect/Method;Ljava/lang/reflect/Type;)Ljava/lang/reflect/Method; 179 <appendix> argL1 form vmentry <vmtarget> ; # java/lang/invoke/LambdaForm$MH+0x000001fb9e0f0800
# instanceKlass java/lang/invoke/LambdaForm$MH+0x000001fb9e0f0400
# instanceKlass java/lang/invoke/LambdaForm$MH+0x000001fb9e0f0000
instanceKlass java/lang/Long$LongCache
# instanceKlass java/lang/invoke/LambdaForm$MH+0x000001fb9e0e7c00
instanceKlass sun/management/Util
instanceKlass com/sun/management/GarbageCollectorMXBean
instanceKlass java/lang/management/MemoryMXBean
instanceKlass  @bci java/util/stream/Collectors toList ()Ljava/util/stream/Collector; 14 <appendix> argL0 ; # java/util/stream/Collectors$$Lambda+0x000001fb9e075580
instanceKlass  @bci java/util/stream/Collectors toList ()Ljava/util/stream/Collector; 9 <appendix> argL0 ; # java/util/stream/Collectors$$Lambda+0x000001fb9e075350
instanceKlass  @bci java/util/stream/Collectors toList ()Ljava/util/stream/Collector; 4 <appendix> argL0 ; # java/util/stream/Collectors$$Lambda+0x000001fb9e075130
instanceKlass  @bci java/lang/management/ManagementFactory getPlatformMXBeans (Ljava/lang/Class;)Ljava/util/List; 35 <appendix> member <vmtarget> ; # java/lang/management/ManagementFactory$$Lambda+0x000001fb9e074ee8
instanceKlass  @bci java/lang/management/ManagementFactory$PlatformMBeanFinder findFirst (Ljava/lang/Class;)Lsun/management/spi/PlatformMBeanProvider$PlatformComponent; 19 <appendix> member <vmtarget> ; # java/lang/management/ManagementFactory$PlatformMBeanFinder$$Lambda+0x000001fb9e074c90
instanceKlass java/util/HashMap$HashMapSpliterator
instanceKlass jdk/management/jfr/internal/FlightRecorderMXBeanProvider$SingleMBeanComponent
instanceKlass jdk/management/jfr/FlightRecorderMXBean
instanceKlass java/lang/management/DefaultPlatformMBeanProvider$11
instanceKlass java/lang/management/DefaultPlatformMBeanProvider$10
instanceKlass java/lang/management/DefaultPlatformMBeanProvider$9
instanceKlass sun/management/ManagementFactoryHelper$LoggingMXBeanAccess$1
instanceKlass sun/management/ManagementFactoryHelper$LoggingMXBeanAccess
instanceKlass java/lang/management/DefaultPlatformMBeanProvider$8
instanceKlass java/lang/management/DefaultPlatformMBeanProvider$7
instanceKlass java/lang/management/DefaultPlatformMBeanProvider$6
instanceKlass java/lang/management/DefaultPlatformMBeanProvider$5
instanceKlass java/lang/management/DefaultPlatformMBeanProvider$4
instanceKlass java/lang/management/DefaultPlatformMBeanProvider$3
instanceKlass java/lang/management/DefaultPlatformMBeanProvider$2
instanceKlass java/lang/management/DefaultPlatformMBeanProvider$1
instanceKlass java/util/concurrent/Callable
instanceKlass com/sun/management/internal/PlatformMBeanProviderImpl$5
instanceKlass sun/management/VMManagementImpl
instanceKlass sun/management/VMManagement
instanceKlass sun/management/ManagementFactoryHelper
instanceKlass sun/management/NotificationEmitterSupport
instanceKlass javax/management/NotificationEmitter
instanceKlass javax/management/NotificationBroadcaster
instanceKlass com/sun/management/DiagnosticCommandMBean
instanceKlass javax/management/DynamicMBean
instanceKlass com/sun/management/internal/PlatformMBeanProviderImpl$4
instanceKlass com/sun/management/internal/PlatformMBeanProviderImpl$3
instanceKlass com/sun/management/internal/PlatformMBeanProviderImpl$2
instanceKlass com/sun/management/internal/PlatformMBeanProviderImpl$1
instanceKlass sun/management/spi/PlatformMBeanProvider$PlatformComponent
instanceKlass  @bci com/sun/management/internal/PlatformMBeanProviderImpl <clinit> ()V 8 <appendix> argL0 ; # com/sun/management/internal/PlatformMBeanProviderImpl$$Lambda+0x000001fb9e06f978
instanceKlass sun/management/spi/PlatformMBeanProvider
instanceKlass java/lang/management/ManagementFactory$PlatformMBeanFinder$1
instanceKlass java/lang/management/ManagementFactory$PlatformMBeanFinder
instanceKlass java/lang/management/GarbageCollectorMXBean
instanceKlass java/lang/management/MemoryManagerMXBean
instanceKlass java/lang/management/PlatformManagedObject
instanceKlass  @bci java/lang/management/ManagementFactory loadNativeLib ()V 0 <appendix> argL0 ; # java/lang/management/ManagementFactory$$Lambda+0x000001fb9e06e8f8
instanceKlass java/lang/management/ManagementFactory
instanceKlass org/gradle/launcher/daemon/server/health/gc/GarbageCollectionMonitor
instanceKlass org/gradle/internal/time/DefaultTimer
instanceKlass com/google/errorprone/annotations/DoNotMock
instanceKlass java/lang/Deprecated
instanceKlass com/google/common/collect/ObjectArrays
instanceKlass org/gradle/internal/service/scopes/ListenerService
instanceKlass org/gradle/internal/service/scopes/StatefulListener
instanceKlass org/gradle/internal/event/DefaultListenerManager$EventBroadcast
instanceKlass org/gradle/internal/event/DefaultListenerManager
instanceKlass org/gradle/internal/buildprocess/execution/BuildSessionLifecycleBuildActionExecutor
instanceKlass org/gradle/internal/buildprocess/execution/StartParamsValidatingActionExecutor
instanceKlass org/gradle/initialization/BuildRequestMetaData
instanceKlass org/gradle/internal/exception/ExceptionAnalyser
instanceKlass org/gradle/initialization/exception/ExceptionCollector
instanceKlass org/gradle/problems/buildtree/ProblemDiagnosticsFactory
instanceKlass org/gradle/internal/buildprocess/execution/SessionFailureReportingActionExecutor
instanceKlass org/gradle/StartParameter
instanceKlass org/gradle/concurrent/ParallelismConfiguration
instanceKlass org/gradle/internal/buildprocess/execution/SetupLoggingActionExecutor
# instanceKlass java/lang/invoke/LambdaForm$MH+0x000001fb9e0e7800
# instanceKlass java/lang/invoke/LambdaForm$MH+0x000001fb9e0e7400
# instanceKlass java/lang/invoke/LambdaForm$MH+0x000001fb9e0e7000
# instanceKlass java/lang/invoke/LambdaForm$MH+0x000001fb9e0e6c00
# instanceKlass java/lang/invoke/LambdaForm$MH+0x000001fb9e0e6800
# instanceKlass java/lang/invoke/LambdaForm$MH+0x000001fb9e0e6400
# instanceKlass java/lang/invoke/LambdaForm$DMH+0x000001fb9e0e6000
instanceKlass org/gradle/execution/plan/ToPlannedNodeConverter
instanceKlass org/gradle/internal/hash/ClassLoaderHierarchyHasher
instanceKlass org/gradle/internal/file/FileAccessTimeJournal
instanceKlass org/gradle/initialization/ClassLoaderScopeRegistry
instanceKlass org/gradle/cache/internal/FileContentCacheFactory
instanceKlass org/gradle/cache/scopes/ScopedCacheBuilderFactory
instanceKlass org/gradle/internal/execution/timeout/TimeoutHandler
instanceKlass org/gradle/internal/jvm/inspection/JvmMetadataDetector
instanceKlass org/gradle/process/internal/worker/WorkerProcessFactory
instanceKlass org/gradle/cache/GlobalCacheLocations
instanceKlass org/gradle/api/internal/initialization/loadercache/ClassLoaderCache
instanceKlass org/gradle/internal/jvm/inspection/JvmVersionDetector
instanceKlass org/gradle/internal/classloader/HashingClassLoaderFactory
instanceKlass org/gradle/internal/isolation/IsolatableFactory
instanceKlass org/gradle/cache/UnscopedCacheBuilderFactory
instanceKlass org/gradle/internal/service/scopes/WorkerSharedUserHomeScopeServices
instanceKlass org/gradle/internal/service/scopes/DefaultGradleUserHomeScopeServiceRegistry
# instanceKlass java/lang/invoke/LambdaForm$MH+0x000001fb9e0e5c00
# instanceKlass java/lang/invoke/LambdaForm$MH+0x000001fb9e0e5800
# instanceKlass java/lang/invoke/LambdaForm$MH+0x000001fb9e0e5400
instanceKlass org/gradle/internal/logging/text/AbstractStyledTextOutputFactory
# instanceKlass java/lang/invoke/LambdaForm$MH+0x000001fb9e0e5000
# instanceKlass java/lang/invoke/LambdaForm$MH+0x000001fb9e0e4c00
# instanceKlass java/lang/invoke/LambdaForm$MH+0x000001fb9e0e4800
instanceKlass java/util/concurrent/atomic/AtomicBoolean
instanceKlass org/gradle/internal/instrumentation/agent/DefaultClassFileTransformer
instanceKlass org/gradle/internal/logging/text/AbstractLineChoppingStyledTextOutput$StateContext
instanceKlass java/text/DontCareFieldPosition$1
instanceKlass java/text/Format$FieldDelegate
instanceKlass java/util/Date
instanceKlass java/text/DigitList
instanceKlass java/text/FieldPosition
instanceKlass  @bci sun/util/locale/provider/JRELocaleProviderAdapter getDecimalFormatSymbolsProvider ()Ljava/text/spi/DecimalFormatSymbolsProvider; 8 <appendix> member <vmtarget> ; # sun/util/locale/provider/JRELocaleProviderAdapter$$Lambda+0x800000066
instanceKlass java/text/DecimalFormatSymbols
instanceKlass  @bci sun/util/locale/provider/JRELocaleProviderAdapter getNumberFormatProvider ()Ljava/text/spi/NumberFormatProvider; 8 <appendix> member <vmtarget> ; # sun/util/locale/provider/JRELocaleProviderAdapter$$Lambda+0x800000067
instanceKlass sun/util/resources/Bundles$2
instanceKlass sun/util/resources/LocaleData$LocaleDataResourceBundleProvider
instanceKlass java/util/spi/ResourceBundleProvider
instanceKlass  @bci sun/util/locale/provider/JRELocaleProviderAdapter getDateFormatSymbolsProvider ()Ljava/text/spi/DateFormatSymbolsProvider; 8 <appendix> member <vmtarget> ; # sun/util/locale/provider/JRELocaleProviderAdapter$$Lambda+0x800000065
instanceKlass java/text/DateFormatSymbols
instanceKlass sun/util/calendar/CalendarUtils
instanceKlass sun/util/calendar/CalendarDate
instanceKlass sun/util/resources/Bundles$CacheKeyReference
instanceKlass  @bci java/util/ResourceBundle$ResourceBundleProviderHelper newResourceBundle (Ljava/lang/Class;)Ljava/util/ResourceBundle; 22 <appendix> member <vmtarget> ; # java/util/ResourceBundle$ResourceBundleProviderHelper$$Lambda+0x800000010
instanceKlass java/util/ResourceBundle$ResourceBundleProviderHelper
instanceKlass  @bci sun/util/cldr/CLDRLocaleProviderAdapter applyAliases (Ljava/util/Locale;)Ljava/util/Locale; 4 <appendix> argL0 ; # sun/util/cldr/CLDRLocaleProviderAdapter$$Lambda+0x80000005f
instanceKlass sun/util/resources/Bundles$CacheKey
instanceKlass java/util/ResourceBundle$1
instanceKlass jdk/internal/access/JavaUtilResourceBundleAccess
instanceKlass sun/util/resources/Bundles
instanceKlass sun/util/resources/LocaleData$LocaleDataStrategy
instanceKlass sun/util/resources/Bundles$Strategy
instanceKlass sun/util/resources/LocaleData$1
instanceKlass sun/util/resources/LocaleData
instanceKlass sun/util/locale/provider/LocaleResources
instanceKlass java/util/stream/Nodes$ArrayNode
instanceKlass  @bci sun/util/locale/provider/LocaleProviderAdapter toLocaleArray (Ljava/util/Set;)[Ljava/util/Locale; 16 <appendix> argL0 ; # sun/util/locale/provider/LocaleProviderAdapter$$Lambda+0x800000069
instanceKlass  @bci sun/util/locale/provider/LocaleProviderAdapter toLocaleArray (Ljava/util/Set;)[Ljava/util/Locale; 6 <appendix> argL0 ; # sun/util/locale/provider/LocaleProviderAdapter$$Lambda+0x800000068
instanceKlass  @bci sun/util/cldr/CLDRLocaleProviderAdapter getCalendarDataProvider ()Ljava/util/spi/CalendarDataProvider; 8 <appendix> member <vmtarget> ; # sun/util/cldr/CLDRLocaleProviderAdapter$$Lambda+0x800000062
instanceKlass java/util/ResourceBundle
instanceKlass java/util/ResourceBundle$Control
instanceKlass sun/util/locale/provider/CalendarDataUtility$CalendarWeekParameterGetter
instanceKlass sun/util/locale/provider/LocaleServiceProviderPool$LocalizedObjectGetter
instanceKlass sun/util/locale/provider/LocaleServiceProviderPool
instanceKlass java/util/Locale$Builder
instanceKlass sun/util/locale/provider/CalendarDataUtility
instanceKlass sun/util/calendar/CalendarSystem$GregorianHolder
instanceKlass sun/util/calendar/CalendarSystem
instanceKlass java/util/Calendar$Builder
instanceKlass sun/util/locale/provider/AvailableLanguageTags
instanceKlass  @bci sun/util/locale/provider/JRELocaleProviderAdapter getCalendarProvider ()Lsun/util/spi/CalendarProvider; 8 <appendix> member <vmtarget> ; # sun/util/locale/provider/JRELocaleProviderAdapter$$Lambda+0x800000063
instanceKlass sun/util/resources/cldr/provider/CLDRLocaleDataMetaInfo
instanceKlass jdk/internal/jimage/decompressor/ZipDecompressor
instanceKlass jdk/internal/jimage/decompressor/ResourceDecompressor
instanceKlass jdk/internal/jimage/decompressor/ResourceDecompressorFactory
instanceKlass jdk/internal/jimage/decompressor/ResourceDecompressorRepository
instanceKlass jdk/internal/jimage/decompressor/CompressedResourceHeader
instanceKlass  @bci jdk/internal/jimage/BasicImageReader getResourceBuffer (Ljdk/internal/jimage/ImageLocation;)Ljava/nio/ByteBuffer; 168 <appendix> member <vmtarget> ; # jdk/internal/jimage/BasicImageReader$$Lambda+0x000001fb9e06b528
instanceKlass jdk/internal/jimage/decompressor/ResourceDecompressor$StringsProvider
instanceKlass java/util/AbstractMap$SimpleEntry
instanceKlass jdk/internal/jimage/ImageBufferCache$2
instanceKlass jdk/internal/jimage/ImageBufferCache
instanceKlass jdk/internal/module/ModulePatcher$PatchedModuleReader
instanceKlass  @bci sun/util/cldr/CLDRLocaleProviderAdapter <init> ()V 4 <appendix> argL0 ; # sun/util/cldr/CLDRLocaleProviderAdapter$$Lambda+0x800000061
instanceKlass sun/util/locale/InternalLocaleBuilder$CaseInsensitiveChar
instanceKlass sun/util/locale/InternalLocaleBuilder
instanceKlass sun/util/locale/StringTokenIterator
instanceKlass sun/util/locale/ParseStatus
instanceKlass sun/util/locale/LanguageTag
instanceKlass sun/util/cldr/CLDRBaseLocaleDataMetaInfo
instanceKlass sun/util/locale/provider/LocaleDataMetaInfo
instanceKlass sun/util/locale/provider/ResourceBundleBasedAdapter
instanceKlass sun/util/locale/provider/LocaleProviderAdapter
instanceKlass java/util/spi/LocaleServiceProvider
instanceKlass sun/util/calendar/ZoneInfoFile$ZoneOffsetTransitionRule
instanceKlass jdk/internal/util/ByteArray
instanceKlass sun/util/calendar/ZoneInfoFile$1
instanceKlass sun/util/calendar/ZoneInfoFile
instanceKlass java/util/TimeZone
instanceKlass java/util/Calendar
instanceKlass java/text/AttributedCharacterIterator$Attribute
instanceKlass java/text/Format
instanceKlass org/gradle/internal/logging/sink/LogEventDispatcher
instanceKlass org/gradle/internal/logging/text/AbstractLineChoppingStyledTextOutput$SeenFromEol
instanceKlass org/gradle/internal/SystemProperties
instanceKlass org/gradle/internal/logging/text/AbstractLineChoppingStyledTextOutput$4
instanceKlass org/gradle/internal/logging/text/AbstractLineChoppingStyledTextOutput$3
instanceKlass org/gradle/internal/logging/text/AbstractLineChoppingStyledTextOutput$2
instanceKlass org/gradle/internal/logging/text/AbstractLineChoppingStyledTextOutput$1
instanceKlass org/gradle/internal/logging/text/AbstractLineChoppingStyledTextOutput$State
instanceKlass org/gradle/internal/logging/text/StreamBackedStandardOutputListener
instanceKlass org/gradle/internal/logging/text/AbstractStyledTextOutput
instanceKlass org/gradle/internal/logging/console/StyledTextOutputBackedRenderer
instanceKlass org/slf4j/helpers/FormattingTuple
instanceKlass org/slf4j/helpers/MessageFormatter
instanceKlass net/rubygrapefruit/platform/internal/FunctionResult
instanceKlass org/gradle/internal/logging/source/PrintStreamLoggingSystem$PrintStreamDestination
instanceKlass java/util/logging/ErrorManager
instanceKlass org/gradle/internal/logging/source/JavaUtilLoggingSystem$SnapshotImpl
instanceKlass org/gradle/internal/logging/config/LoggingSystemAdapter$SnapshotImpl
instanceKlass org/gradle/internal/logging/events/OutputEventListener$1
instanceKlass org/gradle/internal/dispatch/MethodInvocation
instanceKlass org/gradle/internal/logging/sink/OutputEventRenderer$SnapshotImpl
instanceKlass org/gradle/process/internal/shutdown/ShutdownHooks
instanceKlass org/gradle/launcher/daemon/bootstrap/DaemonMain$1
instanceKlass  @bci com/google/common/io/Files <clinit> ()V 0 <appendix> argL0 ; # com/google/common/io/Files$$Lambda+0x000001fb9e0ddcb8
instanceKlass com/google/common/graph/SuccessorsFunction
instanceKlass com/google/common/io/ByteSource
instanceKlass com/google/common/io/ByteSink
instanceKlass com/google/common/io/LineProcessor
instanceKlass com/google/common/base/Predicate
instanceKlass com/google/common/io/Files
instanceKlass org/gradle/util/internal/GFileUtils
instanceKlass  @bci java/util/regex/CharPredicates ctype (I)Ljava/util/regex/Pattern$CharPredicate; 1 <appendix> member <vmtarget> ; # java/util/regex/CharPredicates$$Lambda+0x000001fb9e0684b8
instanceKlass org/gradle/util/GradleVersion
# instanceKlass java/lang/invoke/LambdaForm$MH+0x000001fb9e0d9000
instanceKlass sun/invoke/util/ValueConversions$WrapperCache
# instanceKlass java/lang/invoke/LambdaForm$MH+0x000001fb9e0d8c00
# instanceKlass java/lang/invoke/LambdaForm$BMH+0x000001fb9e0d8800
instanceKlass net/rubygrapefruit/platform/internal/jni/PosixProcessFunctions
instanceKlass org/gradle/jvm/toolchain/internal/DefaultJavaLanguageVersion
instanceKlass org/gradle/jvm/toolchain/JavaLanguageVersion
instanceKlass com/google/common/base/Optional
instanceKlass org/gradle/internal/FileUtils$1
instanceKlass org/gradle/internal/FileUtils
instanceKlass org/gradle/launcher/daemon/context/DefaultDaemonContext$Serializer
instanceKlass org/gradle/launcher/daemon/toolchain/DaemonJvmCriteria
instanceKlass org/gradle/launcher/daemon/context/DefaultDaemonContext
# instanceKlass java/lang/invoke/LambdaForm$MH+0x000001fb9e0d8400
# instanceKlass java/lang/invoke/LambdaForm$MH+0x000001fb9e0d8000
instanceKlass org/gradle/internal/nativeintegration/ReflectiveEnvironment
instanceKlass org/gradle/internal/nativeintegration/processenvironment/AbstractProcessEnvironment
instanceKlass net/rubygrapefruit/platform/internal/DefaultProcess
instanceKlass net/rubygrapefruit/platform/internal/WrapperProcess
instanceKlass net/rubygrapefruit/platform/file/WindowsFiles
instanceKlass org/gradle/launcher/daemon/server/api/DaemonCommandAction
instanceKlass org/gradle/internal/invocation/BuildAction
instanceKlass org/gradle/launcher/daemon/server/health/DaemonHealthCheck
instanceKlass org/gradle/launcher/daemon/server/stats/DaemonRunningStats
instanceKlass org/gradle/launcher/daemon/server/DaemonLogFile
instanceKlass org/gradle/launcher/daemon/registry/DaemonDir
instanceKlass org/gradle/launcher/daemon/server/health/gc/GarbageCollectorMonitoringStrategy
instanceKlass org/gradle/launcher/daemon/server/health/DaemonHealthStats
instanceKlass org/gradle/internal/serialize/Serializer
instanceKlass org/gradle/launcher/daemon/server/MasterExpirationStrategy
instanceKlass org/gradle/launcher/daemon/server/health/HealthExpirationStrategy
instanceKlass org/gradle/launcher/daemon/server/Daemon
instanceKlass org/gradle/tooling/internal/provider/runner/OperationDependencyLookup
instanceKlass org/gradle/tooling/internal/provider/runner/ToolingApiBuildEventListenerFactory
instanceKlass org/gradle/tooling/internal/provider/LauncherServices$ToolingGlobalScopeServices
instanceKlass org/gradle/tooling/internal/provider/ExecuteBuildActionRunner
instanceKlass org/gradle/internal/buildtree/BuildActionRunner
instanceKlass org/gradle/plugin/internal/PluginUseServices$GlobalScopeServices
instanceKlass org/gradle/platform/base/internal/registry/ComponentModelBaseServices$GlobalScopeServices
instanceKlass org/gradle/nativeplatform/NativeBinarySpec
instanceKlass org/gradle/platform/base/BinarySpec
instanceKlass org/gradle/platform/base/Binary
instanceKlass org/gradle/api/CheckableComponentSpec
instanceKlass org/gradle/api/BuildableComponentSpec
instanceKlass org/gradle/platform/base/ComponentSpec
instanceKlass org/gradle/model/ModelElement
instanceKlass org/gradle/api/Buildable
instanceKlass org/gradle/nativeplatform/TargetMachineBuilder
instanceKlass org/gradle/nativeplatform/TargetMachine
instanceKlass org/gradle/nativeplatform/internal/DefaultTargetMachineFactory
instanceKlass org/gradle/nativeplatform/TargetMachineFactory
instanceKlass org/gradle/nativeplatform/internal/NativePlatformResolver
instanceKlass org/gradle/platform/base/internal/PlatformResolver
instanceKlass org/gradle/nativeplatform/platform/internal/NativePlatformInternal
instanceKlass org/gradle/nativeplatform/platform/NativePlatform
instanceKlass org/gradle/platform/base/Platform
instanceKlass org/gradle/nativeplatform/platform/internal/OperatingSystemInternal
instanceKlass org/gradle/nativeplatform/platform/OperatingSystem
instanceKlass org/gradle/api/Named
instanceKlass org/gradle/nativeplatform/platform/internal/NativePlatforms
instanceKlass org/gradle/internal/logging/text/DiagnosticsVisitor
# instanceKlass java/lang/invoke/LambdaForm$MH+0x000001fb9e0cc400
instanceKlass org/gradle/initialization/BuildEventConsumer
instanceKlass org/gradle/internal/build/event/BuildEventSubscriptions
instanceKlass org/gradle/internal/build/event/OperationResultPostProcessorFactory
instanceKlass org/gradle/language/java/internal/JavaLanguageServices$JavaGlobalScopeServices
instanceKlass org/gradle/kotlin/dsl/support/ImplicitImports
instanceKlass org/gradle/kotlin/dsl/support/GlobalServices
instanceKlass org/gradle/jvm/toolchain/internal/install/JavaToolchainHttpRedirectVerifierFactory
instanceKlass com/google/common/base/Supplier
instanceKlass org/gradle/platform/internal/CurrentBuildPlatform
instanceKlass org/gradle/jvm/toolchain/internal/DefaultToolchainSpec
instanceKlass org/gradle/jvm/toolchain/internal/JavaToolchainSpecInternal
instanceKlass org/gradle/jvm/toolchain/JavaToolchainSpec
instanceKlass org/gradle/jvm/internal/services/ToolchainsJvmServices$GlobalServices
instanceKlass org/gradle/internal/snapshot/impl/DirectorySnapshotterStatistics$Collector
instanceKlass org/gradle/api/internal/changedetection/state/FileHasherStatistics$Collector
instanceKlass org/gradle/internal/service/scopes/VirtualFileSystemServices$GlobalScopeServices
# instanceKlass java/lang/invoke/LambdaForm$MH+0x000001fb9e0cc000
instanceKlass java/lang/invoke/MethodHandle$1
instanceKlass org/gradle/internal/service/scopes/ExecutionGlobalServices$AnnotationHandlerRegistration
instanceKlass org/gradle/internal/properties/bean/PropertyWalker
instanceKlass org/gradle/internal/service/scopes/ExecutionGlobalServices$AnnotationHandlerRegistar
instanceKlass org/gradle/internal/instrumentation/api/annotations/ReplacesEagerProperty
instanceKlass org/gradle/api/model/ReplacedBy
instanceKlass org/gradle/api/tasks/Internal
instanceKlass org/gradle/api/tasks/TaskAction
instanceKlass org/gradle/api/internal/plugins/software/SoftwareType
instanceKlass org/gradle/api/services/ServiceReference
instanceKlass org/gradle/api/tasks/OutputFiles
instanceKlass org/gradle/api/tasks/OutputFile
instanceKlass org/gradle/api/tasks/OutputDirectory
instanceKlass org/gradle/api/tasks/OutputDirectories
instanceKlass org/gradle/api/tasks/options/OptionValues
instanceKlass org/gradle/api/tasks/Nested
instanceKlass org/gradle/api/tasks/LocalState
instanceKlass org/gradle/api/tasks/InputFiles
instanceKlass org/gradle/api/tasks/InputFile
instanceKlass org/gradle/api/tasks/InputDirectory
instanceKlass org/gradle/api/artifacts/transform/InputArtifactDependencies
instanceKlass org/gradle/api/artifacts/transform/InputArtifact
instanceKlass org/gradle/api/tasks/Input
instanceKlass org/gradle/api/tasks/Destroys
instanceKlass org/gradle/api/tasks/Console
instanceKlass org/gradle/internal/reflect/annotations/TypeAnnotationMetadataStore
instanceKlass org/gradle/api/internal/project/taskfactory/TaskClassInfoStore
instanceKlass org/gradle/internal/execution/WorkInputListeners
instanceKlass org/gradle/internal/properties/annotations/FunctionAnnotationHandler
instanceKlass org/gradle/internal/execution/history/ImmutableWorkspaceMetadataStore
instanceKlass org/gradle/internal/execution/WorkExecutionTracker
instanceKlass org/gradle/internal/service/scopes/ExecutionGlobalServices
instanceKlass org/gradle/internal/serialize/beans/services/BeanConstructors
instanceKlass org/gradle/internal/resource/transport/sftp/SftpClientFactory
instanceKlass org/gradle/internal/resource/transport/sftp/SftpResourcesServices$GlobalScopeServices
instanceKlass java/lang/FunctionalInterface
instanceKlass org/gradle/internal/resource/transport/http/HttpClientHelper$Factory
instanceKlass org/gradle/internal/resource/transport/http/SslContextFactory
instanceKlass org/gradle/internal/resource/transport/http/HttpResourcesServices$GlobalScopeServices
instanceKlass org/gradle/internal/resource/transport/gcp/gcs/GcsResourcesServices$GlobalScopeServices
instanceKlass org/gradle/internal/resource/transport/aws/s3/S3ResourcesServices$GlobalScopeServices
instanceKlass org/gradle/tooling/internal/provider/serialization/ClassLoaderCache
instanceKlass org/gradle/api/internal/tasks/userinput/UserInputReader$UserInput
instanceKlass org/gradle/api/internal/tasks/userinput/DefaultUserInputReader
instanceKlass org/gradle/api/internal/tasks/userinput/UserInputReader
instanceKlass kotlin/annotation/Target
instanceKlass kotlin/annotation/Retention
instanceKlass kotlin/Metadata
instanceKlass org/gradle/internal/operations/BuildOperationAncestryTracker
instanceKlass org/gradle/internal/build/event/BuildEventServices$1
instanceKlass org/gradle/internal/build/event/BuildEventListenerFactory
instanceKlass org/gradle/internal/build/event/DefaultBuildEventsListenerRegistry
instanceKlass org/gradle/internal/build/event/BuildEventListenerRegistryInternal
instanceKlass org/gradle/build/event/BuildEventsListenerRegistry
instanceKlass org/gradle/internal/file/BufferProvider
instanceKlass org/gradle/caching/internal/BuildCacheServices$1
instanceKlass org/gradle/buildinit/plugins/internal/action/InitBuiltInCommand
instanceKlass org/gradle/reporting/ReportRenderer
instanceKlass org/gradle/api/reporting/components/internal/DiagnosticsServices$1
instanceKlass org/gradle/api/plugins/internal/HelpBuiltInCommand
instanceKlass org/gradle/configuration/project/BuiltInCommand
instanceKlass org/gradle/api/component/SoftwareComponentFactory
instanceKlass org/gradle/api/publish/internal/service/PublishServices$GlobalScopeServices
instanceKlass org/gradle/api/internal/tasks/testing/report/generic/MetadataRendererRegistry$MetadataRenderer
instanceKlass com/google/common/cache/CacheLoader
instanceKlass org/gradle/api/internal/tasks/testing/report/generic/MetadataRendererRegistry
instanceKlass org/gradle/api/internal/tasks/testing/TestingBasePluginServices$TestingGlobalScopeServices
instanceKlass org/gradle/internal/fingerprint/FileNormalizer
instanceKlass org/gradle/internal/reflect/annotations/AnnotationCategory
instanceKlass org/gradle/api/problems/ProblemSpec
instanceKlass org/gradle/api/problems/DocLink
instanceKlass org/gradle/internal/component/model/ExcludeMetadata
instanceKlass org/gradle/api/internal/artifacts/ivyservice/moduleconverter/dependencies/DefaultExcludeRuleConverter
instanceKlass org/gradle/api/internal/artifacts/DefaultImmutableModuleIdentifierFactory
instanceKlass org/gradle/api/internal/artifacts/ImmutableModuleIdentifierFactory
instanceKlass org/apache/ivy/util/MessageLogger
instanceKlass org/gradle/api/internal/artifacts/ivyservice/DefaultIvyContextManager
instanceKlass org/gradle/api/internal/artifacts/ivyservice/IvyContextManager
instanceKlass org/gradle/api/internal/artifacts/ivyservice/ivyresolve/strategy/Version
instanceKlass org/gradle/api/internal/artifacts/ivyservice/ivyresolve/strategy/VersionParser
instanceKlass org/gradle/api/Transformer
instanceKlass sun/invoke/util/VerifyAccess$1
instanceKlass java/lang/reflect/WildcardType
instanceKlass org/gradle/internal/resource/ExternalResourceName
instanceKlass org/gradle/api/Describable
instanceKlass org/gradle/api/internal/tasks/properties/AbstractTypeScheme
instanceKlass org/gradle/api/internal/tasks/properties/TypeScheme
instanceKlass org/gradle/api/internal/tasks/properties/InspectionSchemeFactory
instanceKlass org/gradle/api/internal/artifacts/ivyservice/moduleconverter/dependencies/ExcludeRuleConverter
instanceKlass org/gradle/api/internal/artifacts/dsl/dependencies/PlatformSupport
instanceKlass org/gradle/cache/internal/ProducerGuard
instanceKlass org/gradle/internal/properties/annotations/TypeAnnotationHandler
instanceKlass org/gradle/api/internal/artifacts/ivyservice/moduleconverter/dependencies/DependencyMetadataFactory
instanceKlass org/gradle/internal/resource/connector/ResourceConnectorFactory
instanceKlass org/gradle/api/internal/artifacts/DependencyManagementGlobalScopeServices
instanceKlass org/gradle/internal/buildoption/IntegerInternalOption
instanceKlass org/gradle/internal/buildoption/InternalFlag
instanceKlass org/gradle/internal/buildoption/InternalOption
instanceKlass org/gradle/internal/buildoption/Option
instanceKlass org/gradle/internal/service/DefaultServiceLocator$ServiceFactory
instanceKlass org/gradle/internal/service/scopes/AbstractGradleModuleServices
instanceKlass org/gradle/internal/service/scopes/GradleModuleServices
# instanceKlass java/lang/invoke/LambdaForm$MH+0x000001fb9e0b1400
# instanceKlass java/lang/invoke/LambdaForm$MH+0x000001fb9e0b1000
# instanceKlass java/lang/invoke/LambdaForm$MH+0x000001fb9e0b0c00
# instanceKlass java/lang/invoke/LambdaForm$MH+0x000001fb9e0b0800
instanceKlass  @cpi org/gradle/internal/model/StateTransitionController 351 form vmentry <vmtarget> ; # java/lang/invoke/LambdaForm$DMH+0x000001fb9e0b0400
# instanceKlass java/lang/invoke/LambdaForm$DMH+0x000001fb9e0b0000
instanceKlass org/gradle/internal/classpath/intercept/JvmBytecodeInterceptorFactoryProvider$CompositeJvmBytecodeInterceptorFactoryProvider
instanceKlass org/gradle/internal/classpath/GroovyCallInterceptorsProvider$CompositeGroovyCallInterceptorsProvider
instanceKlass  @bci org/gradle/internal/classpath/GroovyCallInterceptorsProvider$ClassLoaderSourceGroovyCallInterceptorsProvider <init> (Ljava/lang/ClassLoader;Ljava/lang/String;)V 10 <appendix> member <vmtarget> ; # org/gradle/internal/classpath/GroovyCallInterceptorsProvider$ClassLoaderSourceGroovyCallInterceptorsProvider$$Lambda+0x000001fb9e0ae3f8
instanceKlass org/gradle/internal/classpath/GroovyCallInterceptorsProvider$ClassLoaderSourceGroovyCallInterceptorsProvider
instanceKlass  @bci org/gradle/internal/classpath/intercept/JvmBytecodeInterceptorFactoryProvider$ClassLoaderSourceJvmBytecodeInterceptorFactoryProvider <init> (Ljava/lang/ClassLoader;Ljava/lang/String;)V 10 <appendix> member <vmtarget> ; # org/gradle/internal/classpath/intercept/JvmBytecodeInterceptorFactoryProvider$ClassLoaderSourceJvmBytecodeInterceptorFactoryProvider$$Lambda+0x000001fb9e0adf90
instanceKlass org/gradle/internal/classpath/intercept/JvmBytecodeInterceptorFactoryProvider$ClassLoaderSourceJvmBytecodeInterceptorFactoryProvider
instanceKlass org/gradle/internal/classpath/intercept/JvmBytecodeInterceptorSet
instanceKlass org/gradle/internal/classpath/intercept/DefaultJvmBytecodeInterceptorFactorySet
instanceKlass  @bci org/gradle/internal/classpath/GroovyCallInterceptorsProvider$ClassSourceGroovyCallInterceptorsProvider <init> (Ljava/lang/String;)V 9 <appendix> member <vmtarget> ; # org/gradle/internal/classpath/GroovyCallInterceptorsProvider$ClassSourceGroovyCallInterceptorsProvider$$Lambda+0x000001fb9e0ad6f8
instanceKlass org/gradle/internal/classpath/Instrumented
instanceKlass org/gradle/internal/classpath/GroovyCallInterceptorsProvider$ClassSourceGroovyCallInterceptorsProvider
instanceKlass org/gradle/internal/classpath/intercept/DefaultCallSiteInterceptorSet
instanceKlass org/gradle/internal/classpath/intercept/CallSiteDecorator
instanceKlass org/gradle/internal/classpath/intercept/JvmBytecodeInterceptorFactoryProvider
instanceKlass org/gradle/internal/classpath/GroovyCallInterceptorsProvider
instanceKlass org/gradle/internal/classpath/intercept/JvmBytecodeInterceptorFactorySet
instanceKlass org/gradle/internal/classpath/intercept/CallSiteInterceptorSet
instanceKlass org/gradle/internal/classpath/intercept/CallInterceptorRegistry
instanceKlass org/gradle/internal/classpath/TransformedClassPath
instanceKlass org/gradle/api/internal/classpath/DefaultModuleRegistry$DefaultModule
instanceKlass org/gradle/internal/IoActions
instanceKlass org/gradle/util/internal/GUtil
instanceKlass  @bci org/gradle/api/internal/classpath/DefaultModuleRegistry loadOptionalModule (Ljava/lang/String;)Lorg/gradle/api/internal/classpath/Module; 4 <appendix> member <vmtarget> ; # org/gradle/api/internal/classpath/DefaultModuleRegistry$$Lambda+0x000001fb9e0ab6d0
instanceKlass groovy/lang/MetaClass
instanceKlass groovy/lang/MetaObjectProtocol
instanceKlass groovy/lang/GroovySystem
instanceKlass groovy/lang/MetaClassRegistry
instanceKlass groovy/lang/GroovyObject
instanceKlass org/objectweb/asm/ClassVisitor
instanceKlass org/gradle/internal/classloader/InstrumentingClassLoader
instanceKlass java/util/ComparableTimSort
instanceKlass org/gradle/internal/classloader/FilteringClassLoader$Trie$Builder
instanceKlass org/gradle/internal/classloader/FilteringClassLoader$Trie
instanceKlass org/gradle/internal/classloader/FilteringClassLoader$TrieSet
instanceKlass  @bci java/lang/ClassLoader definePackage (Ljava/lang/String;Ljava/lang/Module;)Ljava/lang/Package; 73 <appendix> member <vmtarget> ; # java/lang/ClassLoader$$Lambda+0x000001fb9e0668e0
instanceKlass  @bci jdk/internal/loader/BootLoader$PackageHelper findModule (Ljava/lang/String;)Ljava/lang/Module; 90 <appendix> member <vmtarget> ; # jdk/internal/loader/BootLoader$PackageHelper$$Lambda+0x000001fb9e0666b8
instanceKlass jdk/internal/loader/BootLoader$PackageHelper
instanceKlass  @bci java/util/stream/StreamSpliterators$WrappingSpliterator forEachRemaining (Ljava/util/function/Consumer;)V 33 <appendix> member <vmtarget> ; # java/util/stream/StreamSpliterators$WrappingSpliterator$$Lambda+0x000001fb9e066200
instanceKlass java/util/stream/StreamSpliterators
instanceKlass java/util/stream/AbstractSpinedBuffer
instanceKlass java/util/stream/Node$Builder
instanceKlass java/util/stream/Node$OfDouble
instanceKlass java/util/stream/Node$OfLong
instanceKlass java/util/stream/Node$OfInt
instanceKlass java/util/stream/Node$OfPrimitive
instanceKlass java/util/stream/Nodes$EmptyNode
instanceKlass java/util/stream/Node
instanceKlass java/util/stream/Nodes
instanceKlass  @bci java/lang/ClassLoader getPackages ()[Ljava/lang/Package; 38 <appendix> argL0 ; # java/lang/ClassLoader$$Lambda+0x000001fb9e065518
instanceKlass java/util/function/IntFunction
instanceKlass  @bci jdk/internal/loader/BootLoader packages ()Ljava/util/stream/Stream; 6 <appendix> argL0 ; # jdk/internal/loader/BootLoader$$Lambda+0x000001fb9e064ee8
instanceKlass java/util/stream/Streams$2
instanceKlass java/util/stream/StreamSpliterators$AbstractWrappingSpliterator
instanceKlass  @bci java/util/stream/AbstractPipeline spliterator ()Ljava/util/Spliterator; 103 <appendix> member <vmtarget> ; # java/util/stream/AbstractPipeline$$Lambda+0x000001fb9e064560
instanceKlass java/util/stream/Streams$ConcatSpliterator
instanceKlass  @bci java/lang/ClassLoader packages ()Ljava/util/stream/Stream; 13 <appendix> member <vmtarget> ; # java/lang/ClassLoader$$Lambda+0x000001fb9e063dd8
instanceKlass org/gradle/internal/classloader/ClassLoaderUtils$Java9PackagesFetcher
instanceKlass org/gradle/internal/classloader/ClassLoaderUtils$AbstractClassLoaderLookuper
instanceKlass org/gradle/internal/classloader/ClassLoaderUtils$ClassLoaderPackagesFetcher
instanceKlass org/gradle/internal/classloader/ClassLoaderUtils$ClassDefiner
instanceKlass org/gradle/internal/classloader/ClassLoaderUtils
instanceKlass org/gradle/initialization/GradleApiSpecAggregator$DefaultSpec
instanceKlass kotlin/jvm/internal/Intrinsics
instanceKlass kotlin/collections/SetsKt__SetsJVMKt
instanceKlass com/google/common/collect/PeekingIterator
instanceKlass com/google/common/collect/UnmodifiableIterator
instanceKlass com/google/common/collect/Iterators
instanceKlass com/google/common/collect/Hashing
instanceKlass com/google/common/math/IntMath$1
instanceKlass com/google/common/math/MathPreconditions
instanceKlass com/google/common/math/IntMath
instanceKlass com/google/common/base/Preconditions
instanceKlass org/apache/groovy/json/DefaultFastStringServiceFactory
instanceKlass org/apache/groovy/json/FastStringServiceFactory
instanceKlass org/gradle/internal/reflect/ReflectionCache$CacheEntry
instanceKlass com/google/common/collect/ImmutableCollection$Builder
instanceKlass com/google/common/collect/ImmutableSet$SetBuilderImpl
instanceKlass java/util/TimSort
instanceKlass java/util/Arrays$LegacyMergeSort
instanceKlass org/gradle/internal/service/DefaultServiceLocator$ServiceImplementationComparator
instanceKlass org/gradle/kotlin/dsl/provider/KotlinGradleApiSpecProvider
instanceKlass org/gradle/initialization/GradleApiSpecProvider$SpecAdapter
instanceKlass org/gradle/initialization/GradleApiSpecProvider
instanceKlass org/gradle/internal/service/DefaultServiceLocator
instanceKlass org/gradle/initialization/GradleApiSpecProvider$Spec
instanceKlass org/gradle/initialization/GradleApiSpecAggregator
instanceKlass com/google/common/base/Function
instanceKlass org/gradle/internal/reflect/CachedInvokable
instanceKlass org/gradle/internal/reflect/ReflectionCache
instanceKlass org/gradle/internal/reflect/DirectInstantiator
instanceKlass org/gradle/initialization/DefaultClassLoaderRegistry
instanceKlass org/gradle/internal/installation/GradleRuntimeShadedJarDetector
# instanceKlass java/lang/invoke/LambdaForm$MH+0x000001fb9e09a400
# instanceKlass java/lang/invoke/LambdaForm$MH+0x000001fb9e09a000
# instanceKlass java/lang/invoke/LambdaForm$MH+0x000001fb9e099c00
instanceKlass java/nio/charset/CoderResult
instanceKlass sun/net/www/protocol/jar/JarFileFactory
instanceKlass sun/net/www/protocol/jar/URLJarFile$URLJarFileCloseController
instanceKlass java/net/URLClassLoader$2
instanceKlass org/objectweb/asm/Type
instanceKlass org/gradle/initialization/DefaultLegacyTypesSupport
instanceKlass org/gradle/api/internal/jvm/JavaVersionParser
instanceKlass org/gradle/api/internal/DynamicModulesClassPathProvider
instanceKlass org/gradle/api/internal/DefaultClassPathProvider
instanceKlass org/gradle/api/internal/ClassPathProvider
instanceKlass org/gradle/api/internal/DefaultClassPathRegistry
# instanceKlass java/lang/invoke/LambdaForm$MH+0x000001fb9e099800
# instanceKlass java/lang/invoke/LambdaForm$MH+0x000001fb9e099400
# instanceKlass java/lang/invoke/LambdaForm$MH+0x000001fb9e099000
# instanceKlass java/lang/invoke/LambdaForm$DMH+0x000001fb9e098c00
instanceKlass org/gradle/api/internal/classpath/DefaultPluginModuleRegistry
instanceKlass org/gradle/api/internal/classpath/ManifestUtil
instanceKlass org/gradle/internal/classpath/DefaultClassPath$ImmutableUniqueList$Builder
instanceKlass org/gradle/internal/classloader/ClassLoaderSpec
instanceKlass org/gradle/internal/classloader/ClassLoaderHierarchy
instanceKlass org/gradle/internal/classloader/ClassLoaderVisitor
instanceKlass  @bci org/gradle/api/internal/classpath/DefaultModuleRegistry <clinit> ()V 0 <appendix> argL0 ; # org/gradle/api/internal/classpath/DefaultModuleRegistry$$Lambda+0x000001fb9e0976f0
instanceKlass org/gradle/api/internal/classpath/Module
instanceKlass org/gradle/internal/installation/GradleInstallation$1
instanceKlass org/gradle/internal/installation/GradleInstallation
instanceKlass org/gradle/internal/classloader/ClasspathUtil
instanceKlass org/gradle/internal/installation/CurrentGradleInstallationLocator
instanceKlass org/gradle/internal/buildevents/BuildLoggerFactory
instanceKlass org/gradle/execution/DefaultWorkValidationWarningRecorder
instanceKlass org/gradle/execution/WorkValidationWarningReporter
instanceKlass org/gradle/internal/execution/steps/ValidateStep$ValidationWarningRecorder
instanceKlass javax/inject/Inject
instanceKlass org/gradle/initialization/layout/BuildLayoutFactory
instanceKlass org/gradle/internal/service/scopes/EventScope
instanceKlass org/gradle/internal/scripts/DefaultScriptFileResolverListeners
instanceKlass org/gradle/internal/scripts/ScriptFileResolverListeners
instanceKlass org/gradle/internal/id/UUIDGenerator
instanceKlass org/gradle/internal/remote/internal/IncomingConnector
instanceKlass org/gradle/internal/remote/internal/OutgoingConnector
instanceKlass org/gradle/internal/remote/MessagingServer
instanceKlass org/gradle/internal/remote/MessagingClient
instanceKlass org/gradle/internal/id/IdGenerator
instanceKlass org/gradle/internal/remote/services/MessagingServices
instanceKlass org/gradle/api/internal/file/DefaultFileLookup
# instanceKlass java/lang/invoke/LambdaForm$MH+0x000001fb9e098800
# instanceKlass java/lang/invoke/LambdaForm$MH+0x000001fb9e098400
# instanceKlass java/lang/invoke/LambdaForm$MH+0x000001fb9e098000
instanceKlass org/gradle/internal/service/scopes/Scope$Settings
instanceKlass javax/annotation/meta/TypeQualifierDefault
instanceKlass javax/annotation/Nonnull
instanceKlass org/gradle/api/NonNullApi
instanceKlass org/gradle/internal/service/scopes/Scope$Project
instanceKlass org/gradle/internal/service/scopes/Scope$Gradle
instanceKlass org/gradle/internal/service/scopes/Scope$Build
instanceKlass org/gradle/internal/service/scopes/Scope$BuildTree
instanceKlass org/gradle/internal/service/scopes/Scope$BuildSession
instanceKlass org/gradle/internal/service/scopes/Scope$CrossBuildSession
instanceKlass org/gradle/internal/service/scopes/Scope$UserHome
instanceKlass java/lang/annotation/Documented
instanceKlass org/gradle/internal/service/ServiceScopeValidatorWorkarounds
instanceKlass org/gradle/internal/remote/internal/inet/InetAddressFactory
instanceKlass org/gradle/api/internal/DocumentationRegistry
instanceKlass org/gradle/api/internal/file/FileLookup
instanceKlass org/gradle/internal/state/ManagedFactoryRegistry
instanceKlass org/gradle/api/internal/classpath/DefaultModuleRegistry
instanceKlass org/gradle/internal/installation/CurrentGradleInstallation
instanceKlass org/gradle/api/internal/file/DefaultFilePropertyFactory
instanceKlass org/gradle/api/internal/file/FileFactory
instanceKlass org/gradle/api/internal/provider/PropertyHost
instanceKlass org/gradle/cache/GlobalCache
instanceKlass org/gradle/api/internal/classpath/GlobalCacheRootsProvider
instanceKlass org/gradle/internal/operations/BuildOperationListener
instanceKlass org/gradle/model/internal/manage/schema/extract/ModelSchemaAspectExtractionStrategy
instanceKlass org/gradle/internal/properties/annotations/AbstractAnnotationHandler
instanceKlass org/gradle/internal/properties/annotations/PropertyAnnotationHandler
instanceKlass org/gradle/internal/properties/annotations/AnnotationHandler
instanceKlass org/gradle/internal/instantiation/InjectAnnotationHandler
instanceKlass org/gradle/model/internal/inspect/MethodModelRuleExtractor
instanceKlass sun/reflect/generics/reflectiveObjects/LazyReflectiveObjectGenerator
instanceKlass sun/reflect/generics/tree/TypeVariableSignature
instanceKlass sun/reflect/generics/tree/ClassSignature
instanceKlass sun/reflect/generics/reflectiveObjects/ParameterizedTypeImpl
instanceKlass org/gradle/model/internal/manage/schema/extract/ModelSchemaExtractionStrategy
instanceKlass sun/reflect/generics/tree/MethodTypeSignature
instanceKlass sun/reflect/generics/tree/Signature
instanceKlass sun/reflect/generics/tree/FormalTypeParameter
instanceKlass java/lang/reflect/TypeVariable
instanceKlass sun/reflect/generics/repository/AbstractRepository
instanceKlass org/gradle/internal/service/CachingServiceLocator
instanceKlass org/gradle/model/internal/inspect/ModelRuleSourceDetector
instanceKlass org/gradle/api/internal/cache/StringInterner
instanceKlass com/google/common/collect/Interner
instanceKlass org/gradle/api/internal/classpath/ModuleRegistry
instanceKlass org/gradle/api/internal/model/NamedObjectInstantiator
instanceKlass org/gradle/internal/state/ManagedFactory
instanceKlass org/gradle/api/internal/tasks/TaskDependencyFactory
instanceKlass org/gradle/api/internal/file/FilePropertyFactory
instanceKlass org/gradle/internal/instrumentation/agent/AgentInitializer
instanceKlass org/gradle/model/internal/inspect/ModelRuleExtractor
instanceKlass org/gradle/model/internal/manage/instance/ManagedProxyFactory
instanceKlass org/gradle/internal/scripts/ScriptFileResolvedListener
instanceKlass org/gradle/model/internal/manage/schema/extract/ModelSchemaAspectExtractor
instanceKlass org/gradle/internal/instantiation/InstanceGenerator
instanceKlass org/gradle/api/internal/file/FileResolver
instanceKlass org/gradle/internal/file/RelativeFilePathResolver
instanceKlass org/gradle/internal/operations/CurrentBuildOperationRef
instanceKlass org/gradle/internal/service/DefaultServiceRegistry$RegistrationWrapper
instanceKlass java/lang/Class$AnnotationData
instanceKlass org/gradle/internal/service/scopes/ServiceScope
instanceKlass org/gradle/internal/service/ServiceScopeValidator
instanceKlass org/gradle/internal/service/DefaultServiceRegistry$CompositeServiceProvider
instanceKlass org/gradle/internal/service/DefaultServiceRegistry$ParentServices
instanceKlass org/gradle/cache/internal/Synchronizer
instanceKlass org/gradle/cache/internal/CacheSupport
instanceKlass org/gradle/cache/internal/CacheAccessSerializer
instanceKlass org/gradle/launcher/daemon/registry/DaemonRegistry
instanceKlass org/gradle/cache/Cache
instanceKlass org/gradle/launcher/daemon/registry/DaemonRegistryServices
instanceKlass org/gradle/launcher/daemon/context/DaemonContext
instanceKlass org/gradle/launcher/daemon/server/expiry/DaemonExpirationStrategy
instanceKlass org/gradle/launcher/daemon/server/scaninfo/DaemonScanInfo
instanceKlass org/gradle/launcher/daemon/server/DaemonServerConnector
instanceKlass org/gradle/launcher/daemon/server/DaemonServices
instanceKlass org/gradle/launcher/exec/BuildExecutor
instanceKlass org/gradle/launcher/exec/BuildActionExecutor
instanceKlass org/gradle/internal/buildprocess/BuildProcessScopeServices
instanceKlass  @bci org/gradle/internal/service/scopes/GlobalScopeServices <init> (ZLorg/gradle/internal/instrumentation/agent/AgentStatus;Lorg/gradle/internal/classpath/ClassPath;)V 12 <appendix> member <vmtarget> ; # org/gradle/internal/service/scopes/GlobalScopeServices$$Lambda+0x000001fb9e08a000
instanceKlass org/gradle/internal/environment/GradleBuildEnvironment
instanceKlass org/gradle/cache/internal/InMemoryCacheDecoratorFactory
instanceKlass org/gradle/cache/CacheCleanupStrategyFactory
instanceKlass org/gradle/internal/service/ServiceLocator
instanceKlass org/gradle/internal/execution/history/OverlappingOutputDetector
instanceKlass org/gradle/internal/execution/history/changes/ExecutionStateChangeDetector
instanceKlass org/gradle/initialization/JdkToolsInitializer
instanceKlass org/gradle/process/internal/health/memory/JvmMemoryInfo
instanceKlass org/gradle/api/internal/ClassPathRegistry
instanceKlass org/gradle/internal/instantiation/InstantiatorFactory
instanceKlass org/gradle/internal/instantiation/PropertyRoleAnnotationHandler
instanceKlass org/gradle/configuration/ImportsReader
instanceKlass org/gradle/internal/problems/failure/FailureFactory
instanceKlass org/gradle/api/internal/classpath/PluginModuleRegistry
instanceKlass org/gradle/api/model/ObjectFactory
instanceKlass org/gradle/internal/reflect/Instantiator
instanceKlass org/gradle/initialization/ClassLoaderRegistry
instanceKlass org/gradle/model/internal/manage/schema/ModelSchemaStore
instanceKlass org/gradle/api/tasks/util/internal/PatternSpecFactory
instanceKlass org/gradle/internal/file/excludes/FileSystemDefaultExcludesListener
instanceKlass org/gradle/model/internal/manage/binding/StructBindingsStore
instanceKlass org/gradle/groovy/scripts/internal/ScriptSourceHasher
instanceKlass org/gradle/internal/scripts/ScriptFileResolver
instanceKlass org/gradle/model/internal/manage/schema/extract/ModelSchemaExtractor
instanceKlass org/gradle/process/internal/ExecFactory
instanceKlass org/gradle/api/internal/ProcessOperations
instanceKlass org/gradle/process/internal/JavaForkOptionsFactory
instanceKlass org/gradle/process/internal/JavaExecHandleFactory
instanceKlass org/gradle/process/internal/ExecHandleFactory
instanceKlass org/gradle/process/internal/ExecActionFactory
instanceKlass org/gradle/process/internal/health/memory/OsMemoryInfo
instanceKlass org/gradle/internal/service/scopes/GradleUserHomeScopeServiceRegistry
instanceKlass org/gradle/internal/operations/BuildOperationProgressEventEmitter
instanceKlass org/gradle/api/internal/collections/DomainObjectCollectionFactory
instanceKlass org/gradle/process/internal/health/memory/MemoryManager
instanceKlass org/gradle/internal/operations/BuildOperationIdFactory
instanceKlass org/gradle/internal/logging/progress/ProgressLoggerFactory
instanceKlass org/gradle/internal/logging/progress/ProgressListener
instanceKlass org/gradle/internal/operations/BuildOperationRunner
instanceKlass org/gradle/internal/classloader/ClassLoaderFactory
instanceKlass org/gradle/api/internal/provider/PropertyFactory
instanceKlass org/gradle/initialization/LegacyTypesSupport
instanceKlass org/gradle/internal/hash/StreamHasher
instanceKlass org/gradle/internal/file/Deleter
instanceKlass org/gradle/cache/internal/CacheFactory
instanceKlass org/gradle/internal/operations/BuildOperationListenerManager
instanceKlass org/gradle/cache/internal/CrossBuildInMemoryCacheFactory
instanceKlass org/gradle/cache/internal/ClassCacheFactory
instanceKlass org/gradle/internal/operations/DefaultBuildOperationRunner$BuildOperationExecutionListener
instanceKlass org/gradle/cache/internal/locklistener/FileLockContentionHandler
instanceKlass org/gradle/cache/internal/locklistener/InetAddressProvider
instanceKlass org/gradle/api/internal/file/collections/DirectoryFileTreeFactory
instanceKlass org/gradle/initialization/BuildCancellationToken
instanceKlass org/gradle/api/internal/file/FileCollectionFactory
instanceKlass org/gradle/api/tasks/util/internal/PatternSetFactory
instanceKlass org/gradle/internal/event/ScopedListenerManager
instanceKlass org/gradle/internal/event/ListenerManager
instanceKlass org/gradle/cache/FileLockManager
instanceKlass org/gradle/cache/internal/ProcessMetaDataProvider
instanceKlass org/gradle/process/internal/ClientExecHandleBuilderFactory
instanceKlass org/gradle/internal/file/PathToFileResolver
instanceKlass org/gradle/internal/concurrent/ExecutorFactory
instanceKlass org/gradle/internal/service/scopes/BasicGlobalScopeServices
instanceKlass org/gradle/internal/service/scopes/Scope$Global
instanceKlass org/gradle/internal/service/scopes/Scope
instanceKlass  @bci org/gradle/internal/instrumentation/agent/DefaultAgentStatus <clinit> ()V 3 <appendix> argL0 ; # org/gradle/internal/instrumentation/agent/DefaultAgentStatus$$Lambda+0x000001fb9e0806a0
instanceKlass  @cpi org/gradle/internal/instrumentation/agent/DefaultAgentStatus 60 form vmentry <vmtarget> ; # java/lang/invoke/LambdaForm$DMH+0x000001fb9e084400
# instanceKlass java/lang/invoke/LambdaForm$DMH+0x000001fb9e084000
instanceKlass org/gradle/internal/instrumentation/agent/AgentControl
instanceKlass  @bci org/gradle/internal/lazy/Lazy locking ()Lorg/gradle/internal/lazy/Lazy$Factory; 0 <appendix> argL0 ; # org/gradle/internal/lazy/Lazy$$Lambda+0x000001fb9e080278
instanceKlass org/gradle/internal/lazy/LockingLazy
instanceKlass org/gradle/internal/lazy/Lazy$Factory
instanceKlass org/gradle/internal/lazy/Lazy
instanceKlass org/gradle/internal/instrumentation/agent/DefaultAgentStatus
instanceKlass org/gradle/internal/instrumentation/agent/AgentStatus
instanceKlass org/gradle/api/specs/Spec
instanceKlass org/gradle/internal/classpath/DefaultClassPath
instanceKlass org/gradle/internal/classpath/ClassPath
instanceKlass org/gradle/internal/buildprocess/BuildProcessState
instanceKlass org/gradle/launcher/daemon/server/DaemonProcessState
instanceKlass org/gradle/internal/logging/services/DefaultLoggingManager$StartableLoggingSystem
instanceKlass org/gradle/internal/logging/services/DefaultLoggingManager$StartableLoggingRouter
instanceKlass org/gradle/internal/logging/services/DefaultLoggingManager
instanceKlass jdk/internal/logger/DefaultLoggerFinder$1
instanceKlass java/util/logging/Logger$SystemLoggerHelper$1
instanceKlass java/util/logging/Logger$SystemLoggerHelper
instanceKlass java/util/logging/LogManager$4
instanceKlass jdk/internal/logger/BootstrapLogger$BootstrapExecutors
instanceKlass jdk/internal/logger/BootstrapLogger$RedirectedLoggers
instanceKlass java/util/ServiceLoader$ProviderImpl
instanceKlass java/util/ServiceLoader$Provider
instanceKlass java/util/ServiceLoader$1
instanceKlass java/util/concurrent/CopyOnWriteArrayList$COWIterator
instanceKlass jdk/internal/foreign/MemorySessionImpl
instanceKlass java/lang/foreign/MemorySegment$Scope
instanceKlass java/util/ServiceLoader$3
instanceKlass java/util/ServiceLoader$2
instanceKlass java/util/ServiceLoader$LazyClassPathLookupIterator
instanceKlass java/util/Spliterators$1Adapter
instanceKlass java/util/Spliterators$ArraySpliterator
instanceKlass java/util/ServiceLoader$ModuleServicesLookupIterator
instanceKlass java/util/ServiceLoader
instanceKlass jdk/internal/logger/BootstrapLogger$DetectBackend$1
instanceKlass jdk/internal/logger/BootstrapLogger$DetectBackend
instanceKlass jdk/internal/logger/BootstrapLogger
instanceKlass sun/util/logging/PlatformLogger$ConfigurableBridge
instanceKlass sun/util/logging/PlatformLogger$Bridge
instanceKlass java/lang/System$Logger
instanceKlass java/util/stream/Streams
instanceKlass java/util/stream/Stream$Builder
instanceKlass java/util/stream/Streams$AbstractStreamBuilderImpl
instanceKlass  @bci java/util/logging/Level$KnownLevel findByName (Ljava/lang/String;Ljava/util/function/Function;)Ljava/util/Optional; 29 <appendix> argL0 ; # java/util/logging/Level$KnownLevel$$Lambda+0x800000023
instanceKlass java/util/ArrayList$ArrayListSpliterator
instanceKlass  @bci java/util/logging/Level findLevel (Ljava/lang/String;)Ljava/util/logging/Level; 13 <appendix> argL0 ; # java/util/logging/Level$$Lambda+0x800000011
instanceKlass java/util/Hashtable$Enumerator
instanceKlass java/util/Collections$SynchronizedCollection
instanceKlass java/util/Properties$EntrySet
instanceKlass java/util/Collections$3
instanceKlass java/util/logging/LogManager$LoggerContext$1
instanceKlass java/util/logging/LogManager$VisitedLoggers
instanceKlass  @bci java/beans/Introspector findCustomizerClass (Ljava/lang/Class;)Ljava/lang/Class; 4 <appendix> form vmentry <vmtarget> ; # java/lang/invoke/LambdaForm$MH+0x000001fb9e03c800
instanceKlass java/util/logging/LogManager$2
instanceKlass java/lang/System$LoggerFinder
instanceKlass java/util/logging/LogManager$LoggingProviderAccess
instanceKlass sun/util/logging/internal/LoggingProviderImpl$LogManagerAccess
instanceKlass java/lang/Shutdown$Lock
instanceKlass java/lang/Shutdown
instanceKlass java/lang/ApplicationShutdownHooks$1
instanceKlass java/lang/ApplicationShutdownHooks
instanceKlass java/util/Collections$SynchronizedMap
instanceKlass java/util/logging/LogManager$LogNode
instanceKlass java/util/logging/LogManager$LoggerContext
instanceKlass java/util/logging/LogManager$1
instanceKlass java/util/logging/LogManager
instanceKlass java/util/logging/Logger$ConfigurationData
instanceKlass java/util/logging/Logger$LoggerBundle
instanceKlass java/util/logging/Handler
instanceKlass java/util/logging/Logger
instanceKlass  @bci java/util/logging/Level$KnownLevel add (Ljava/util/logging/Level;)V 49 <appendix> argL0 ; # java/util/logging/Level$KnownLevel$$Lambda+0x800000022
instanceKlass  @bci java/util/logging/Level$KnownLevel add (Ljava/util/logging/Level;)V 19 <appendix> argL0 ; # java/util/logging/Level$KnownLevel$$Lambda+0x800000021
instanceKlass java/util/logging/Level
instanceKlass org/gradle/internal/logging/source/JavaUtilLoggingSystem
instanceKlass org/gradle/internal/logging/slf4j/Slf4jLoggingConfigurer
instanceKlass org/gradle/internal/logging/config/LoggingSystemAdapter
instanceKlass org/gradle/internal/logging/LoggingManagerInternal
instanceKlass org/gradle/internal/logging/StandardOutputCapture
instanceKlass org/gradle/api/logging/LoggingManager
instanceKlass org/gradle/internal/logging/services/DefaultLoggingManagerFactory
instanceKlass org/gradle/internal/logging/source/StdErrLoggingSystem
instanceKlass org/gradle/internal/logging/source/PrintStreamLoggingSystem$SnapshotImpl
instanceKlass org/gradle/internal/logging/source/PrintStreamLoggingSystem$OutputEventDestination
instanceKlass org/gradle/internal/logging/source/PrintStreamLoggingSystem$1
instanceKlass org/gradle/internal/logging/events/operations/StyledTextBuildOperationProgressDetails
instanceKlass org/gradle/internal/operations/logging/StyledTextBuildOperationProgressDetails
instanceKlass org/gradle/internal/io/TextStream
instanceKlass org/gradle/internal/logging/source/PrintStreamLoggingSystem
instanceKlass org/gradle/internal/logging/source/StdOutLoggingSystem
# instanceKlass java/lang/invoke/LambdaForm$MH+0x000001fb9e03c400
# instanceKlass java/lang/invoke/LambdaForm$MH+0x000001fb9e03c000
instanceKlass org/gradle/internal/service/AnnotatedServiceLifecycleHandler
instanceKlass java/lang/reflect/ParameterizedType
instanceKlass java/lang/invoke/VarHandle$AccessDescriptor
instanceKlass org/gradle/internal/logging/services/TextStreamOutputEventListener
instanceKlass org/gradle/internal/logging/sink/OutputEventListenerManager$1
instanceKlass org/gradle/internal/logging/sink/OutputEventListenerManager
instanceKlass org/gradle/internal/logging/services/LoggingServiceRegistry$1
instanceKlass org/gradle/internal/logging/LoggingManagerFactory
instanceKlass org/gradle/internal/logging/config/LoggingConfigurer
instanceKlass org/gradle/internal/logging/config/LoggingSourceSystem
instanceKlass org/gradle/internal/logging/services/LoggingServiceRegistry
instanceKlass org/gradle/launcher/daemon/configuration/DefaultDaemonServerConfiguration
instanceKlass org/gradle/api/internal/file/temp/DefaultTemporaryFileProvider
instanceKlass java/lang/Class$EnclosingMethodInfo
instanceKlass  @cpi org/gradle/internal/watch/registry/impl/AbstractFileWatcherUpdater 407 form vmentry <vmtarget> ; # java/lang/invoke/LambdaForm$DMH+0x000001fb9e036400
instanceKlass net/rubygrapefruit/platform/SystemInfo
instanceKlass net/rubygrapefruit/platform/file/FileSystems
instanceKlass net/rubygrapefruit/platform/memory/Memory
instanceKlass net/rubygrapefruit/platform/WindowsRegistry
instanceKlass org/gradle/internal/jvm/Jvm
instanceKlass org/gradle/internal/jvm/JavaInfo
instanceKlass org/gradle/internal/file/StatStatistics
instanceKlass org/gradle/internal/file/StatStatistics$Collector
instanceKlass org/gradle/internal/nativeintegration/filesystem/services/GenericFileSystem
instanceKlass org/gradle/internal/service/InjectUtil
# instanceKlass java/lang/invoke/LambdaForm$MH+0x000001fb9e036000
# instanceKlass java/lang/invoke/LambdaForm$MH+0x000001fb9e035c00
# instanceKlass java/lang/invoke/LambdaForm$MH+0x000001fb9e035800
instanceKlass  @cpi org/gradle/internal/snapshot/AbstractIncompleteFileSystemNode$2 183 form vmentry <vmtarget> ; # java/lang/invoke/LambdaForm$DMH+0x000001fb9e035400
# instanceKlass java/lang/invoke/LambdaForm$MH+0x000001fb9e035000
# instanceKlass java/lang/invoke/LambdaForm$DMH+0x000001fb9e034c00
# instanceKlass java/lang/invoke/LambdaForm$DMH+0x000001fb9e034800
instanceKlass  @cpi org/gradle/cache/internal/DefaultInMemoryCacheDecoratorFactory 222 form vmentry <vmtarget> ; # java/lang/invoke/LambdaForm$DMH+0x000001fb9e034400
instanceKlass java/lang/invoke/MethodHandleImpl$ArrayAccessor
instanceKlass java/lang/invoke/MethodHandleImpl$LoopClauses
instanceKlass java/lang/invoke/MethodHandleImpl$CasesHolder
# instanceKlass java/lang/invoke/LambdaForm$MH+0x000001fb9e034000
instanceKlass org/gradle/internal/service/DefaultServiceRegistry$1
instanceKlass org/gradle/internal/service/DefaultServiceRegistry$ClassInspector$ClassDetails
instanceKlass org/gradle/util/internal/CollectionUtils
instanceKlass org/gradle/internal/service/DefaultServiceRegistry$SingletonService$1
instanceKlass java/util/concurrent/ConcurrentLinkedQueue$Node
instanceKlass org/gradle/internal/service/PrivateService
instanceKlass org/gradle/internal/reflect/JavaMethod
instanceKlass org/gradle/util/internal/ArrayUtils
instanceKlass com/google/errorprone/annotations/Keep
instanceKlass java/lang/annotation/Target
instanceKlass sun/reflect/annotation/AnnotationInvocationHandler
instanceKlass sun/reflect/annotation/AnnotationParser$1
instanceKlass java/lang/annotation/Inherited
instanceKlass java/lang/annotation/Retention
instanceKlass sun/reflect/annotation/ExceptionProxy
instanceKlass  @bci sun/reflect/annotation/AnnotationParser parseClassArray (ILjava/nio/ByteBuffer;Ljdk/internal/reflect/ConstantPool;Ljava/lang/Class;)Ljava/lang/Object; 10 <appendix> member <vmtarget> ; # sun/reflect/annotation/AnnotationParser$$Lambda+0x000001fb9e05a428
instanceKlass sun/reflect/annotation/AnnotationType$1
instanceKlass sun/reflect/annotation/AnnotationType
instanceKlass java/lang/reflect/GenericArrayType
instanceKlass sun/reflect/generics/visitor/Reifier
instanceKlass sun/reflect/generics/visitor/TypeTreeVisitor
instanceKlass sun/reflect/generics/factory/CoreReflectionFactory
instanceKlass sun/reflect/generics/factory/GenericsFactory
instanceKlass sun/reflect/generics/scope/AbstractScope
instanceKlass sun/reflect/generics/scope/Scope
instanceKlass sun/reflect/generics/tree/ClassTypeSignature
instanceKlass sun/reflect/generics/tree/SimpleClassTypeSignature
instanceKlass sun/reflect/generics/tree/FieldTypeSignature
instanceKlass sun/reflect/generics/tree/BaseType
instanceKlass sun/reflect/generics/tree/TypeSignature
instanceKlass sun/reflect/generics/tree/ReturnType
instanceKlass sun/reflect/generics/tree/TypeArgument
instanceKlass sun/reflect/generics/tree/TypeTree
instanceKlass sun/reflect/generics/tree/Tree
instanceKlass sun/reflect/generics/parser/SignatureParser
instanceKlass org/gradle/internal/service/Provides
instanceKlass org/gradle/internal/service/AbstractServiceMethod
instanceKlass org/gradle/api/internal/file/temp/TemporaryFileProvider
instanceKlass net/rubygrapefruit/platform/file/PosixFiles
instanceKlass net/rubygrapefruit/platform/file/Files
instanceKlass org/gradle/internal/nativeintegration/filesystem/services/GenericFileSystem$Factory
instanceKlass org/gradle/internal/file/FileCanonicalizer
instanceKlass org/gradle/internal/service/TypeStringFormatter
instanceKlass org/gradle/internal/service/RelevantMethods$RelevantMethodsBuilder
instanceKlass org/gradle/internal/Cast
instanceKlass org/gradle/internal/service/ServiceMethod
instanceKlass org/gradle/internal/service/MethodHandleBasedServiceMethodFactory
instanceKlass org/gradle/internal/service/DefaultServiceMethodFactory
instanceKlass org/gradle/internal/service/ServiceMethodFactory
instanceKlass org/gradle/internal/service/RelevantMethods
instanceKlass org/gradle/internal/service/DefaultServiceAccessToken
instanceKlass org/gradle/internal/service/DefaultServiceRegistry$ClassInspector
instanceKlass org/gradle/internal/service/ServiceAccess$1
instanceKlass org/gradle/internal/service/ServiceAccessToken
instanceKlass org/gradle/internal/service/ServiceAccessScope
instanceKlass org/gradle/internal/service/ServiceAccess
instanceKlass org/gradle/internal/service/DefaultServiceRegistry$ThisAsService
instanceKlass org/gradle/internal/concurrent/CompositeStoppable$1
instanceKlass org/gradle/internal/concurrent/CompositeStoppable
instanceKlass org/gradle/internal/service/AnnotatedServiceLifecycleHandler$Registration
instanceKlass org/gradle/internal/service/DefaultServiceRegistry$OwnServices
instanceKlass org/gradle/internal/service/ServiceRegistration
instanceKlass org/gradle/internal/service/ServiceProvider$Visitor
instanceKlass org/gradle/internal/InternalTransformer
instanceKlass org/gradle/internal/service/DefaultServiceRegistry$ManagedObjectServiceProvider
instanceKlass org/gradle/internal/service/Service
instanceKlass org/gradle/internal/service/ServiceProvider
instanceKlass org/gradle/internal/concurrent/Stoppable
instanceKlass org/gradle/internal/nativeintegration/jansi/JansiStorage
instanceKlass org/fusesource/jansi/Ansi
instanceKlass org/gradle/internal/nativeintegration/jansi/JansiLibrary
instanceKlass org/gradle/internal/nativeintegration/jansi/JansiLibraryFactory$1
instanceKlass org/gradle/internal/nativeintegration/services/NativeServices$FileEventFunctionsProvider
instanceKlass org/gradle/internal/nativeintegration/services/NativeServices$NativeFeatures$1$1
instanceKlass org/gradle/fileevents/internal/AbstractFileEventFunctions
instanceKlass  @bci org/gradle/fileevents/internal/NativeLogger$LogLevel <clinit> ()V 119 <appendix> member <vmtarget> ; # org/gradle/fileevents/internal/NativeLogger$LogLevel$$Lambda+0x000001fb9e0294d8
instanceKlass  @bci org/gradle/fileevents/internal/NativeLogger$LogLevel <clinit> ()V 93 <appendix> member <vmtarget> ; # org/gradle/fileevents/internal/NativeLogger$LogLevel$$Lambda+0x000001fb9e0292a0
instanceKlass  @bci org/gradle/fileevents/internal/NativeLogger$LogLevel <clinit> ()V 67 <appendix> member <vmtarget> ; # org/gradle/fileevents/internal/NativeLogger$LogLevel$$Lambda+0x000001fb9e029068
instanceKlass  @bci org/gradle/fileevents/internal/NativeLogger$LogLevel <clinit> ()V 41 <appendix> member <vmtarget> ; # org/gradle/fileevents/internal/NativeLogger$LogLevel$$Lambda+0x000001fb9e028e30
instanceKlass  @bci org/gradle/fileevents/internal/NativeLogger$LogLevel <clinit> ()V 15 <appendix> member <vmtarget> ; # org/gradle/fileevents/internal/NativeLogger$LogLevel$$Lambda+0x000001fb9e028bf8
instanceKlass  @cpi org/gradle/internal/execution/steps/IdentifyStep 194 form vmentry <vmtarget> ; # java/lang/invoke/LambdaForm$DMH+0x000001fb9e02c000
instanceKlass org/gradle/fileevents/internal/NativeLogger
instanceKlass org/gradle/fileevents/FileEvents
instanceKlass org/gradle/internal/os/OperatingSystem
instanceKlass org/gradle/internal/nativeintegration/services/NativeServices$1
instanceKlass org/gradle/internal/nativeintegration/filesystem/FileSystem
instanceKlass org/gradle/internal/file/FileSystem
instanceKlass org/gradle/internal/file/Stat
instanceKlass org/gradle/internal/file/Chmod
instanceKlass org/gradle/internal/file/FileModeMutator
instanceKlass org/gradle/internal/file/FileModeAccessor
instanceKlass org/gradle/internal/nativeintegration/filesystem/Symlink
instanceKlass org/gradle/internal/nativeintegration/filesystem/services/FileSystemServices
instanceKlass org/gradle/internal/service/DefaultServiceRegistry
instanceKlass org/gradle/internal/service/ContainsServices
instanceKlass org/gradle/internal/service/CloseableServiceRegistry
instanceKlass net/rubygrapefruit/platform/internal/jni/NativeLibraryFunctions
instanceKlass jdk/internal/loader/NativeLibraries$Unloader
instanceKlass java/nio/channels/spi/AbstractInterruptibleChannel$1
instanceKlass sun/nio/ch/Interruptible
instanceKlass sun/nio/ch/FileKey
instanceKlass sun/nio/ch/FileLockTable
instanceKlass sun/nio/ch/NativeThread
instanceKlass java/nio/channels/FileLock
instanceKlass sun/nio/ch/NativeThreadSet
instanceKlass sun/nio/ch/IOUtil
instanceKlass sun/nio/ch/NativeDispatcher
instanceKlass java/nio/file/attribute/FileAttribute
instanceKlass java/nio/channels/spi/AbstractInterruptibleChannel
instanceKlass java/nio/channels/InterruptibleChannel
instanceKlass java/nio/channels/ScatteringByteChannel
instanceKlass java/nio/channels/GatheringByteChannel
instanceKlass java/nio/channels/SeekableByteChannel
instanceKlass java/nio/channels/ByteChannel
instanceKlass java/nio/channels/WritableByteChannel
instanceKlass java/nio/channels/ReadableByteChannel
instanceKlass java/nio/channels/Channel
instanceKlass java/util/Formatter$Flags
instanceKlass java/util/Formattable
instanceKlass java/util/Formatter$FormatSpecifier
instanceKlass java/util/Formatter$Conversion
instanceKlass java/util/Formatter$FixedString
instanceKlass java/util/Formatter$FormatString
instanceKlass  @bci java/util/regex/Pattern Single (I)Ljava/util/regex/Pattern$BmpCharPredicate; 1 <appendix> member <vmtarget> ; # java/util/regex/Pattern$$Lambda+0x800000029
instanceKlass java/util/Formatter
instanceKlass net/rubygrapefruit/platform/internal/LibraryDef
instanceKlass java/util/Arrays$ArrayItr
instanceKlass net/rubygrapefruit/platform/internal/NativeLibraryLocator
instanceKlass net/rubygrapefruit/platform/internal/NativeLibraryLoader
instanceKlass net/rubygrapefruit/platform/Process
instanceKlass java/lang/ConditionalSpecialCasing$Entry
instanceKlass java/lang/ConditionalSpecialCasing
instanceKlass net/rubygrapefruit/platform/internal/Platform
instanceKlass net/rubygrapefruit/platform/Native
instanceKlass java/lang/ProcessEnvironment$CheckedEntry
instanceKlass java/lang/ProcessEnvironment$CheckedEntrySet$1
instanceKlass java/lang/ProcessEnvironment$EntryComparator
instanceKlass java/lang/ProcessEnvironment$NameComparator
instanceKlass org/gradle/internal/service/ServiceRegistryBuilder
instanceKlass org/gradle/internal/nativeintegration/jansi/DefaultJansiRuntimeResolver
instanceKlass org/gradle/internal/nativeintegration/jansi/JansiRuntimeResolver
instanceKlass org/gradle/internal/nativeintegration/jansi/JansiLibraryFactory
instanceKlass org/gradle/internal/nativeintegration/jansi/JansiStorageLocator
instanceKlass org/gradle/internal/nativeintegration/jansi/JansiBootPathConfigurer
instanceKlass org/gradle/initialization/GradleUserHomeDirProvider
instanceKlass org/gradle/internal/nativeintegration/ProcessEnvironment
instanceKlass net/rubygrapefruit/platform/ProcessLauncher
instanceKlass net/rubygrapefruit/platform/NativeIntegration
instanceKlass org/gradle/internal/nativeintegration/NativeCapabilities
instanceKlass org/gradle/internal/nativeintegration/network/HostnameLookup
instanceKlass org/gradle/internal/file/FileMetadataAccessor
instanceKlass org/gradle/internal/nativeintegration/console/ConsoleDetector
instanceKlass org/gradle/internal/service/ServiceRegistry
instanceKlass org/gradle/internal/service/ServiceLookup
instanceKlass org/gradle/internal/nativeintegration/services/NativeServices
instanceKlass org/gradle/internal/service/ServiceRegistrationProvider
instanceKlass org/gradle/internal/serialize/AbstractDecoder
instanceKlass org/gradle/internal/serialize/Decoder
instanceKlass org/gradle/launcher/bootstrap/EntryPoint$RecordingExecutionListener
# instanceKlass java/lang/invoke/LambdaForm$MH+0x000001fb9e01cc00
# instanceKlass java/lang/invoke/LambdaForm$MH+0x000001fb9e01c800
# instanceKlass java/lang/invoke/LambdaForm$MH+0x000001fb9e01c400
instanceKlass org/gradle/internal/logging/events/operations/LogEventBuildOperationProgressDetails
instanceKlass org/gradle/internal/operations/logging/LogEventBuildOperationProgressDetails
instanceKlass org/gradle/internal/logging/slf4j/BuildOperationAwareLogger
instanceKlass org/gradle/internal/logging/sink/OutputEventRenderer$2
instanceKlass org/gradle/internal/dispatch/ReflectionDispatch
instanceKlass org/gradle/internal/logging/sink/OutputEventRenderer$1
instanceKlass org/gradle/internal/logging/sink/OutputEventRenderer$LazyListener
# instanceKlass java/lang/invoke/LambdaForm$MH+0x000001fb9e01c000
instanceKlass java/lang/reflect/Proxy$ProxyBuilder$1
instanceKlass jdk/internal/org/objectweb/asm/Edge
instanceKlass  @bci java/lang/reflect/ProxyGenerator addProxyMethod (Ljava/lang/reflect/Method;Ljava/lang/Class;)V 23 <appendix> argL0 ; # java/lang/reflect/ProxyGenerator$$Lambda+0x000001fb9e04fd28
instanceKlass  @bci java/lang/reflect/ProxyGenerator addProxyMethod (Ljava/lang/reflect/ProxyGenerator$ProxyMethod;)V 10 <appendix> argL0 ; # java/lang/reflect/ProxyGenerator$$Lambda+0x000001fb9e04fae8
instanceKlass java/util/StringJoiner
instanceKlass java/lang/reflect/ProxyGenerator$ProxyMethod
instanceKlass  @bci java/lang/reflect/Proxy getLoader (Ljava/lang/Module;)Ljava/lang/ClassLoader; 6 <appendix> member <vmtarget> ; # java/lang/reflect/Proxy$$Lambda+0x000001fb9e04f130
instanceKlass  @bci java/lang/module/ModuleDescriptor$Builder packages (Ljava/util/Set;)Ljava/lang/module/ModuleDescriptor$Builder; 17 <appendix> argL0 ; # java/lang/module/ModuleDescriptor$Builder$$Lambda+0x800000002
instanceKlass jdk/internal/module/Checks
instanceKlass java/lang/module/ModuleDescriptor$Builder
instanceKlass  @bci java/lang/reflect/Proxy$ProxyBuilder getDynamicModule (Ljava/lang/ClassLoader;)Ljava/lang/Module; 4 <appendix> argL0 ; # java/lang/reflect/Proxy$ProxyBuilder$$Lambda+0x000001fb9e04ecf0
instanceKlass java/lang/PublicMethods
instanceKlass java/lang/reflect/Proxy$ProxyBuilder
instanceKlass  @bci java/lang/reflect/Proxy getProxyConstructor (Ljava/lang/Class;Ljava/lang/ClassLoader;[Ljava/lang/Class;)Ljava/lang/reflect/Constructor; 35 <appendix> argL0 ; # java/lang/reflect/Proxy$$Lambda+0x000001fb9e04da20
instanceKlass java/lang/ClassValue$Version
instanceKlass java/lang/ClassValue$Identity
instanceKlass java/lang/ClassValue
instanceKlass java/lang/reflect/Proxy
instanceKlass org/gradle/internal/dispatch/ProxyDispatchAdapter$DispatchingInvocationHandler
instanceKlass java/lang/reflect/InvocationHandler
instanceKlass org/gradle/internal/dispatch/ProxyDispatchAdapter
instanceKlass org/gradle/internal/logging/events/operations/ProgressStartBuildOperationProgressDetails
instanceKlass org/gradle/internal/operations/logging/ProgressStartBuildOperationProgressDetails
instanceKlass org/gradle/internal/logging/sink/OutputEventTransformer
instanceKlass org/gradle/internal/exceptions/NonGradleCauseExceptionsHolder
instanceKlass org/gradle/internal/exceptions/MultiCauseException
instanceKlass org/gradle/internal/exceptions/ResolutionProvider
instanceKlass org/gradle/internal/event/AbstractBroadcastDispatch
instanceKlass org/gradle/internal/event/ListenerBroadcast
instanceKlass org/gradle/internal/dispatch/Dispatch
instanceKlass org/gradle/internal/Factory
instanceKlass org/gradle/internal/logging/console/ColorMap
instanceKlass org/gradle/internal/nativeintegration/console/ConsoleMetaData
instanceKlass org/gradle/internal/logging/text/StyledTextOutput
instanceKlass org/gradle/internal/logging/format/LogHeaderFormatter
instanceKlass org/gradle/api/logging/StandardOutputListener
instanceKlass org/gradle/internal/logging/config/LoggingSystem$Snapshot
instanceKlass org/gradle/internal/logging/events/InteractiveEvent
instanceKlass org/gradle/internal/logging/events/OutputEvent
instanceKlass org/gradle/internal/logging/sink/OutputEventRenderer
instanceKlass org/gradle/internal/logging/config/LoggingRouter
instanceKlass org/gradle/internal/logging/LoggingOutputInternal
instanceKlass org/gradle/api/logging/LoggingOutput
instanceKlass org/gradle/internal/logging/config/LoggingSystem
instanceKlass org/gradle/internal/logging/console/UserInputReceiver$Normalizer
instanceKlass org/gradle/internal/logging/console/DefaultUserInputReceiver
instanceKlass org/gradle/internal/logging/slf4j/OutputEventListenerBackedLoggerContext$NoOpLogger
instanceKlass org/gradle/api/logging/Logger
instanceKlass java/lang/invoke/VarForm
instanceKlass java/lang/invoke/VarHandleGuards
instanceKlass java/lang/invoke/VarHandles
instanceKlass java/util/concurrent/atomic/AtomicReference
instanceKlass org/gradle/internal/time/TimeSource$1
instanceKlass org/gradle/internal/time/TimeSource
instanceKlass org/gradle/internal/time/MonotonicClock
instanceKlass org/gradle/internal/time/CountdownTimer
instanceKlass org/gradle/internal/time/Timer
instanceKlass org/gradle/internal/time/Clock
instanceKlass org/gradle/internal/time/Time
instanceKlass org/gradle/internal/logging/events/OutputEventListener
instanceKlass org/gradle/internal/logging/console/GlobalUserInputReceiver
instanceKlass org/gradle/internal/logging/slf4j/OutputEventListenerBackedLoggerContext
instanceKlass org/slf4j/impl/StaticLoggerBinder
instanceKlass org/slf4j/spi/LoggerFactoryBinder
instanceKlass java/net/URLClassLoader$3$1
instanceKlass java/net/URLClassLoader$3
instanceKlass jdk/internal/loader/URLClassPath$1
instanceKlass java/lang/CompoundEnumeration
instanceKlass jdk/internal/loader/BuiltinClassLoader$1
instanceKlass java/util/Collections$EmptyEnumeration
instanceKlass org/slf4j/helpers/Util
instanceKlass org/slf4j/helpers/NOPLoggerFactory
instanceKlass java/util/concurrent/LinkedBlockingQueue$Node
instanceKlass java/util/concurrent/BlockingQueue
instanceKlass org/slf4j/Logger
instanceKlass org/slf4j/helpers/SubstituteLoggerFactory
instanceKlass org/slf4j/ILoggerFactory
instanceKlass org/slf4j/event/LoggingEvent
instanceKlass org/slf4j/LoggerFactory
instanceKlass org/slf4j/helpers/BasicMarker
instanceKlass org/slf4j/Marker
instanceKlass org/slf4j/helpers/BasicMarkerFactory
instanceKlass org/slf4j/IMarkerFactory
instanceKlass org/slf4j/MarkerFactory
instanceKlass org/gradle/api/logging/Logging
instanceKlass org/gradle/launcher/daemon/configuration/DaemonServerConfiguration
instanceKlass org/gradle/launcher/bootstrap/ExecutionCompleter
instanceKlass org/gradle/api/Action
instanceKlass org/gradle/internal/logging/text/StyledTextOutputFactory
instanceKlass org/gradle/api/logging/configuration/LoggingConfiguration
instanceKlass org/gradle/initialization/BuildClientMetaData
instanceKlass org/gradle/launcher/bootstrap/ExecutionListener
instanceKlass org/gradle/launcher/bootstrap/EntryPoint
instanceKlass java/util/TreeMap$PrivateEntryIterator
instanceKlass java/util/TreeMap$Entry
instanceKlass java/util/NavigableMap
instanceKlass java/util/SortedMap
instanceKlass java/util/NavigableSet
instanceKlass java/util/SortedSet
instanceKlass  @bci java/io/FilePermissionCollection add (Ljava/security/Permission;)V 68 <appendix> argL0 ; # java/io/FilePermissionCollection$$Lambda+0x000001fb9e04ad50
instanceKlass java/security/Security$1
instanceKlass jdk/internal/access/JavaSecurityPropertiesAccess
instanceKlass java/util/concurrent/ConcurrentHashMap$MapEntry
instanceKlass java/io/FileInputStream$1
instanceKlass  @bci java/security/Security <clinit> ()V 9 <appendix> argL0 ; # java/security/Security$$Lambda+0x80000000b
instanceKlass java/security/Security
instanceKlass sun/security/util/SecurityProperties
instanceKlass sun/security/util/FilePermCompat
instanceKlass java/io/FilePermission$1
instanceKlass jdk/internal/access/JavaIOFilePermissionAccess
instanceKlass sun/net/www/MessageHeader
instanceKlass java/net/URLConnection
instanceKlass java/net/URLClassLoader$1
instanceKlass org/gradle/internal/classloader/InstrumentingClassLoader
instanceKlass jdk/internal/jimage/ImageLocation
instanceKlass jdk/internal/jimage/decompressor/Decompressor
instanceKlass jdk/internal/jimage/ImageStringsReader
instanceKlass jdk/internal/jimage/ImageStrings
instanceKlass jdk/internal/jimage/ImageHeader
instanceKlass jdk/internal/jimage/NativeImageBuffer$1
instanceKlass jdk/internal/jimage/NativeImageBuffer
instanceKlass jdk/internal/jimage/BasicImageReader$1
instanceKlass jdk/internal/jimage/BasicImageReader
instanceKlass jdk/internal/jimage/ImageReader
instanceKlass jdk/internal/jimage/ImageReaderFactory$1
instanceKlass java/nio/file/FileSystems$DefaultFileSystemHolder$1
instanceKlass java/nio/file/FileSystems$DefaultFileSystemHolder
instanceKlass java/nio/file/FileSystems
instanceKlass java/nio/file/Paths
instanceKlass jdk/internal/jimage/ImageReaderFactory
instanceKlass jdk/internal/module/SystemModuleFinders$SystemImage
instanceKlass jdk/internal/module/SystemModuleFinders$SystemModuleReader
instanceKlass java/lang/module/ModuleReader
instanceKlass jdk/internal/loader/BuiltinClassLoader$5
instanceKlass jdk/internal/loader/BuiltinClassLoader$2
instanceKlass jdk/internal/module/Resources
instanceKlass java/io/RandomAccessFile$1
instanceKlass org/gradle/api/Action
instanceKlass org/gradle/internal/IoActions
instanceKlass java/util/Properties$LineReader
instanceKlass  @bci java/util/regex/Pattern union (Ljava/util/regex/Pattern$CharPredicate;Ljava/util/regex/Pattern$CharPredicate;Z)Ljava/util/regex/Pattern$CharPredicate; 6 <appendix> member <vmtarget> ; # java/util/regex/Pattern$$Lambda+0x800000032
instanceKlass  @bci java/util/regex/Pattern Range (II)Ljava/util/regex/Pattern$CharPredicate; 23 <appendix> member <vmtarget> ; # java/util/regex/Pattern$$Lambda+0x80000002a
instanceKlass java/util/regex/Pattern$BitClass
instanceKlass java/util/regex/Pattern$TreeInfo
instanceKlass  @bci java/util/regex/Pattern negate (Ljava/util/regex/Pattern$CharPredicate;)Ljava/util/regex/Pattern$CharPredicate; 1 <appendix> member <vmtarget> ; # java/util/regex/Pattern$$Lambda+0x800000031
instanceKlass  @bci java/util/regex/CharPredicates ASCII_WORD ()Ljava/util/regex/Pattern$BmpCharPredicate; 0 <appendix> argL0 ; # java/util/regex/CharPredicates$$Lambda+0x000001fb9e048e30
instanceKlass org/gradle/internal/InternalTransformer
instanceKlass org/gradle/util/internal/GUtil
instanceKlass  @bci org/gradle/api/internal/classpath/DefaultModuleRegistry loadOptionalModule (Ljava/lang/String;)Lorg/gradle/api/internal/classpath/Module; 4 <appendix> member <vmtarget> ; # org/gradle/api/internal/classpath/DefaultModuleRegistry$$Lambda+0x000001fb9e009cb8
instanceKlass  @cpi org/gradle/internal/watch/registry/impl/HierarchicalFileWatcherUpdater 281 form vmentry <vmtarget> ; # java/lang/invoke/LambdaForm$DMH+0x000001fb9e00c000
instanceKlass org/gradle/internal/classpath/TransformedClassPath
instanceKlass java/util/LinkedHashMap$LinkedHashIterator
instanceKlass java/util/Collections$EmptyIterator
instanceKlass java/util/Collections$1
instanceKlass org/gradle/api/internal/classpath/DefaultModuleRegistry$DefaultModule
instanceKlass java/util/regex/IntHashSet
instanceKlass java/util/regex/Matcher
instanceKlass java/util/regex/MatchResult
instanceKlass  @bci java/util/regex/Pattern DOT ()Ljava/util/regex/Pattern$CharPredicate; 0 <appendix> argL0 ; # java/util/regex/Pattern$$Lambda+0x000001fb9e047850
instanceKlass  @bci java/util/regex/CharPredicates ASCII_DIGIT ()Ljava/util/regex/Pattern$BmpCharPredicate; 0 <appendix> argL0 ; # java/util/regex/CharPredicates$$Lambda+0x800000025
instanceKlass java/util/regex/Pattern$BmpCharPredicate
instanceKlass java/util/regex/Pattern$CharPredicate
instanceKlass java/util/regex/CharPredicates
instanceKlass java/util/regex/ASCII
instanceKlass java/util/regex/Pattern$Node
instanceKlass java/util/regex/Pattern
instanceKlass org/gradle/internal/service/CachingServiceLocator
instanceKlass java/io/Reader
instanceKlass java/lang/Readable
instanceKlass org/gradle/internal/service/DefaultServiceLocator
instanceKlass org/gradle/internal/service/ServiceLocator
instanceKlass org/gradle/internal/classloader/DefaultClassLoaderFactory
instanceKlass org/gradle/api/internal/DefaultClassPathProvider
instanceKlass org/gradle/api/internal/ClassPathProvider
instanceKlass org/gradle/api/internal/DefaultClassPathRegistry
instanceKlass org/gradle/api/internal/classpath/ManifestUtil
instanceKlass org/gradle/internal/Cast
instanceKlass java/util/AbstractList$Itr
instanceKlass org/gradle/internal/classpath/DefaultClassPath$ImmutableUniqueList$Builder
instanceKlass org/gradle/internal/classloader/ClassLoaderSpec
instanceKlass org/gradle/internal/classloader/ClassLoaderVisitor
instanceKlass org/gradle/internal/classpath/DefaultClassPath
instanceKlass org/gradle/internal/classpath/ClassPath
instanceKlass org/gradle/internal/installation/GradleInstallation$1
instanceKlass java/io/FileFilter
instanceKlass org/gradle/internal/installation/GradleInstallation
instanceKlass java/net/URI$Parser
instanceKlass org/gradle/internal/classloader/ClasspathUtil
instanceKlass org/gradle/internal/installation/CurrentGradleInstallationLocator
instanceKlass org/gradle/internal/installation/CurrentGradleInstallation
instanceKlass  @bci org/gradle/api/internal/classpath/DefaultModuleRegistry <clinit> ()V 0 <appendix> argL0 ; # org/gradle/api/internal/classpath/DefaultModuleRegistry$$Lambda+0x000001fb9e004b40
instanceKlass  @cpi org/gradle/api/internal/collections/IterationOrderRetainingSetElementSource 211 form vmentry <vmtarget> ; # java/lang/invoke/LambdaForm$DMH+0x000001fb9e006000
instanceKlass org/gradle/api/specs/Spec
instanceKlass org/gradle/api/internal/classpath/Module
instanceKlass org/gradle/api/internal/classpath/DefaultModuleRegistry
instanceKlass org/gradle/api/internal/classpath/GlobalCacheRootsProvider
instanceKlass org/gradle/internal/classloader/ClassLoaderHierarchy
instanceKlass org/gradle/internal/classloader/ClassLoaderFactory
instanceKlass org/gradle/api/internal/ClassPathRegistry
instanceKlass org/gradle/api/internal/classpath/ModuleRegistry
instanceKlass org/gradle/launcher/bootstrap/ProcessBootstrap
instanceKlass jdk/internal/misc/PreviewFeatures
instanceKlass jdk/internal/misc/MainMethodFinder
instanceKlass org/gradle/launcher/daemon/bootstrap/GradleDaemon
instanceKlass sun/security/util/ManifestEntryVerifier
instanceKlass jdk/internal/misc/ThreadTracker
instanceKlass java/util/jar/JarFile$ThreadTrackHolder
instanceKlass sun/launcher/LauncherHelper
instanceKlass  @bci jdk/internal/reflect/DirectConstructorHandleAccessor invokeImpl ([Ljava/lang/Object;)Ljava/lang/Object; 88 <adapter> ; # java/lang/invoke/LambdaForm$MH+0x000001fb9e002800
# instanceKlass java/lang/invoke/LambdaForm$MH+0x000001fb9e002400
# instanceKlass java/lang/invoke/LambdaForm$MH+0x000001fb9e002000
# instanceKlass java/lang/invoke/LambdaForm$MH+0x000001fb9e001c00
# instanceKlass java/lang/invoke/LambdaForm$MH+0x000001fb9e001800
# instanceKlass java/lang/invoke/LambdaForm$MH+0x000001fb9e001400
instanceKlass  @cpi org/gradle/internal/verifier/HttpRedirectVerifierFactory 101 form vmentry <vmtarget> ; # java/lang/invoke/LambdaForm$DMH+0x000001fb9e001000
instanceKlass java/lang/instrument/ClassFileTransformer
instanceKlass org/gradle/instrumentation/agent/Agent
instanceKlass java/security/SecureClassLoader$DebugHolder
instanceKlass java/security/Permission
instanceKlass java/security/Guard
instanceKlass java/security/PermissionCollection
instanceKlass java/security/SecureClassLoader$1
instanceKlass java/util/zip/Checksum$1
instanceKlass java/util/zip/CRC32
instanceKlass java/util/zip/Checksum
instanceKlass sun/nio/ByteBuffered
instanceKlass java/lang/Package$VersionInfo
instanceKlass java/lang/NamedPackage
instanceKlass jdk/internal/loader/Resource
instanceKlass java/util/StringTokenizer
instanceKlass java/util/jar/Attributes$Name
instanceKlass java/util/jar/Attributes
instanceKlass java/util/jar/JarVerifier
instanceKlass sun/security/action/GetIntegerAction
instanceKlass sun/security/util/Debug
instanceKlass sun/security/util/SignatureFileVerifier
instanceKlass java/util/zip/ZipFile$InflaterCleanupAction
instanceKlass java/util/zip/Inflater$InflaterZStreamRef
instanceKlass java/util/zip/Inflater
instanceKlass java/util/zip/ZipEntry
instanceKlass java/util/zip/ZipFile$2
instanceKlass java/nio/Bits$1
instanceKlass jdk/internal/misc/VM$BufferPool
instanceKlass java/nio/Bits
instanceKlass sun/nio/ch/DirectBuffer
instanceKlass jdk/internal/perf/PerfCounter$CoreCounters
instanceKlass jdk/internal/perf/Perf
instanceKlass jdk/internal/perf/Perf$GetPerfAction
instanceKlass jdk/internal/perf/PerfCounter
instanceKlass sun/util/locale/LocaleObjectCache
instanceKlass sun/util/locale/BaseLocale$Key
instanceKlass sun/util/locale/LocaleUtils
instanceKlass sun/util/locale/BaseLocale
instanceKlass java/util/Locale
instanceKlass java/nio/file/attribute/FileTime
instanceKlass java/util/zip/ZipUtils
instanceKlass java/util/zip/ZipFile$Source$End
instanceKlass java/io/RandomAccessFile$2
instanceKlass jdk/internal/access/JavaIORandomAccessFileAccess
instanceKlass java/io/RandomAccessFile
instanceKlass java/io/DataInput
instanceKlass java/io/DataOutput
instanceKlass sun/nio/fs/WindowsNativeDispatcher$CompletionStatus
instanceKlass sun/nio/fs/WindowsNativeDispatcher$AclInformation
instanceKlass sun/nio/fs/WindowsNativeDispatcher$Account
instanceKlass sun/nio/fs/WindowsNativeDispatcher$DiskFreeSpace
instanceKlass sun/nio/fs/WindowsNativeDispatcher$VolumeInformation
instanceKlass sun/nio/fs/WindowsNativeDispatcher$FirstStream
instanceKlass sun/nio/fs/WindowsNativeDispatcher$FirstFile
instanceKlass java/util/Enumeration
instanceKlass java/util/concurrent/ConcurrentHashMap$Traverser
instanceKlass sun/nio/fs/WindowsNativeDispatcher
instanceKlass sun/nio/fs/NativeBuffer$Deallocator
instanceKlass sun/nio/fs/NativeBuffer
instanceKlass java/lang/ThreadLocal$ThreadLocalMap
instanceKlass java/lang/ThreadLocal
instanceKlass sun/nio/fs/NativeBuffers
instanceKlass sun/nio/fs/WindowsFileAttributes
instanceKlass java/nio/file/attribute/DosFileAttributes
instanceKlass sun/nio/fs/AbstractBasicFileAttributeView
instanceKlass sun/nio/fs/DynamicFileAttributeView
instanceKlass sun/nio/fs/WindowsFileAttributeViews
instanceKlass sun/nio/fs/Util
instanceKlass java/nio/file/attribute/BasicFileAttributeView
instanceKlass java/nio/file/attribute/FileAttributeView
instanceKlass java/nio/file/attribute/AttributeView
instanceKlass java/nio/file/Files
instanceKlass java/nio/file/CopyOption
instanceKlass java/nio/file/attribute/BasicFileAttributes
instanceKlass sun/nio/fs/WindowsPath
instanceKlass java/util/concurrent/ForkJoinPool$ManagedBlocker
instanceKlass java/util/zip/ZipFile$Source$Key
instanceKlass java/util/concurrent/locks/AbstractQueuedSynchronizer$Node
instanceKlass sun/nio/fs/WindowsPathParser$Result
instanceKlass sun/nio/fs/WindowsPathParser
instanceKlass java/nio/file/FileSystem
instanceKlass java/nio/file/OpenOption
instanceKlass java/nio/file/spi/FileSystemProvider
instanceKlass sun/nio/fs/DefaultFileSystemProvider
instanceKlass java/util/zip/ZipFile$Source
instanceKlass java/lang/ref/Cleaner$Cleanable
instanceKlass jdk/internal/ref/CleanerImpl
instanceKlass java/lang/ref/Cleaner$1
instanceKlass java/lang/ref/Cleaner
instanceKlass jdk/internal/ref/CleanerFactory$1
instanceKlass java/util/concurrent/ThreadFactory
instanceKlass jdk/internal/ref/CleanerFactory
instanceKlass java/util/zip/ZipCoder
instanceKlass java/util/zip/ZipFile$CleanableResource
instanceKlass java/lang/Runtime$Version
instanceKlass java/util/jar/JavaUtilJarAccessImpl
instanceKlass jdk/internal/access/JavaUtilJarAccess
instanceKlass jdk/internal/loader/FileURLMapper
instanceKlass jdk/internal/loader/URLClassPath$JarLoader$1
instanceKlass java/util/zip/ZipFile$1
instanceKlass jdk/internal/access/JavaUtilZipFileAccess
instanceKlass java/util/zip/ZipFile
instanceKlass java/util/zip/ZipConstants
instanceKlass jdk/internal/loader/URLClassPath$Loader
instanceKlass jdk/internal/loader/URLClassPath$3
instanceKlass java/security/PrivilegedExceptionAction
instanceKlass sun/net/util/URLUtil
instanceKlass sun/instrument/TransformerManager$TransformerInfo
instanceKlass sun/instrument/TransformerManager
instanceKlass jdk/internal/loader/NativeLibraries$3
instanceKlass jdk/internal/loader/NativeLibrary
instanceKlass java/util/ArrayDeque$DeqIterator
instanceKlass jdk/internal/loader/NativeLibraries$NativeLibraryContext$1
instanceKlass jdk/internal/loader/NativeLibraries$NativeLibraryContext
instanceKlass jdk/internal/loader/NativeLibraries$2
instanceKlass jdk/internal/loader/NativeLibraries$1
instanceKlass jdk/internal/loader/NativeLibraries$LibraryPaths
instanceKlass  @bci sun/instrument/InstrumentationImpl <clinit> ()V 16 <appendix> argL0 ; # sun/instrument/InstrumentationImpl$$Lambda+0x000001fb9e042968
instanceKlass sun/instrument/InstrumentationImpl
instanceKlass java/lang/instrument/Instrumentation
instanceKlass java/lang/invoke/StringConcatFactory
instanceKlass jdk/internal/module/ModuleBootstrap$SafeModuleFinder
instanceKlass  @bci java/lang/WeakPairMap computeIfAbsent (Ljava/lang/Object;Ljava/lang/Object;Ljava/util/function/BiFunction;)Ljava/lang/Object; 18 <appendix> member <vmtarget> ; # java/lang/WeakPairMap$$Lambda+0x000001fb9e0421f0
instanceKlass  @bci java/lang/Module implAddExportsOrOpens (Ljava/lang/String;Ljava/lang/Module;ZZ)V 145 <appendix> argL0 ; # java/lang/Module$$Lambda+0x000001fb9e041898
instanceKlass  @bci jdk/internal/module/ModuleBootstrap decode (Ljava/lang/String;Ljava/lang/String;Z)Ljava/util/Map; 193 <appendix> argL0 ; # jdk/internal/module/ModuleBootstrap$$Lambda+0x000001fb9e041658
instanceKlass java/lang/ModuleLayer$Controller
instanceKlass java/util/concurrent/CopyOnWriteArrayList
instanceKlass jdk/internal/module/ServicesCatalog$ServiceProvider
instanceKlass jdk/internal/loader/AbstractClassLoaderValue$Memoizer
instanceKlass jdk/internal/module/ModuleLoaderMap$Modules
instanceKlass jdk/internal/module/ModuleLoaderMap$Mapper
instanceKlass jdk/internal/module/ModuleLoaderMap
instanceKlass java/lang/module/ResolvedModule
instanceKlass java/util/Collections$UnmodifiableCollection$1
instanceKlass java/util/SequencedMap
instanceKlass java/util/SequencedSet
instanceKlass java/lang/ModuleLayer
instanceKlass java/util/ImmutableCollections$ListItr
instanceKlass java/util/ListIterator
instanceKlass java/lang/module/ModuleFinder$1
instanceKlass java/nio/file/Path
instanceKlass java/nio/file/Watchable
instanceKlass java/lang/module/Resolver
instanceKlass java/lang/module/Configuration
instanceKlass  @bci java/util/stream/FindOps$FindSink$OfRef <clinit> ()V 43 <appendix> argL0 ; # java/util/stream/FindOps$FindSink$OfRef$$Lambda+0x800000048
instanceKlass  @bci java/util/stream/FindOps$FindSink$OfRef <clinit> ()V 38 <appendix> argL0 ; # java/util/stream/FindOps$FindSink$OfRef$$Lambda+0x80000004a
instanceKlass  @bci java/util/stream/FindOps$FindSink$OfRef <clinit> ()V 16 <appendix> argL0 ; # java/util/stream/FindOps$FindSink$OfRef$$Lambda+0x800000049
instanceKlass  @bci java/util/stream/FindOps$FindSink$OfRef <clinit> ()V 11 <appendix> argL0 ; # java/util/stream/FindOps$FindSink$OfRef$$Lambda+0x80000004b
instanceKlass java/util/stream/FindOps$FindOp
instanceKlass java/util/stream/FindOps$FindSink
instanceKlass java/util/stream/FindOps
instanceKlass  @bci jdk/internal/module/DefaultRoots exportsAPI (Ljava/lang/module/ModuleDescriptor;)Z 9 <appendix> argL0 ; # jdk/internal/module/DefaultRoots$$Lambda+0x800000051
instanceKlass java/util/stream/Sink$ChainedReference
instanceKlass java/util/stream/ReduceOps$AccumulatingSink
instanceKlass java/util/stream/TerminalSink
instanceKlass java/util/stream/Sink
instanceKlass java/util/function/Consumer
instanceKlass java/util/stream/ReduceOps$Box
instanceKlass java/util/stream/ReduceOps$ReduceOp
instanceKlass java/util/stream/TerminalOp
instanceKlass java/util/stream/ReduceOps
instanceKlass  @bci java/util/stream/Collectors castingIdentity ()Ljava/util/function/Function; 0 <appendix> argL0 ; # java/util/stream/Collectors$$Lambda+0x800000042
instanceKlass  @bci java/util/stream/Collectors toSet ()Ljava/util/stream/Collector; 14 <appendix> argL0 ; # java/util/stream/Collectors$$Lambda+0x800000040
instanceKlass java/util/function/BinaryOperator
instanceKlass  @bci java/util/stream/Collectors toSet ()Ljava/util/stream/Collector; 9 <appendix> argL0 ; # java/util/stream/Collectors$$Lambda+0x800000039
instanceKlass java/util/function/BiConsumer
instanceKlass  @bci java/util/stream/Collectors toSet ()Ljava/util/stream/Collector; 4 <appendix> argL0 ; # java/util/stream/Collectors$$Lambda+0x800000045
instanceKlass java/util/stream/Collector
instanceKlass java/util/Collections$UnmodifiableCollection
instanceKlass java/util/stream/Collectors
instanceKlass  @bci jdk/internal/module/DefaultRoots compute (Ljava/lang/module/ModuleFinder;Ljava/lang/module/ModuleFinder;)Ljava/util/Set; 42 <appendix> argL0 ; # jdk/internal/module/DefaultRoots$$Lambda+0x80000004e
instanceKlass  @bci jdk/internal/module/DefaultRoots compute (Ljava/lang/module/ModuleFinder;Ljava/lang/module/ModuleFinder;)Ljava/util/Set; 32 <appendix> member <vmtarget> ; # jdk/internal/module/DefaultRoots$$Lambda+0x800000052
instanceKlass  @bci jdk/internal/module/DefaultRoots compute (Ljava/lang/module/ModuleFinder;Ljava/lang/module/ModuleFinder;)Ljava/util/Set; 21 <appendix> argL0 ; # jdk/internal/module/DefaultRoots$$Lambda+0x80000004f
instanceKlass  @bci com/google/common/base/Suppliers$NonSerializableMemoizingSupplier <clinit> ()V 0 <appendix> form vmentry <vmtarget> ; # java/lang/invoke/LambdaForm$MH+0x000001fb9e000800
instanceKlass  @bci jdk/internal/module/DefaultRoots compute (Ljava/lang/module/ModuleFinder;Ljava/lang/module/ModuleFinder;)Ljava/util/Set; 11 <appendix> argL0 ; # jdk/internal/module/DefaultRoots$$Lambda+0x800000050
instanceKlass java/lang/invoke/LambdaProxyClassArchive
instanceKlass java/lang/invoke/InfoFromMemberName
instanceKlass java/lang/invoke/MethodHandleInfo
instanceKlass jdk/internal/org/objectweb/asm/ConstantDynamic
instanceKlass jdk/internal/org/objectweb/asm/Handle
instanceKlass sun/security/action/GetBooleanAction
instanceKlass java/lang/invoke/AbstractValidatingLambdaMetafactory
instanceKlass java/lang/invoke/BootstrapMethodInvoker
instanceKlass java/util/function/Predicate
instanceKlass java/lang/WeakPairMap$Pair$Lookup
instanceKlass java/lang/WeakPairMap$Pair
instanceKlass java/lang/WeakPairMap
instanceKlass java/lang/Module$ReflectionData
instanceKlass java/lang/invoke/LambdaMetafactory
# instanceKlass java/lang/invoke/LambdaForm$MH+0x000001fb9e000400
instanceKlass java/lang/invoke/MethodHandles$Lookup$ClassDefiner
instanceKlass java/lang/invoke/MethodHandles$Lookup$ClassFile
instanceKlass jdk/internal/org/objectweb/asm/Handler
instanceKlass jdk/internal/org/objectweb/asm/Attribute
instanceKlass jdk/internal/org/objectweb/asm/FieldVisitor
instanceKlass java/util/ArrayList$Itr
instanceKlass sun/invoke/empty/Empty
instanceKlass sun/invoke/util/VerifyType
instanceKlass java/lang/invoke/InvokerBytecodeGenerator$ClassData
instanceKlass jdk/internal/org/objectweb/asm/AnnotationVisitor
instanceKlass jdk/internal/org/objectweb/asm/Frame
instanceKlass jdk/internal/org/objectweb/asm/Label
instanceKlass jdk/internal/org/objectweb/asm/Type
instanceKlass jdk/internal/org/objectweb/asm/MethodVisitor
instanceKlass sun/invoke/util/BytecodeDescriptor
instanceKlass jdk/internal/org/objectweb/asm/ByteVector
instanceKlass jdk/internal/org/objectweb/asm/Symbol
instanceKlass jdk/internal/org/objectweb/asm/SymbolTable
instanceKlass jdk/internal/org/objectweb/asm/ClassVisitor
instanceKlass java/lang/invoke/LambdaFormBuffer
instanceKlass java/lang/invoke/LambdaFormEditor$TransformKey
instanceKlass java/lang/invoke/LambdaFormEditor
instanceKlass java/lang/invoke/Invokers$Holder
instanceKlass java/lang/invoke/DelegatingMethodHandle$Holder
instanceKlass java/lang/invoke/DirectMethodHandle$2
instanceKlass java/lang/invoke/ClassSpecializer$Factory
instanceKlass java/lang/invoke/ClassSpecializer$SpeciesData
instanceKlass java/lang/invoke/ClassSpecializer$1
instanceKlass java/lang/invoke/ClassSpecializer
instanceKlass java/lang/invoke/InvokerBytecodeGenerator$1
instanceKlass java/lang/invoke/InvokerBytecodeGenerator
instanceKlass java/lang/invoke/LambdaForm$Holder
instanceKlass java/lang/invoke/LambdaForm$Name
instanceKlass java/lang/reflect/Array
instanceKlass java/lang/invoke/Invokers
instanceKlass sun/invoke/util/ValueConversions
instanceKlass java/lang/invoke/DirectMethodHandle$Holder
instanceKlass java/lang/Void
instanceKlass sun/invoke/util/Wrapper$Format
instanceKlass java/lang/invoke/MethodHandleImpl$1
instanceKlass jdk/internal/access/JavaLangInvokeAccess
instanceKlass java/lang/invoke/LambdaForm$NamedFunction
instanceKlass java/lang/invoke/MethodHandleImpl
instanceKlass jdk/internal/reflect/MethodHandleAccessorFactory$LazyStaticHolder
instanceKlass java/lang/invoke/MethodTypeForm
instanceKlass jdk/internal/util/StrongReferenceKey
instanceKlass jdk/internal/util/ReferenceKey
instanceKlass jdk/internal/util/ReferencedKeyMap
instanceKlass java/lang/invoke/MethodType$1
instanceKlass sun/reflect/annotation/AnnotationParser
instanceKlass java/lang/Class$3
instanceKlass java/lang/PublicMethods$Key
instanceKlass java/lang/PublicMethods$MethodList
instanceKlass java/util/EnumMap$1
instanceKlass java/util/stream/StreamOpFlag$MaskBuilder
instanceKlass java/util/stream/Stream
instanceKlass java/util/stream/BaseStream
instanceKlass java/util/stream/PipelineHelper
instanceKlass java/util/stream/StreamSupport
instanceKlass java/util/Spliterators$IteratorSpliterator
instanceKlass java/util/Spliterator$OfDouble
instanceKlass java/util/Spliterator$OfLong
instanceKlass java/util/Spliterator$OfInt
instanceKlass java/util/Spliterator$OfPrimitive
instanceKlass java/util/Spliterator
instanceKlass java/util/Spliterators$EmptySpliterator
instanceKlass java/util/Spliterators
instanceKlass jdk/internal/module/DefaultRoots
instanceKlass jdk/internal/loader/BuiltinClassLoader$LoadedModule
instanceKlass jdk/internal/loader/AbstractClassLoaderValue
instanceKlass jdk/internal/module/ServicesCatalog
instanceKlass java/util/Deque
instanceKlass java/util/Queue
instanceKlass sun/net/util/IPAddressUtil$MASKS
instanceKlass sun/net/util/IPAddressUtil
instanceKlass java/net/URLStreamHandler
instanceKlass sun/net/www/ParseUtil
instanceKlass java/net/URL$3
instanceKlass jdk/internal/access/JavaNetURLAccess
instanceKlass java/net/URL$DefaultFactory
instanceKlass java/net/URLStreamHandlerFactory
instanceKlass jdk/internal/loader/URLClassPath
instanceKlass java/security/Principal
instanceKlass java/security/ProtectionDomain$Key
instanceKlass java/security/ProtectionDomain$JavaSecurityAccessImpl
instanceKlass jdk/internal/access/JavaSecurityAccess
instanceKlass java/lang/ClassLoader$ParallelLoaders
instanceKlass java/security/cert/Certificate
instanceKlass jdk/internal/loader/ArchivedClassLoaders
instanceKlass java/util/concurrent/ConcurrentHashMap$CollectionView
instanceKlass jdk/internal/loader/ClassLoaderHelper
instanceKlass jdk/internal/loader/NativeLibraries
instanceKlass java/lang/Module$EnableNativeAccess
instanceKlass jdk/internal/loader/BootLoader
instanceKlass java/util/Optional
instanceKlass jdk/internal/module/SystemModuleFinders$SystemModuleFinder
instanceKlass java/lang/module/ModuleFinder
instanceKlass jdk/internal/module/SystemModuleFinders$3
instanceKlass jdk/internal/module/ModuleHashes$HashSupplier
instanceKlass jdk/internal/module/SystemModuleFinders$2
instanceKlass java/util/function/Supplier
instanceKlass java/lang/module/ModuleReference
instanceKlass jdk/internal/module/ModuleResolution
instanceKlass java/util/Collections$UnmodifiableMap
instanceKlass jdk/internal/module/ModuleHashes$Builder
instanceKlass jdk/internal/module/ModuleHashes
instanceKlass jdk/internal/module/ModuleTarget
instanceKlass java/util/ImmutableCollections$Set12$1
instanceKlass java/lang/reflect/AccessFlag$18
instanceKlass java/lang/reflect/AccessFlag$17
instanceKlass java/lang/reflect/AccessFlag$16
instanceKlass java/lang/reflect/AccessFlag$15
instanceKlass java/lang/reflect/AccessFlag$14
instanceKlass java/lang/reflect/AccessFlag$13
instanceKlass java/lang/reflect/AccessFlag$12
instanceKlass java/lang/reflect/AccessFlag$11
instanceKlass java/lang/reflect/AccessFlag$10
instanceKlass java/lang/reflect/AccessFlag$9
instanceKlass java/lang/reflect/AccessFlag$8
instanceKlass java/lang/reflect/AccessFlag$7
instanceKlass java/lang/reflect/AccessFlag$6
instanceKlass java/lang/reflect/AccessFlag$5
instanceKlass java/lang/reflect/AccessFlag$4
instanceKlass java/lang/reflect/AccessFlag$3
instanceKlass java/lang/reflect/AccessFlag$2
instanceKlass java/lang/reflect/AccessFlag$1
instanceKlass java/lang/module/ModuleDescriptor$Version
instanceKlass java/lang/module/ModuleDescriptor$Provides
instanceKlass java/lang/module/ModuleDescriptor$Opens
instanceKlass java/util/ImmutableCollections$SetN$SetNIterator
instanceKlass java/lang/module/ModuleDescriptor$Exports
instanceKlass java/lang/module/ModuleDescriptor$Requires
instanceKlass jdk/internal/module/Builder
instanceKlass jdk/internal/module/SystemModules$all
instanceKlass jdk/internal/module/SystemModules
instanceKlass jdk/internal/module/SystemModulesMap
instanceKlass java/net/URI$1
instanceKlass jdk/internal/access/JavaNetUriAccess
instanceKlass java/net/URI
instanceKlass jdk/internal/module/SystemModuleFinders
instanceKlass jdk/internal/module/ArchivedModuleGraph
instanceKlass jdk/internal/module/ArchivedBootLayer
instanceKlass jdk/internal/module/ModuleBootstrap$Counters
instanceKlass jdk/internal/module/ModulePatcher
instanceKlass java/io/FileSystem
instanceKlass java/io/DefaultFileSystem
instanceKlass java/io/File
instanceKlass java/lang/module/ModuleDescriptor$1
instanceKlass jdk/internal/access/JavaLangModuleAccess
instanceKlass sun/invoke/util/VerifyAccess
instanceKlass java/util/KeyValueHolder
instanceKlass java/util/ImmutableCollections$MapN$MapNIterator
instanceKlass java/lang/StrictMath
instanceKlass java/lang/invoke/MethodHandles$Lookup
instanceKlass java/lang/invoke/MemberName$Factory
instanceKlass java/lang/invoke/MethodHandles
instanceKlass java/lang/module/ModuleDescriptor
instanceKlass jdk/internal/module/ModuleBootstrap
instanceKlass java/lang/Character$CharacterCache
instanceKlass java/util/HexFormat
instanceKlass jdk/internal/util/ClassFileDumper
instanceKlass sun/security/action/GetPropertyAction
instanceKlass java/lang/invoke/MethodHandleStatics
instanceKlass jdk/internal/misc/Blocker
instanceKlass java/util/concurrent/locks/AbstractQueuedSynchronizer$ConditionObject
instanceKlass java/util/concurrent/locks/Condition
instanceKlass java/util/Collections
instanceKlass java/lang/Thread$ThreadIdentifiers
instanceKlass sun/io/Win32ErrorMode
instanceKlass jdk/internal/misc/OSEnvironment
instanceKlass java/lang/Integer$IntegerCache
instanceKlass jdk/internal/misc/Signal$NativeHandler
instanceKlass java/util/Hashtable$Entry
instanceKlass jdk/internal/misc/Signal
instanceKlass java/lang/Terminator$1
instanceKlass jdk/internal/misc/Signal$Handler
instanceKlass java/lang/Terminator
instanceKlass java/nio/ByteOrder
instanceKlass java/nio/Buffer$2
instanceKlass jdk/internal/access/JavaNioAccess
instanceKlass java/nio/Buffer$1
instanceKlass jdk/internal/misc/ScopedMemoryAccess
instanceKlass sun/nio/cs/ArrayEncoder
instanceKlass java/nio/charset/CharsetEncoder
instanceKlass java/io/Writer
instanceKlass java/io/PrintStream$1
instanceKlass jdk/internal/access/JavaIOPrintStreamAccess
instanceKlass jdk/internal/misc/InternalLock
instanceKlass java/io/OutputStream
instanceKlass java/io/Flushable
instanceKlass java/io/FileDescriptor$1
instanceKlass jdk/internal/access/JavaIOFileDescriptorAccess
instanceKlass java/io/FileDescriptor
instanceKlass jdk/internal/util/StaticProperty
instanceKlass java/util/HashMap$HashIterator
instanceKlass java/util/concurrent/locks/LockSupport
instanceKlass java/util/concurrent/ConcurrentHashMap$Node
instanceKlass java/util/concurrent/ConcurrentHashMap$CounterCell
instanceKlass java/util/concurrent/locks/ReentrantLock
instanceKlass java/util/concurrent/locks/Lock
instanceKlass java/lang/CharacterData
instanceKlass java/lang/Runtime
instanceKlass java/lang/VersionProps
instanceKlass java/lang/StringConcatHelper
instanceKlass java/util/HashMap$Node
instanceKlass java/util/Map$Entry
instanceKlass java/lang/StringCoding
instanceKlass java/nio/charset/CodingErrorAction
instanceKlass sun/nio/cs/SingleByte
instanceKlass java/lang/StringUTF16
instanceKlass sun/nio/cs/MS1254$Holder
instanceKlass sun/nio/cs/ArrayDecoder
instanceKlass java/nio/charset/CharsetDecoder
instanceKlass jdk/internal/reflect/MethodHandleAccessorFactory
instanceKlass java/lang/reflect/Modifier
instanceKlass java/lang/Class$1
instanceKlass java/lang/Class$Atomic
instanceKlass java/lang/Class$ReflectionData
instanceKlass java/nio/charset/StandardCharsets
instanceKlass sun/nio/cs/HistoricallyNamedCharset
instanceKlass jdk/internal/util/ArraysSupport
instanceKlass java/util/Arrays
instanceKlass jdk/internal/util/Preconditions$3
instanceKlass jdk/internal/util/Preconditions$2
instanceKlass jdk/internal/util/Preconditions$4
instanceKlass java/util/function/BiFunction
instanceKlass jdk/internal/util/Preconditions$1
instanceKlass java/util/function/Function
instanceKlass jdk/internal/util/Preconditions
instanceKlass java/nio/charset/spi/CharsetProvider
instanceKlass java/nio/charset/Charset
instanceKlass jdk/internal/util/SystemProps$Raw
instanceKlass jdk/internal/util/SystemProps
instanceKlass java/lang/System$2
instanceKlass jdk/internal/access/JavaLangAccess
instanceKlass java/lang/ref/NativeReferenceQueue$Lock
instanceKlass java/lang/ref/ReferenceQueue
instanceKlass java/lang/ref/Reference$1
instanceKlass jdk/internal/access/JavaLangRefAccess
instanceKlass jdk/internal/reflect/ReflectionFactory
instanceKlass java/lang/Math
instanceKlass java/lang/StringLatin1
instanceKlass jdk/internal/reflect/Reflection
instanceKlass jdk/internal/reflect/ReflectionFactory$GetReflectionFactoryAction
instanceKlass java/security/PrivilegedAction
instanceKlass jdk/internal/access/SharedSecrets
instanceKlass java/lang/reflect/ReflectAccess
instanceKlass jdk/internal/access/JavaLangReflectAccess
instanceKlass java/util/ImmutableCollections
instanceKlass java/util/Objects
instanceKlass java/util/Set
instanceKlass jdk/internal/misc/CDS
instanceKlass java/lang/Module$ArchivedData
instanceKlass jdk/internal/misc/VM
instanceKlass java/lang/String$CaseInsensitiveComparator
instanceKlass java/util/Comparator
instanceKlass java/io/ObjectStreamField
instanceKlass jdk/internal/vm/FillerObject
instanceKlass jdk/internal/vm/vector/VectorSupport$VectorPayload
instanceKlass jdk/internal/vm/vector/VectorSupport
instanceKlass java/lang/reflect/RecordComponent
instanceKlass java/util/Iterator
instanceKlass java/lang/Number
instanceKlass java/lang/Character
instanceKlass java/lang/Boolean
instanceKlass java/util/concurrent/locks/AbstractOwnableSynchronizer
instanceKlass java/lang/LiveStackFrame
instanceKlass java/lang/StackFrameInfo
instanceKlass java/lang/StackWalker$StackFrame
instanceKlass java/lang/StackStreamFactory$AbstractStackWalker
instanceKlass java/lang/StackWalker
instanceKlass java/nio/Buffer
instanceKlass java/lang/StackTraceElement
instanceKlass java/util/RandomAccess
instanceKlass java/util/List
instanceKlass java/util/SequencedCollection
instanceKlass java/util/AbstractCollection
instanceKlass java/util/Collection
instanceKlass java/lang/Iterable
instanceKlass java/util/concurrent/ConcurrentMap
instanceKlass java/util/AbstractMap
instanceKlass java/security/CodeSource
instanceKlass jdk/internal/loader/ClassLoaders
instanceKlass java/util/jar/Manifest
instanceKlass java/lang/Enum
instanceKlass java/net/URL
instanceKlass java/io/InputStream
instanceKlass java/io/Closeable
instanceKlass java/lang/AutoCloseable
instanceKlass jdk/internal/module/Modules
instanceKlass jdk/internal/misc/Unsafe
instanceKlass jdk/internal/misc/UnsafeConstants
instanceKlass java/lang/AbstractStringBuilder
instanceKlass java/lang/Appendable
instanceKlass java/lang/AssertionStatusDirectives
instanceKlass jdk/internal/foreign/abi/ABIDescriptor
instanceKlass jdk/internal/foreign/abi/NativeEntryPoint
instanceKlass java/lang/invoke/CallSite
instanceKlass java/lang/invoke/MethodType
instanceKlass java/lang/invoke/TypeDescriptor$OfMethod
instanceKlass java/lang/invoke/LambdaForm
instanceKlass java/lang/invoke/MethodHandleNatives
instanceKlass java/lang/invoke/ResolvedMethodName
instanceKlass java/lang/invoke/MemberName
instanceKlass java/lang/invoke/VarHandle
instanceKlass java/lang/invoke/MethodHandle
instanceKlass jdk/internal/reflect/CallerSensitive
instanceKlass java/lang/annotation/Annotation
instanceKlass jdk/internal/reflect/FieldAccessor
instanceKlass jdk/internal/reflect/ConstantPool
instanceKlass jdk/internal/reflect/ConstructorAccessor
instanceKlass jdk/internal/reflect/MethodAccessor
instanceKlass jdk/internal/reflect/MagicAccessorImpl
instanceKlass jdk/internal/vm/StackChunk
instanceKlass jdk/internal/vm/Continuation
instanceKlass jdk/internal/vm/ContinuationScope
instanceKlass java/lang/reflect/Parameter
instanceKlass java/lang/reflect/Member
instanceKlass java/lang/reflect/AccessibleObject
instanceKlass java/lang/Module
instanceKlass java/util/Map
instanceKlass java/util/Dictionary
instanceKlass java/lang/ThreadGroup
instanceKlass java/lang/Thread$UncaughtExceptionHandler
instanceKlass java/lang/Thread$Constants
instanceKlass java/lang/Thread$FieldHolder
instanceKlass java/lang/Thread
instanceKlass java/lang/Runnable
instanceKlass java/lang/ref/Reference
instanceKlass java/lang/Record
instanceKlass java/security/AccessController
instanceKlass java/security/AccessControlContext
instanceKlass java/security/ProtectionDomain
instanceKlass java/lang/SecurityManager
instanceKlass java/lang/Throwable
instanceKlass java/lang/System
instanceKlass java/lang/ClassLoader
instanceKlass java/lang/Cloneable
instanceKlass java/lang/Class
instanceKlass java/lang/invoke/TypeDescriptor$OfField
instanceKlass java/lang/invoke/TypeDescriptor
instanceKlass java/lang/reflect/Type
instanceKlass java/lang/reflect/GenericDeclaration
instanceKlass java/lang/reflect/AnnotatedElement
instanceKlass java/lang/String
instanceKlass java/lang/constant/ConstantDesc
instanceKlass java/lang/constant/Constable
instanceKlass java/lang/CharSequence
instanceKlass java/lang/Comparable
instanceKlass java/io/Serializable
ciInstanceKlass java/lang/Object 1 1 124 7 1 10 12 1 1 10 7 12 1 1 1 10 7 12 1 1 1 10 12 1 1 8 1 10 12 1 1 10 7 12 1 1 1 10 12 1 10 12 1 1 10 7 12 1 1 1 10 12 1 10 12 1 7 1 10 7 12 1 1 1 10 12 1 1 10 12 1 100 1 8 1 10 12 1 3 8 1 7 1 5 0 1 1 1 1 1 1 1 1 1 1 1 1 1 1 1 1 7 1 1 1 1 1 1 1 1 1 1 7 1 1 1 1 1 1 1 1 1 1 3 1 1
ciMethod java/lang/Object equals (Ljava/lang/Object;)Z 1024 0 19980 0 -1
ciMethod java/lang/Object toString ()Ljava/lang/String; 2 0 1 0 -1
ciMethod java/lang/Object hashCode ()I 256 0 128 0 -1
ciMethod java/lang/Object clone ()Ljava/lang/Object; 256 0 128 0 -1
ciInstanceKlass java/io/Serializable 1 0 7 100 1 100 1 1 1
ciInstanceKlass java/lang/System 1 1 834 10 7 12 1 1 1 9 7 12 1 1 1 10 12 1 10 12 1 1 10 12 1 1 10 12 1 9 12 1 1 10 7 12 1 1 1 11 100 12 1 1 1 10 100 12 1 1 1 10 12 1 1 10 12 1 1 100 1 8 1 10 12 1 10 7 12 1 1 1 10 7 12 1 1 1 18 12 1 1 10 7 12 1 1 1 7 1 10 12 1 1 10 7 12 1 1 1 10 12 1 10 7 12 1 1 1 9 100 12 1 1 1 10 7 12 1 1 1 11 7 12 1 1 1 10 12 1 1 10 7 12 1 1 1 7 1 10 10 12 1 1 8 1 10 12 1 8 1 10 12 1 9 12 1 1 8 1 10 7 12 1 1 1 10 12 1 1 100 1 8 1 10 9 12 1 1 8 1 10 12 1 1 10 100 12 1 1 1 8 1 10 12 1 7 1 10 12 1 8 1 10 12 1 10 12 1 1 100 1 10 12 10 12 1 9 12 1 1 9 12 1 1 10 7 12 1 1 1 10 7 12 1 1 1 10 12 1 1 10 12 1 10 12 1 10 7 12 1 1 1 10 12 1 100 1 100 1 8 1 10 12 1 10 12 1 1 7 1 10 12 1 100 1 8 1 10 10 12 1 100 1 8 1 10 8 1 10 7 12 1 1 8 1 10 12 100 1 8 1 10 10 12 1 1 10 7 12 1 1 1 100 1 18 12 1 100 1 9 100 12 1 1 1 10 12 1 100 1 10 12 1 1 10 12 1 1 10 7 12 1 1 1 10 12 1 1 10 12 1 10 12 1 10 12 1 1 10 12 1 7 1 10 12 1 9 7 12 1 1 1 10 7 12 1 1 1 10 12 1 10 12 1 10 7 12 1 1 1 7 1 8 1 10 9 12 1 9 12 1 10 12 1 10 7 12 1 1 10 12 1 10 12 1 1 8 1 10 12 1 1 8 1 11 12 1 10 12 11 12 1 1 11 7 12 1 1 1 11 7 12 1 1 11 12 1 1 7 1 11 12 1 10 12 1 8 1 10 12 1 1 8 1 8 1 8 1 8 1 11 12 1 10 12 1 10 12 1 10 12 1 8 1 10 12 1 1 8 1 9 12 1 8 1 10 7 12 1 1 8 1 7 1 9 7 12 1 1 1 10 12 1 7 1 9 12 10 9 12 7 1 10 12 9 12 1 1 8 1 10 12 1 1 8 1 10 7 12 1 1 10 12 1 10 12 1 1 11 7 12 1 1 10 12 10 7 12 1 1 1 9 12 1 1 7 1 8 1 10 12 1 1 10 7 12 1 1 1 7 1 10 12 1 1 10 12 1 8 1 8 1 10 8 1 8 1 8 1 8 1 10 10 7 12 1 1 10 12 1 10 12 1 1 10 12 1 1 10 12 1 10 100 12 1 1 1 10 7 1 8 1 10 10 10 12 1 1 10 12 1 1 8 1 10 12 1 8 1 8 1 10 12 1 10 7 12 1 1 1 10 12 1 1 7 1 10 10 12 1 10 12 1 9 12 1 1 3 1 3 1 1 1 1 1 1 1 1 1 1 1 1 100 1 1 7 1 1 1 1 1 1 1 1 1 1 1 100 1 7 1 1 1 1 1 1 1 1 1 1 1 1 1 1 1 1 1 1 1 1 1 1 1 1 1 1 1 1 1 1 1 1 1 1 1 1 1 1 1 1 1 1 1 1 1 1 1 1 1 1 1 1 1 1 1 1 1 1 100 1 1 1 1 1 1 1 1 1 1 1 1 1 1 1 1 1 1 1 1 1 1 1 1 1 1 1 1 1 1 1 1 1 100 1 1 16 15 10 12 1 1 16 15 10 12 16 1 15 10 100 12 1 1 1 1 1 1 1 1 1 100 1 100 1 1
staticfield java/lang/System in Ljava/io/InputStream; org/gradle/internal/daemon/clientinput/StdInStream
staticfield java/lang/System out Ljava/io/PrintStream; org/gradle/internal/io/LinePerThreadBufferingOutputStream
staticfield java/lang/System err Ljava/io/PrintStream; org/gradle/internal/io/LinePerThreadBufferingOutputStream
ciInstanceKlass jdk/internal/access/SharedSecrets 1 1 468 10 7 12 1 1 1 9 7 12 1 1 1 8 1 10 7 12 1 1 1 7 1 9 12 1 1 8 1 9 12 1 1 100 1 10 12 1 1 9 12 1 1 100 1 9 12 1 1 9 12 1 1 8 1 9 12 1 1 7 1 9 12 1 1 9 12 1 1 9 12 1 1 7 1 9 12 1 1 7 1 9 12 1 1 100 1 9 12 1 1 100 1 9 12 1 1 7 1 9 12 1 1 100 1 9 12 1 1 100 1 9 12 1 1 100 1 9 12 1 1 9 12 1 1 100 1 100 1 9 12 1 1 7 1 9 12 1 1 100 1 9 12 1 1 7 1 9 12 1 1 9 12 1 1 9 12 1 1 9 12 1 1 100 1 9 12 1 1 100 1 9 12 1 1 9 12 1 1 100 1 9 12 1 1 100 1 9 12 1 1 100 1 9 12 1 1 100 1 9 12 1 1 100 1 9 12 1 1 100 1 9 12 1 1 8 1 10 7 12 1 1 1 10 7 12 1 1 1 100 1 1 1 1 1 1 1 1 1 1 1 1 1 100 1 1 1 1 1 100 1 1 1 1 1 100 1 1 100 1 1 1 1 1 1 1 1 1 1 1 1 1 100 1 1 1 1 1 1 100 1 1 1 1 1 1 1 1 1 1 1 1 1 1 1 100 1 1 1 1 1 100 1 1 1 1 1 1 100 1 1 1 1 1 1 100 1 1 1 1 1 100 1 1 1 1 1 1 100 1 1 1 1 1 100 1 1 1 1 1 100 1 1 1 1 1 1 100 1 1 1 1 1 1 100 1 1 1 1 1 1 100 1 1 1 1 1 1 100 1 1 1 100 1 1 1 1 1 1 1 1 1 1 1 1 1 1 1 1 1 1 1 100 1 1 1 1 1 100 1 1 1 1 1 100 1 1 1 1 1 100 1 1 1 1 1 1 1 1 100 1 1 1 1 1 1 100 1 1 1 1 1 100 1 1 1 1 1 1 100 1 1 1 1 1 1 100 1 1 1 1 1 1 100 1 1 1 1 1 1 1 1 1 1 100 1 1 1
instanceKlass org/codehaus/groovy/reflection/ReflectionUtils$ClassContextHelper
ciInstanceKlass java/lang/SecurityManager 1 1 576 10 7 12 1 1 1 9 7 12 1 1 1 10 7 12 1 1 1 100 1 8 1 10 12 1 10 12 1 1 10 7 12 1 1 1 10 7 1 10 100 1 10 9 100 12 1 1 1 10 7 12 1 1 1 10 12 1 1 10 7 12 1 1 100 1 8 1 10 9 12 1 1 9 12 1 8 1 9 12 1 7 1 10 8 1 10 12 1 1 10 12 1 10 12 1 1 100 1 10 10 12 1 1 100 1 8 1 10 12 1 8 1 8 1 8 1 8 1 8 1 8 1 10 12 1 8 1 8 1 8 1 8 1 8 1 10 7 12 1 1 1 10 12 1 1 8 1 100 1 8 1 10 8 1 8 1 8 1 8 1 8 1 10 100 12 1 1 8 1 100 1 8 1 8 1 10 8 1 10 12 1 100 1 8 1 10 10 12 1 1 10 12 1 10 12 1 10 12 1 10 7 12 1 1 1 10 12 1 10 7 12 1 1 11 7 12 1 1 1 18 12 1 1 11 7 12 1 1 1 18 12 1 1 11 12 1 1 18 18 11 12 1 18 12 1 11 12 1 1 9 12 1 1 9 12 1 9 12 1 9 12 1 7 1 10 7 12 1 1 10 12 1 10 12 1 18 12 1 18 10 7 12 1 1 1 18 12 1 10 12 1 18 18 8 1 10 12 1 9 12 1 1 11 7 12 1 1 1 8 1 100 1 10 12 1 10 12 1 1 10 12 1 1 9 12 1 1 10 12 1 10 12 1 1 8 1 100 1 10 9 12 1 8 1 10 12 1 8 1 100 1 10 10 7 12 1 1 10 7 1 9 7 12 1 1 1 11 12 1 1 10 12 1 11 12 1 10 12 1 7 1 10 10 12 1 1 10 12 1 1 1 1 1 1 1 1 1 1 1 7 1 1 1 1 1 1 1 1 1 1 1 1 1 1 1 1 1 1 1 1 1 1 1 1 1 1 1 1 1 1 1 1 1 1 1 1 1 1 1 1 1 1 1 1 1 1 1 1 1 1 1 1 1 1 1 1 3 1 1 1 1 1 1 1 1 1 1 100 1 1 1 1 1 1 1 1 1 1 1 1 1 1 1 1 1 1 1 1 1 1 1 1 1 1 1 1 1 1 1 1 1 1 1 1 1 1 16 15 10 7 12 1 1 1 16 1 16 15 10 12 16 1 15 10 12 16 15 11 7 1 16 1 16 1 15 10 12 16 15 10 12 16 15 10 12 1 16 1 15 11 12 1 15 10 12 16 15 10 16 1 15 10 7 12 1 1 1 1 1 1 100 1 100 1 1
staticfield java/lang/SecurityManager packageAccessLock Ljava/lang/Object; java/lang/Object
staticfield java/lang/SecurityManager packageDefinitionLock Ljava/lang/Object; java/lang/Object
staticfield java/lang/SecurityManager nonExportedPkgs Ljava/util/Map; java/util/concurrent/ConcurrentHashMap
ciInstanceKlass java/security/AccessController 1 1 295 10 7 12 1 1 1 10 7 12 1 1 1 10 7 12 1 1 1 10 12 1 1 10 12 1 1 10 7 12 1 1 1 10 12 1 1 10 12 1 10 12 1 1 10 12 1 100 1 8 1 10 12 1 10 12 1 10 12 1 1 10 12 1 7 1 7 1 10 12 1 1 10 12 1 10 12 1 10 12 1 1 10 7 12 1 1 1 10 12 1 1 9 100 12 1 1 1 10 7 12 1 1 1 10 12 1 10 12 1 9 100 12 1 1 1 10 12 1 10 12 1 1 9 12 1 1 10 100 1 10 11 7 12 1 1 1 10 7 12 1 1 11 7 1 100 1 10 12 1 10 12 1 10 12 1 8 1 10 12 1 1 8 1 10 100 12 1 1 1 8 1 7 1 10 10 12 1 1 10 12 1 10 7 12 1 1 1 10 12 1 8 1 10 7 12 1 1 8 1 8 1 10 12 1 8 1 10 12 1 10 12 1 1 10 12 1 1 1 1 1 1 1 1 1 1 1 1 1 1 1 1 1 1 1 1 1 1 1 1 1 1 1 1 100 1 1 1 1 1 1 1 1 1 1 1 1 1 1 1 1 1 1 1 1 1 1 1 1 1 1 1 1 1 1 1 1 1 1 100 1 100 1 1 1 1 1 1 1 1 1 3 1 1 1
staticfield java/security/AccessController $assertionsDisabled Z 1
ciInstanceKlass java/security/ProtectionDomain 1 1 348 10 7 12 1 1 1 9 7 12 1 1 1 7 1 10 9 12 1 1 9 12 1 1 9 12 1 1 10 7 12 1 1 7 1 9 12 1 9 12 1 1 7 1 9 12 1 1 9 12 1 10 100 12 1 1 10 100 12 1 1 1 10 12 1 1 10 12 1 9 12 1 9 100 12 1 1 10 12 1 1 10 100 1 10 12 1 1 8 1 7 1 8 1 10 12 1 10 11 10 7 12 1 1 1 10 12 1 1 8 1 11 8 1 10 12 1 8 1 8 1 10 12 1 1 10 12 1 10 12 1 1 10 12 1 8 1 10 12 1 8 1 8 1 10 7 12 1 1 1 9 100 12 1 1 1 10 12 1 1 9 100 12 1 1 1 10 7 12 1 1 1 100 1 18 12 1 1 10 7 12 1 1 1 10 7 1 10 12 1 10 12 1 1 11 100 12 1 1 11 12 1 100 1 11 7 12 1 1 1 10 12 1 10 11 12 1 1 11 12 1 1 10 12 1 10 7 12 1 1 10 100 12 1 1 11 12 1 10 12 10 12 1 8 1 8 1 10 7 12 1 1 1 7 1 10 10 7 12 1 1 1 1 1 1 1 1 1 1 7 1 1 7 1 1 1 1 1 1 1 1 1 1 1 1 1 1 1 1 1 1 1 1 1 1 1 1 1 1 1 1 1 1 1 1 1 1 1 1 1 1 1 1 1 1 1 1 7 1 1 1 1 1 1 100 1 1 16 15 10 12 16 15 10 100 12 1 1 1 1 1 1 1 100 1 100 1 1
staticfield java/security/ProtectionDomain filePermCompatInPD Z 0
ciInstanceKlass java/security/CodeSource 1 1 398 10 7 12 1 1 1 9 7 12 1 1 1 9 12 1 1 9 12 1 1 9 12 1 1 10 7 12 1 1 1 9 12 1 1 10 7 12 1 1 10 7 10 7 12 1 1 1 10 100 12 1 1 1 10 12 1 1 7 1 10 10 7 12 1 1 1 10 7 12 1 1 1 10 12 1 1 7 1 10 12 1 1 10 12 1 1 10 12 1 1 10 12 1 10 10 10 12 1 1 10 7 12 1 1 1 10 12 1 10 12 1 10 12 1 8 1 10 12 1 10 12 1 10 12 1 1 10 12 1 8 1 10 12 1 1 10 7 1 10 10 12 1 1 8 1 10 12 1 10 12 1 10 12 1 8 1 8 1 9 12 1 1 100 1 8 1 10 12 1 10 12 1 1 8 1 10 12 1 8 1 8 1 8 1 10 100 12 1 1 10 12 1 1 10 12 1 10 12 1 1 10 12 1 1 10 12 1 1 100 1 100 1 10 12 1 10 12 10 12 1 1 10 100 12 1 1 10 12 1 7 1 10 12 10 100 12 1 1 1 10 8 1 10 12 1 10 12 1 10 12 1 1 100 1 10 12 1 1 100 1 7 1 8 1 8 1 10 10 12 1 1 10 100 12 1 1 1 7 1 10 12 10 12 1 1 11 7 12 1 1 10 10 12 1 11 10 12 1 8 1 100 1 10 12 1 10 12 1 1 10 12 1 11 12 1 1 7 1 1 1 1 5 0 1 1 1 1 1 1 1 1 1 1 1 1 1 1 1 1 1 1 1 1 1 1 1 1 1 1 1 1 1 1 1 1 1 1 1 1 1 1 1 1 1 1 1 1 1 1 1 1 1 1 1 1 1 1 1 1 1 1 1 1 1 1 1 1 1 1 100 1 1 1 1 1 1 1
ciInstanceKlass java/lang/Boolean 1 1 152 10 7 12 1 1 1 9 7 12 1 1 1 10 12 1 1 10 12 1 8 1 10 7 12 1 1 9 12 1 1 9 12 1 10 12 1 1 10 12 1 1 10 12 1 1 10 7 12 1 1 1 100 1 100 1 10 12 1 1 9 100 12 1 1 9 12 10 100 12 1 1 1 10 12 1 1 8 1 10 7 12 1 1 1 9 12 1 1 7 1 7 1 7 1 1 1 1 1 1 5 0 1 1 1 1 1 1 1 1 1 1 3 1 1 1 1 1 1 1 1 1 1 1 1 1 1 1 1 1 1 7 1 1 1 1 1 1 1 1 1 1 100 1 1 1 1 1 1 1 1 1
staticfield java/lang/Boolean TRUE Ljava/lang/Boolean; java/lang/Boolean
staticfield java/lang/Boolean FALSE Ljava/lang/Boolean; java/lang/Boolean
staticfield java/lang/Boolean TYPE Ljava/lang/Class; java/lang/Class
ciInstanceKlass java/lang/Comparable 1 0 12 100 1 100 1 1 1 1 1 1 1 1
ciInstanceKlass java/lang/constant/Constable 1 0 11 100 1 100 1 1 1 1 1 1 1
ciInstanceKlass java/util/Map 1 1 263 11 7 12 1 1 1 11 12 1 1 10 100 12 1 1 11 12 1 1 11 7 12 1 1 1 11 100 12 1 1 1 11 12 1 1 7 1 11 12 1 11 12 1 100 1 100 1 10 12 1 1 11 100 12 1 1 1 11 100 12 1 1 1 11 12 1 11 12 1 10 12 1 1 11 12 1 11 100 12 1 9 7 12 1 1 1 100 1 10 12 7 1 7 1 10 12 1 7 1 10 7 1 11 12 1 11 12 1 1 11 12 1 1 7 1 11 12 1 1 1 1 1 1 1 1 1 1 1 1 1 1 1 1 1 1 1 1 1 1 1 1 1 1 1 1 1 1 1 1 1 1 1 1 1 1 1 1 1 1 1 1 1 1 1 1 1 1 1 1 1 1 1 1 1 1 1 1 1 1 1 1 1 1 1 1 1 1 1 1 1 1 1 1 1 1 1 1 1 1 1 1 1 1 1 1 1 1 1 1 1 1 1 1 1 1 1 1 1 1 1 1 1 1 1 1 1 1 1 1 1 1 1 1 1 1 1 1 1 1 1 1 1 1 100 1 1 1 1 1 1 1 1 1 1 1 1 1 1 1 1 1 1
ciInstanceKlass java/lang/Class 1 1 1687 10 7 12 1 1 1 9 7 12 1 1 1 9 12 1 1 10 12 1 1 8 1 10 12 1 8 1 8 1 10 12 1 1 10 7 12 1 1 1 10 12 1 7 1 10 10 12 1 10 12 1 1 10 12 1 1 10 12 1 1 10 7 12 1 1 10 12 1 10 12 1 10 12 1 8 1 10 12 1 8 1 10 12 1 8 1 8 1 10 12 1 1 10 7 12 1 1 1 18 12 1 1 11 7 12 1 1 1 8 1 8 1 8 1 10 7 12 1 1 1 11 12 1 1 8 1 10 12 1 10 11 7 12 1 1 1 11 7 12 1 1 1 11 8 1 18 8 1 10 12 1 10 7 12 1 1 10 12 1 1 10 7 12 1 1 1 10 12 1 1 10 12 1 1 10 7 12 1 1 1 10 12 9 100 12 1 1 1 10 7 12 1 1 1 10 12 1 10 7 12 1 1 1 10 12 1 1 18 12 1 1 10 7 12 1 1 1 10 7 12 1 10 12 1 1 10 7 1 7 1 10 12 1 1 9 12 1 1 100 1 8 1 10 12 1 10 12 1 1 10 12 1 1 10 7 12 1 1 1 7 1 10 12 1 7 1 100 1 10 10 12 1 1 10 12 1 1 100 1 10 7 12 1 1 1 10 12 1 1 10 12 1 1 9 12 1 1 10 12 1 10 12 1 1 9 12 1 1 9 12 1 1 10 12 1 1 10 7 1 10 12 1 10 12 1 10 12 1 1 10 9 12 1 10 12 1 8 1 10 12 1 1 10 12 1 1 10 12 1 10 12 1 1 10 12 1 1 10 12 1 1 9 7 12 1 1 1 10 7 12 1 1 10 12 10 12 1 10 12 1 10 12 1 10 12 1 9 100 12 1 1 1 9 12 1 10 12 1 10 100 12 1 1 1 10 12 1 1 10 7 12 1 1 10 12 1 10 12 1 1 10 100 12 1 1 1 10 12 1 10 12 1 1 10 12 1 10 12 1 10 12 1 1 10 7 1 10 10 10 12 1 1 10 12 1 1 10 12 10 10 12 1 1 7 1 8 1 10 10 12 1 1 10 12 1 100 1 11 12 1 10 100 12 1 1 10 12 1 10 12 1 10 100 12 1 1 10 10 12 1 1 8 1 10 12 1 10 12 1 1 8 1 10 12 1 9 12 1 10 12 1 10 12 1 10 12 1 10 12 7 1 9 12 1 10 12 1 9 12 1 10 12 1 10 12 1 10 12 1 10 10 12 1 10 12 1 10 7 12 1 1 10 12 1 10 12 1 10 12 1 1 10 12 1 10 12 1 10 12 1 100 1 10 12 1 10 12 1 1 10 12 1 1 10 12 1 1 10 12 1 1 10 12 1 1 10 12 1 1 7 1 10 10 12 1 1 10 12 1 1 10 12 1 1 10 10 12 1 10 12 1 1 10 12 1 1 10 12 1 1 10 12 1 1 7 1 10 10 12 11 7 12 1 1 10 12 1 10 12 1 10 7 12 1 1 1 10 12 1 1 10 10 12 1 1 7 1 10 10 12 1 1 10 7 12 1 1 1 100 1 100 1 10 12 1 1 10 12 1 10 10 12 1 1 10 12 1 10 12 1 10 12 1 10 100 12 1 1 1 11 7 12 1 1 10 12 1 10 12 1 9 12 1 10 12 1 1 10 12 1 9 7 12 1 1 1 9 12 1 10 100 12 1 1 1 10 12 1 10 12 1 10 100 12 1 1 1 10 12 1 10 12 10 12 1 1 100 1 10 8 1 10 12 1 11 11 12 1 1 11 7 12 1 1 11 12 1 8 1 10 12 1 10 12 1 1 9 12 1 9 12 1 1 10 7 12 1 1 9 12 1 10 12 1 1 10 10 12 1 10 7 12 1 1 1 10 7 12 1 1 10 7 12 1 1 9 12 1 1 10 12 1 9 12 1 10 12 1 10 12 1 1 9 12 1 1 9 12 1 10 12 1 10 12 1 1 9 12 1 100 1 10 10 12 1 1 7 1 10 12 1 1 100 11 7 1 9 12 1 1 9 12 1 7 1 10 12 1 9 12 1 1 9 12 1 10 12 1 10 12 1 1 9 12 1 7 1 10 10 12 1 1 10 10 12 1 10 12 10 10 12 1 9 12 1 10 12 1 1 10 7 12 1 1 1 10 12 1 1 10 12 1 8 10 7 8 1 18 8 1 8 1 10 12 1 9 12 1 9 12 1 1 10 12 1 7 1 7 1 10 12 1 9 12 1 1 7 1 10 10 12 1 10 7 1 9 12 1 8 1 10 12 1 7 1 10 12 1 10 12 1 1 100 1 7 1 9 12 1 100 1 8 1 10 10 7 12 1 1 1 10 12 11 7 12 1 1 1 10 12 1 10 12 1 1 10 8 1 8 1 10 12 1 1 9 7 12 1 1 11 12 7 1 11 7 12 1 1 9 12 1 10 100 12 1 1 1 10 7 12 1 1 10 12 1 1 9 12 1 9 10 12 1 1 10 12 1 1 10 12 1 1 10 12 1 1 10 12 1 1 11 12 1 7 1 11 12 1 10 7 12 1 1 1 10 12 1 11 12 1 10 7 12 1 1 1 10 12 1 10 7 12 1 1 1 11 12 1 11 12 1 1 10 12 1 10 12 1 1 9 12 1 1 9 100 12 1 1 10 12 1 10 100 12 1 1 1 10 12 1 1 10 12 1 10 12 1 10 12 1 10 7 12 1 1 1 10 12 1 8 1 10 12 1 10 12 1 10 12 1 100 1 10 12 10 100 12 1 1 1 11 100 12 1 1 1 10 12 1 1 10 12 1 18 12 1 1 11 12 1 1 18 11 12 1 18 12 1 11 12 1 10 12 1 1 10 12 1 10 12 1 10 12 1 10 12 1 10 12 10 12 1 8 1 10 12 1 7 1 9 12 1 1 7 1 7 1 7 1 7 1 1 1 3 1 3 1 3 1 1 1 1 1 1 1 5 0 1 1 1 1 1 1 1 1 1 1 1 1 1 1 1 1 1 1 1 1 1 1 1 1 100 1 1 1 1 1 1 1 100 1 1 1 1 1 7 1 1 1 1 1 1 1 1 1 1 1 1 1 1 1 1 1 1 1 1 1 1 1 1 1 1 1 1 1 1 1 1 1 1 1 1 1 1 1 1 1 1 100 1 1 1 1 1 1 1 1 1 1 1 1 1 1 1 1 1 1 1 1 1 1 1 1 1 1 1 1 1 1 1 100 1 1 1 1 1 1 1 1 1 1 1 1 1 1 1 1 1 1 1 1 3 1 1 1 1 1 1 1 1 1 1 1 1 1 1 1 1 1 1 1 1 1 1 1 1 1 1 1 1 1 1 1 1 1 1 1 7 1 7 1 1 1 1 1 1 1 7 1 1 1 1 1 1 1 1 1 1 1 1 1 1 1 1 1 1 1 1 1 1 1 1 1 1 1 1 1 1 1 1 1 1 1 1 1 1 1 1 1 1 1 1 1 1 1 1 1 1 1 1 1 1 1 1 1 1 1 1 1 1 1 1 1 1 1 1 1 1 1 1 1 1 1 1 1 1 1 1 1 1 1 1 1 1 1 1 1 1 1 1 1 1 1 1 1 1 1 1 1 1 1 1 1 1 1 1 1 1 1 1 1 1 1 1 1 1 1 1 1 1 1 1 16 15 10 12 16 15 11 12 16 1 16 15 16 15 10 12 16 16 15 10 12 16 15 16 1 15 10 12 16 15 10 7 12 1 1 1 1 1 1 1 1 1 1 1 1 1 7 1 1 100 1 100 1 1 100 1 100 1 1 100 1 100 1 1
staticfield java/lang/Class EMPTY_CLASS_ARRAY [Ljava/lang/Class; 0 [Ljava/lang/Class;
staticfield java/lang/Class serialPersistentFields [Ljava/io/ObjectStreamField; 0 [Ljava/io/ObjectStreamField;
ciInstanceKlass java/lang/reflect/AnnotatedElement 1 1 164 11 7 12 1 1 1 11 12 1 1 7 1 10 100 12 1 1 1 10 12 1 1 10 12 1 1 10 12 1 10 100 12 1 1 1 11 12 1 1 11 7 12 1 1 10 7 12 1 1 1 10 12 1 10 100 12 1 1 1 18 12 1 1 11 100 12 1 1 18 12 1 18 12 1 1 10 100 12 1 1 1 11 100 12 1 1 1 7 1 10 100 12 1 1 1 1 1 1 1 1 1 1 1 1 1 1 1 1 1 1 1 1 1 1 1 1 1 100 1 1 1 1 1 1 1 1 1 1 1 16 15 16 1 16 1 15 11 12 16 16 1 15 10 100 12 1 1 1 16 1 15 10 100 12 1 1 1 1 100 1 100 1 1
ciInstanceKlass java/lang/invoke/TypeDescriptor 1 0 17 100 1 100 1 1 1 1 1 1 100 1 100 1 1 1 1
ciInstanceKlass java/lang/reflect/GenericDeclaration 1 0 30 7 1 7 1 7 1 1 1 1 1 1 1 1 100 1 8 1 1 12 10 1 1 1 8 1 1 1 8 1
ciInstanceKlass java/lang/reflect/Type 1 1 17 11 7 12 1 1 1 100 1 1 1 1 1 1 1 1 1
ciInstanceKlass java/lang/invoke/TypeDescriptor$OfField 1 0 21 100 1 100 1 100 1 1 1 1 1 1 1 1 1 1 1 1 1 1 1
ciMethod java/lang/Class isPrimitive ()Z 256 0 128 0 -1
ciInstanceKlass java/lang/StringBuilder 1 1 422 10 7 12 1 1 1 10 12 1 10 12 1 10 12 1 1 10 7 12 1 1 1 10 7 12 1 1 1 10 12 1 10 12 1 10 12 1 10 12 1 10 12 1 10 12 1 10 12 1 10 12 1 10 12 1 10 12 1 10 12 1 10 12 1 10 12 1 10 12 1 1 10 12 1 10 12 1 1 10 12 1 1 10 12 1 10 12 1 10 12 1 10 12 1 10 12 1 10 12 1 10 12 1 10 12 10 12 1 10 12 1 10 12 1 10 12 1 1 10 12 1 10 12 1 10 12 10 12 1 1 10 12 1 10 12 1 10 12 1 10 100 12 1 1 1 9 12 1 1 10 12 1 10 12 1 1 10 12 1 1 9 12 1 1 10 100 12 1 1 1 10 100 1 10 12 1 1 10 100 12 1 1 10 12 1 10 12 1 1 100 1 100 1 8 1 10 10 12 1 1 10 12 1 10 12 1 10 12 1 1 10 12 1 10 12 1 10 12 1 10 12 1 10 12 1 10 12 10 12 1 10 12 1 10 12 1 10 12 1 10 12 1 10 12 1 10 12 1 10 12 1 10 12 1 1 10 12 1 1 10 12 1 10 12 1 10 12 1 10 12 10 12 10 12 1 10 12 1 10 12 1 10 12 10 12 1 10 12 1 10 12 1 10 12 1 10 12 1 10 12 1 10 12 1 10 12 1 10 12 1 1 10 12 1 10 12 1 1 10 12 1 10 12 1 1 10 12 1 10 12 1 1 10 12 1 10 12 1 10 12 1 10 10 12 1 10 12 1 7 1 7 1 7 1 7 1 1 1 1 5 0 1 1 1 1 1 1 1 1 1 1 1 1 1 1 1 1 1 1 1 1 1 1 1 1 1 1 1 1 1 1 1 1 1 1 1 1 1 1 1 1 1 1 1 1 100 1 1 1 7 1 1 1 1 1 1 1 1 1 1 1
instanceKlass java/lang/StringBuilder
instanceKlass java/lang/StringBuffer
ciInstanceKlass java/lang/AbstractStringBuilder 1 1 607 7 1 10 7 12 1 1 1 9 7 12 1 1 1 9 12 1 9 12 1 1 9 12 1 1 10 7 12 1 1 1 10 12 1 1 7 1 3 3 10 12 1 10 12 1 1 11 7 1 100 1 7 1 10 8 1 10 12 1 10 12 1 10 12 1 1 10 12 1 10 12 1 9 12 1 10 12 1 9 12 1 1 10 12 1 1 10 7 12 1 1 1 10 10 12 1 10 12 1 10 12 1 1 10 12 1 1 10 7 12 1 1 1 10 7 12 1 1 1 7 1 8 1 10 10 12 1 1 100 1 10 12 10 12 1 1 10 10 12 1 1 10 12 1 1 10 12 1 1 10 12 1 1 10 10 7 12 1 1 1 10 12 1 100 1 10 10 7 12 1 1 1 9 12 1 1 9 12 1 10 12 1 1 10 10 12 1 1 10 12 10 12 1 10 12 1 1 10 12 1 1 10 12 1 1 10 12 1 10 12 1 1 10 12 1 1 10 12 1 10 12 1 1 8 1 10 12 1 1 10 12 1 10 12 1 10 12 1 10 12 1 10 12 1 10 12 1 10 7 12 1 1 10 12 1 10 12 1 10 100 12 1 1 1 7 1 100 1 10 12 1 10 100 12 1 1 10 12 1 10 12 1 1 10 12 1 10 12 1 1 10 12 1 10 12 1 1 10 12 1 1 10 10 7 12 1 1 1 10 12 1 10 12 1 10 12 1 1 10 12 1 10 12 1 10 12 1 10 12 1 10 12 1 10 12 1 10 12 1 10 12 1 1 10 12 1 10 12 1 10 12 10 12 1 1 18 12 1 1 100 1 10 100 12 1 1 1 18 10 12 1 1 10 12 1 1 10 12 1 10 12 1 1 11 12 1 1 10 12 1 10 12 1 10 12 10 10 10 12 1 10 5 0 10 10 12 1 1 100 1 8 1 10 10 12 1 1 10 100 12 1 1 1 10 12 1 10 12 1 1 100 1 10 12 100 1 10 100 1 10 7 1 1 1 1 1 1 1 1 1 1 1 100 1 1 1 1 1 1 1 1 1 1 1 1 1 1 1 1 1 1 1 1 1 1 1 1 1 1 1 1 1 1 1 1 1 1 1 1 1 1 1 1 1 1 1 1 1 1 1 1 1 1 1 1 1 1 1 1 1 1 1 1 1 1 1 1 1 1 1 1 1 1 1 1 1 1 1 1 1 1 1 1 1 1 1 1 1 1 1 1 1 1 1 1 1 1 1 1 1 1 1 1 100 1 1 1 1 1 1 1 1 1 1 1 1 1 1 1 1 1 100 1 1 1 1 1 1 7 1 1 16 1 15 10 12 16 15 10 12 15 10 100 12 1 1 1 1 1 1 1 100 1 100 1 1
staticfield java/lang/AbstractStringBuilder EMPTYVALUE [B 0
ciMethod java/lang/StringBuilder toString ()Ljava/lang/String; 12 0 66790 0 -1
ciInstanceKlass java/lang/Appendable 1 0 14 100 1 100 1 1 1 1 7 1 1 1 1 1
ciInstanceKlass java/lang/CharSequence 1 1 131 11 7 12 1 1 1 18 12 1 1 100 1 10 100 12 1 1 1 18 10 100 12 1 1 1 11 12 1 1 11 7 1 11 12 1 1 10 100 12 1 1 1 11 12 1 1 100 1 10 12 1 1 10 100 12 1 1 1 100 1 10 10 12 1 1 7 1 1 1 1 1 1 1 1 1 1 1 1 1 1 1 1 1 1 1 1 1 1 1 1 1 1 1 1 1 1 1 1 1 16 1 15 11 12 16 15 11 12 15 10 100 12 1 1 1 1 1 100 1 100 1 1 100 1 1 100 1 100 1 1
instanceKlass org/gradle/internal/io/LinePerThreadBufferingOutputStream
ciInstanceKlass java/io/PrintStream 1 1 413 100 1 10 12 1 1 8 1 10 7 12 1 1 1 10 7 12 1 1 1 100 1 100 1 100 1 10 10 7 12 1 1 9 12 1 1 9 12 1 9 12 1 10 12 1 1 10 12 1 9 12 1 7 1 10 12 1 9 12 1 1 7 1 10 12 1 9 12 1 1 10 7 12 1 1 1 10 7 12 1 1 1 9 12 1 1 10 12 1 10 12 1 8 1 7 1 10 12 1 10 12 1 100 1 10 10 12 1 8 10 12 1 9 12 1 1 7 1 8 1 10 10 12 1 10 12 1 10 12 1 10 12 1 10 12 1 10 12 1 10 12 1 10 10 10 12 1 1 10 12 1 1 100 1 10 7 12 1 1 1 10 12 1 10 12 1 10 12 1 10 12 10 10 12 1 10 12 10 12 1 10 10 12 1 10 12 1 10 12 10 12 10 7 12 1 1 1 10 12 10 12 1 10 12 1 1 10 10 12 1 10 12 1 10 12 1 10 12 1 10 12 1 10 10 12 1 10 10 12 1 10 12 1 1 10 12 1 10 12 10 12 1 10 12 1 10 12 1 10 12 10 12 10 12 10 12 1 1 10 12 1 10 12 1 1 9 12 1 1 10 100 12 1 1 1 9 100 12 1 1 1 10 100 12 1 1 1 10 12 1 10 12 1 10 12 1 10 12 1 8 1 11 7 12 1 1 1 10 12 1 1 10 12 1 10 12 1 7 1 10 12 10 7 12 1 1 1 7 1 7 1 1 1 1 1 1 1 1 1 1 1 1 1 1 1 1 100 1 1 1 1 1 1 1 1 100 1 1 1 1 1 1 1 7 1 1 1 1 1 1 1 1 1 1 1 1 100 1 1 1 100 1 1 1 1 1 1 1 1 1 1 1 1 1 1 1 1 100 1 1 1 1 1 1 1 1 1 1 1 1 1 1
instanceKlass org/apache/commons/io/output/ClosedOutputStream
instanceKlass jdk/nio/zipfs/ZipFileSystem$FileRolloverOutputStream
instanceKlass com/google/common/io/ByteStreams$1
instanceKlass org/gradle/cache/internal/btree/KeyHasher$MessageDigestStream
instanceKlass org/gradle/internal/io/StreamByteBuffer$StreamByteBufferOutputStream
instanceKlass com/google/common/io/BaseEncoding$StandardBaseEncoding$1
instanceKlass java/io/ObjectOutputStream$BlockDataOutputStream
instanceKlass java/io/ObjectOutputStream
instanceKlass com/esotericsoftware/kryo/io/Output
instanceKlass org/gradle/internal/serialize/kryo/KryoBackedEncoder$1
instanceKlass org/gradle/internal/remote/internal/inet/SocketConnection$SocketOutputStream
instanceKlass org/gradle/internal/stream/EncodedStream$EncodedOutput
instanceKlass org/gradle/internal/serialize/AbstractEncoder$EncoderStream
instanceKlass org/gradle/internal/file/RandomAccessFileOutputStream
instanceKlass org/gradle/internal/io/LineBufferingOutputStream
instanceKlass org/gradle/internal/io/NullOutputStream
instanceKlass java/io/ByteArrayOutputStream
instanceKlass java/io/FilterOutputStream
instanceKlass java/io/FileOutputStream
ciInstanceKlass java/io/OutputStream 1 1 53 10 7 12 1 1 1 100 1 10 10 7 12 1 1 1 10 7 12 1 1 1 10 12 1 100 1 100 1 1 1 1 1 1 1 1 1 7 1 1 1 1 1 1 1 1 1 1 1 1 1 1 1
ciMethod java/io/PrintStream println (Ljava/lang/String;)V 2 0 1 0 -1
ciInstanceKlass java/lang/AutoCloseable 1 0 12 100 1 100 1 1 1 1 7 1 1 1
ciInstanceKlass java/io/Closeable 1 0 14 100 1 100 1 100 1 1 1 1 7 1 1 1
ciInstanceKlass java/io/Flushable 1 0 12 100 1 100 1 1 1 1 7 1 1 1
instanceKlass javax/naming/NamingException
instanceKlass sun/nio/fs/WindowsException
instanceKlass com/jcraft/jsch/JSchException
instanceKlass java/sql/SQLException
instanceKlass java/awt/AWTException
instanceKlass java/beans/PropertyVetoException
instanceKlass java/util/concurrent/TimeoutException
instanceKlass javax/xml/xpath/XPathException
instanceKlass org/xml/sax/SAXException
instanceKlass javax/xml/parsers/ParserConfigurationException
instanceKlass java/lang/CloneNotSupportedException
instanceKlass com/google/common/collect/RegularImmutableMap$BucketOverflowException
instanceKlass java/security/PrivilegedActionException
instanceKlass sun/security/pkcs11/wrapper/PKCS11Exception
instanceKlass java/security/GeneralSecurityException
instanceKlass java/util/concurrent/ExecutionException
instanceKlass java/text/ParseException
instanceKlass java/lang/InterruptedException
instanceKlass java/net/URISyntaxException
instanceKlass java/io/IOException
instanceKlass java/lang/ReflectiveOperationException
instanceKlass java/lang/RuntimeException
ciInstanceKlass java/lang/Exception 1 1 40 10 7 12 1 1 1 10 12 1 10 12 1 10 12 1 10 12 1 100 1 1 1 1 5 0 1 1 1 1 1 1 1 1 1 1 1 1 1 1
instanceKlass java/lang/Exception
instanceKlass java/lang/Error
ciInstanceKlass java/lang/Throwable 1 1 404 10 7 12 1 1 1 9 7 12 1 1 1 9 12 1 1 9 12 1 9 12 1 1 9 12 1 10 12 1 1 9 12 1 1 10 12 1 1 10 12 1 100 1 7 1 10 8 1 10 12 1 1 8 1 10 100 12 1 1 10 10 12 1 100 1 8 1 10 10 12 1 1 10 7 12 1 1 10 12 1 8 1 9 7 12 1 1 1 10 12 1 1 100 1 10 12 10 12 1 10 100 12 1 1 1 100 1 10 12 10 12 1 10 12 1 100 1 10 10 7 12 1 1 1 11 100 12 1 1 1 10 12 1 1 10 12 1 1 8 1 10 12 1 10 12 1 1 8 1 8 1 10 12 1 1 10 12 1 8 1 8 1 9 12 1 1 10 12 1 1 100 1 10 11 12 1 8 1 8 1 10 7 12 1 1 8 1 10 12 1 8 1 100 1 10 12 1 9 12 1 1 10 12 1 10 100 12 1 9 12 1 1 10 12 1 1 100 1 8 1 10 12 1 10 100 12 1 1 10 12 1 1 7 1 10 100 12 1 1 1 10 12 1 11 7 12 1 1 1 11 7 12 1 1 11 12 1 8 1 10 12 1 1 8 1 10 10 9 100 12 1 1 1 8 1 10 12 1 1 11 10 100 1 8 1 10 11 12 1 1 8 1 9 12 1 10 100 12 1 1 11 9 12 1 1 11 12 1 1 100 10 12 1 10 12 1 1 7 1 1 1 1 5 0 1 1 1 1 1 1 1 1 1 1 1 1 1 7 1 1 1 1 1 1 1 1 1 1 1 1 1 1 1 1 1 1 1 1 1 1 1 1 1 1 1 1 1 1 1 1 1 1 1 1 1 1 1 1 1 1 1 1 100 1 7 1 1 1 1 1 1 1 1 1 1 1 1 1 1 1 1 1 1
staticfield java/lang/Throwable UNASSIGNED_STACK [Ljava/lang/StackTraceElement; 0 [Ljava/lang/StackTraceElement;
staticfield java/lang/Throwable SUPPRESSED_SENTINEL Ljava/util/List; java/util/Collections$EmptyList
staticfield java/lang/Throwable EMPTY_THROWABLE_ARRAY [Ljava/lang/Throwable; 0 [Ljava/lang/Throwable;
staticfield java/lang/Throwable $assertionsDisabled Z 1
ciMethod java/lang/Throwable printStackTrace ()V 0 0 1 0 -1
instanceKlass org/gradle/internal/configuration/inputs/AccessTrackingProperties
instanceKlass java/security/Provider
ciInstanceKlass java/util/Properties 1 1 690 10 7 12 1 1 1 100 1 10 7 12 1 1 7 1 10 12 1 9 12 1 1 9 12 1 1 9 12 1 1 10 7 12 1 1 1 10 12 1 1 8 1 10 7 12 1 1 1 7 1 10 12 1 10 12 1 1 8 1 10 12 1 7 1 10 12 10 12 1 1 9 12 1 1 10 12 1 1 7 1 10 12 1 10 12 1 10 12 1 1 100 1 8 1 10 12 1 10 12 1 10 12 1 1 10 12 1 7 1 3 10 10 100 12 1 1 1 10 12 1 10 12 1 1 8 1 10 12 1 10 12 1 1 8 1 10 100 12 1 1 10 12 1 1 10 12 1 10 12 1 1 7 1 10 12 1 10 12 1 1 100 1 9 100 12 1 1 1 10 12 1 10 12 1 1 10 12 1 1 10 12 1 1 100 1 9 12 1 1 7 1 7 1 10 12 1 7 1 11 7 12 1 1 1 11 12 1 1 11 7 12 1 1 1 11 7 12 1 1 1 11 12 1 1 11 12 1 11 12 1 10 12 1 1 8 1 10 12 1 10 100 12 1 1 10 12 1 100 1 10 10 12 1 10 12 1 100 1 10 10 12 1 1 10 7 12 1 1 9 100 12 1 1 10 12 1 1 10 100 12 1 1 1 100 1 100 1 100 1 10 8 1 8 1 10 12 1 10 12 1 10 12 1 1 10 10 12 1 1 10 12 1 1 7 1 10 10 12 1 11 7 12 1 1 10 7 12 1 1 1 8 1 10 100 12 1 1 11 11 7 1 8 1 10 100 1 11 10 12 1 10 10 12 1 10 12 1 1 10 12 1 1 10 12 1 1 10 12 1 10 12 1 10 10 12 1 10 12 1 10 12 1 10 10 12 1 1 10 12 1 1 10 10 12 1 10 12 1 10 12 1 10 12 1 10 12 1 1 10 12 1 1 10 12 1 10 12 1 10 12 1 1 10 12 10 12 1 1 10 12 1 1 10 12 1 10 12 1 1 10 12 1 1 10 12 10 11 12 1 4 11 10 12 1 1 10 100 12 1 1 11 12 1 10 12 1 1 10 100 12 1 1 10 12 1 100 1 8 1 10 12 1 10 10 100 12 1 1 1 100 1 6 0 10 12 1 1 11 100 12 1 1 1 10 12 1 10 12 1 1 1 1 1 5 0 1 1 1 1 1 1 1 1 1 1 1 1 1 1 1 1 1 1 1 1 1 1 1 1 1 1 1 1 1 1 1 1 1 1 1 1 1 1 1 100 1 1 1 1 1 1 1 1 1 1 1 1 1 1 1 1 1 1 1 1 100 1 1 1 1 1 1 1 1 1 1 1 1 7 1 7 1 1 1 1 1 7 1 1 1 1 1 1 1 1 1 1 1 1 1 1 1 1 1 1 1 1 1 1 1 1 1 1 1 1 1 1 1 1 1 1 1 1 1 1 1 1 1 1 1 1 1 1 1 1 1 1 1 1 1 1 1 1 1 1 1 1 1 1 1 1 1 1 1 1 1 1 1 1 1 1 1 1 1 7 1 1 1 1 1 1 1 1 1 1 1 100 1 1
staticfield java/util/Properties UNSAFE Ljdk/internal/misc/Unsafe; jdk/internal/misc/Unsafe
instanceKlass java/util/Hashtable
ciInstanceKlass java/util/Dictionary 1 1 36 10 7 12 1 1 1 100 1 1 1 1 1 1 1 1 1 1 1 1 1 1 1 1 1 1 1 1 1 1 1 1 1 1 1 1
instanceKlass java/util/Properties
ciInstanceKlass java/util/Hashtable 1 1 516 7 1 10 7 12 1 1 1 9 7 12 1 1 1 100 1 7 1 10 8 1 10 12 1 1 10 12 1 10 12 1 1 10 12 1 10 7 12 1 1 1 8 1 10 12 1 9 12 1 1 7 1 9 12 1 1 4 10 7 12 1 1 1 9 12 1 4 10 12 1 11 7 12 1 1 1 10 12 1 1 10 12 1 1 9 12 1 10 12 1 1 100 1 10 9 12 1 1 10 7 12 1 1 1 9 12 1 1 10 12 1 10 12 1 3 9 12 1 9 12 1 3 10 12 1 10 12 1 10 12 1 1 11 12 1 1 11 7 12 1 1 1 11 7 12 1 1 1 11 12 1 7 1 11 12 1 11 12 1 10 12 1 1 10 12 1 1 10 12 1 9 12 1 1 9 12 9 12 1 1 10 100 1 7 1 10 12 1 10 8 1 10 10 12 1 8 1 10 8 1 10 7 12 1 1 1 7 1 10 12 1 10 12 1 100 1 10 12 1 10 12 1 1 7 1 10 100 1 10 10 12 1 1 11 12 1 1 11 12 1 7 1 10 10 10 100 12 1 1 11 100 12 1 1 1 100 1 10 11 100 12 1 1 11 100 12 1 10 12 1 10 12 1 1 10 100 12 1 1 10 12 1 1 10 12 1 1 10 12 1 1 10 100 12 1 1 1 8 10 100 12 1 1 7 1 8 1 10 4 4 10 12 1 1 10 12 1 8 1 4 10 12 10 100 12 1 1 1 100 1 11 100 12 1 1 1 10 100 12 1 1 1 10 12 1 10 12 1 1 10 7 1 7 1 1 1 1 1 1 5 0 1 1 1 1 1 3 1 3 1 3 1 1 1 1 1 1 1 1 1 1 1 1 1 1 1 1 1 1 1 1 1 1 1 1 1 100 1 1 1 1 1 1 1 1 1 1 1 1 1 1 1 1 1 1 1 1 1 1 1 1 1 1 1 1 1 7 1 1 1 1 1 1 1 1 1 1 1 1 1 1 7 1 1 1 1 1 1 1 1 1 1 1 1 1 1 1 1 1 1 1 1 1 1 1 1 1 1 1 1 1 1 1 1 1 1 1 1 1 1 1 1 1 1 1 1 7 1 1 1 7 1 1 1 1 1 7 1 1 1 1 1 1 1 1 1 1 1 1 1 1 1 1 1 1
ciInstanceKlass java/lang/String 1 1 1451 10 7 12 1 1 1 8 1 9 7 12 1 1 1 9 12 1 1 9 12 1 1 9 12 1 1 10 12 1 10 12 1 1 10 12 1 1 9 12 1 10 7 12 1 1 1 10 12 1 1 10 12 1 10 7 12 1 1 1 10 12 1 1 10 12 1 1 10 12 1 10 12 1 1 10 12 1 10 7 12 1 1 1 7 1 9 7 12 1 1 1 10 7 12 1 1 1 10 12 1 1 10 12 1 1 10 7 12 1 1 1 10 12 1 1 9 7 12 1 1 10 12 9 7 12 1 1 10 12 1 1 3 10 12 1 1 7 1 11 12 1 1 11 12 1 11 12 1 1 10 100 12 1 1 1 10 12 1 1 9 100 12 1 1 1 10 12 1 1 10 12 1 11 12 1 1 10 12 1 10 12 10 12 1 1 10 7 12 1 1 1 10 7 12 1 1 1 10 12 1 1 7 1 7 1 10 12 1 10 12 1 10 12 1 1 10 12 1 1 100 1 10 12 1 1 100 1 10 12 1 1 10 12 1 1 10 12 1 10 10 12 1 100 1 100 1 7 1 10 12 1 10 12 1 1 10 12 1 1 10 12 1 10 12 1 1 10 12 1 1 10 7 12 1 1 7 1 11 10 7 12 1 1 11 12 1 11 12 1 10 12 1 1 10 12 1 10 12 10 12 1 1 10 10 100 12 1 1 1 10 100 12 1 1 10 12 1 1 10 100 12 1 1 10 12 1 10 12 1 1 10 12 1 1 10 12 1 10 12 1 10 12 1 1 100 1 10 12 1 1 10 12 10 12 1 10 12 1 1 10 12 1 1 10 7 12 1 1 1 10 12 1 10 12 1 1 10 12 1 10 12 1 3 3 10 12 1 1 10 12 1 10 12 1 1 10 12 1 1 10 12 1 1 10 12 1 10 12 1 1 10 12 1 1 10 12 1 10 12 1 10 12 1 10 12 1 1 10 12 1 10 12 1 10 12 1 10 12 1 10 12 1 10 12 1 10 7 1 10 8 1 10 12 1 1 10 12 1 8 1 10 12 1 1 10 12 10 12 1 8 1 10 10 12 1 1 10 12 1 1 10 12 1 1 10 7 1 10 10 12 1 10 12 1 10 12 1 10 10 12 1 10 12 1 10 12 1 10 12 1 10 12 1 10 12 1 10 12 1 1 10 12 1 1 10 12 1 1 10 10 12 1 1 10 10 12 1 100 1 10 10 12 1 1 10 12 1 1 10 7 1 10 12 1 10 12 1 10 7 12 1 1 1 10 12 1 10 12 1 1 10 12 1 11 7 1 11 12 10 12 1 10 12 1 1 10 12 1 1 10 10 12 1 10 12 1 9 12 1 1 11 7 12 1 1 1 10 12 10 10 12 1 10 12 1 1 10 10 12 1 10 12 1 10 12 1 1 10 12 1 1 10 10 12 1 1 10 12 1 10 10 12 1 10 12 10 10 12 10 10 12 1 10 12 1 10 10 12 10 7 12 1 1 1 10 12 10 10 12 10 12 1 10 12 10 12 10 10 12 1 10 12 1 1 10 12 1 1 10 10 12 1 10 7 12 1 1 1 10 12 1 1 10 10 7 12 1 1 1 11 10 12 1 10 12 1 1 10 12 1 1 10 7 12 1 1 1 10 12 1 10 12 1 10 12 1 10 12 1 10 12 1 10 12 1 100 1 7 1 8 1 10 10 10 12 1 10 12 1 1 8 1 10 12 1 3 3 10 12 1 10 12 1 1 10 12 7 1 10 10 12 1 1 10 12 1 10 12 1 10 12 1 1 10 12 1 1 11 7 12 1 1 1 7 1 10 12 1 10 12 1 1 8 1 10 12 1 1 10 12 1 11 7 12 1 1 1 11 7 12 1 1 11 12 1 10 12 1 10 12 1 1 10 10 7 12 1 1 1 10 12 1 10 12 1 10 10 12 10 12 1 1 10 10 12 1 10 10 12 1 10 10 12 1 10 10 12 1 10 12 1 1 10 10 12 1 8 1 10 12 1 1 18 12 1 1 11 100 12 1 1 1 7 1 3 18 12 1 18 12 1 8 1 10 100 12 1 1 1 11 12 1 1 10 12 10 10 12 1 10 11 12 1 1 10 12 1 1 11 12 1 18 3 11 10 12 1 11 11 10 12 1 10 12 1 1 8 1 10 12 1 10 12 1 10 12 1 1 10 10 12 1 11 100 12 1 100 1 100 1 10 12 100 1 10 10 100 12 1 1 1 100 1 10 7 1 10 10 12 1 10 10 12 1 8 1 10 10 12 1 8 1 8 1 10 12 1 10 12 1 10 10 12 10 7 12 1 1 10 7 12 1 1 10 7 12 1 1 8 1 10 12 1 10 12 1 10 9 12 1 10 12 9 7 12 1 1 1 10 12 1 10 12 1 10 12 1 10 12 10 12 1 10 12 1 8 1 10 100 12 1 1 1 10 12 10 12 1 1 10 12 10 10 12 10 12 7 1 9 12 1 1 7 1 10 7 1 7 1 7 1 7 1 1 1 1 1 1 5 0 1 1 1 1 1 3 1 3 1 1 1 1 1 1 1 1 1 1 1 1 1 1 1 100 1 1 1 1 1 1 1 1 1 1 1 1 1 1 1 1 1 1 1 1 1 1 1 1 1 1 1 1 1 1 1 100 1 1 1 1 1 1 1 1 1 1 1 1 7 1 1 1 1 1 1 1 1 1 1 1 1 1 1 1 1 1 1 1 1 1 1 1 1 1 1 1 1 1 1 1 1 1 1 1 1 1 1 1 1 1 1 1 1 1 1 1 1 1 1 1 1 1 1 1 1 1 1 1 1 1 1 1 1 1 1 1 1 1 1 1 1 1 1 1 1 1 1 1 1 1 1 1 1 1 1 1 1 1 1 1 1 1 1 1 1 1 1 1 1 1 1 1 1 1 1 1 1 1 1 1 1 1 1 1 1 1 1 1 1 1 1 1 1 1 1 1 1 1 1 1 1 1 1 1 1 1 1 1 1 1 1 1 1 1 1 1 1 1 1 1 1 1 1 1 1 1 1 1 1 1 1 1 1 1 1 1 1 1 1 1 1 1 1 100 1 1 1 1 1 1 1 1 1 1 1 1 1 1 1 1 1 1 1 1 1 1 1 100 1 1 1 1 1 1 1 1 1 1 1 1 1 1 1 7 1 1 1 1 1 1 1 1 1 1 1 1 1 1 1 16 15 10 12 16 15 10 12 15 10 12 15 10 12 15 10 100 12 1 1 1 1 1 1 1 100 1 100 1 1 1
staticfield java/lang/String COMPACT_STRINGS Z 1
staticfield java/lang/String serialPersistentFields [Ljava/io/ObjectStreamField; 0 [Ljava/io/ObjectStreamField;
staticfield java/lang/String CASE_INSENSITIVE_ORDER Ljava/util/Comparator; java/lang/String$CaseInsensitiveComparator
ciMethod java/lang/String equals (Ljava/lang/Object;)Z 1024 0 7370 0 400
ciMethod java/lang/String toString ()Ljava/lang/String; 516 0 36930 0 80
ciMethod java/lang/String hashCode ()I 1024 0 14232 0 168
ciMethod java/lang/String length ()I 1024 0 513986 0 112
ciMethod java/lang/String isEmpty ()Z 514 0 117872 0 112
ciInstanceKlass java/lang/constant/ConstantDesc 1 0 37 100 1 100 1 1 1 1 7 1 1 1 1 100 1 100 1 100 1 100 1 100 1 100 1 100 1 100 1 100 1 1 100 1 100 1 1
ciInstanceKlass sun/nio/cs/UTF_8 1 1 84 8 1 10 7 12 1 1 1 10 7 12 1 1 1 8 1 7 1 10 12 1 7 1 10 10 7 12 1 1 1 10 12 1 1 10 12 1 1 7 1 10 12 1 9 12 1 1 10 7 12 1 1 1 9 12 1 1 1 1 1 1 1 1 1 1 1 1 1 1 1 1 1 1 1 1 1 1 1 1 1 1 1 1
staticfield sun/nio/cs/UTF_8 INSTANCE Lsun/nio/cs/UTF_8; sun/nio/cs/UTF_8
staticfield sun/nio/cs/UTF_8 JLA Ljdk/internal/access/JavaLangAccess; java/lang/System$2
instanceKlass org/gradle/api/internal/changedetection/state/PropertyResourceBundleFallbackCharset
instanceKlass sun/nio/cs/MS1254
instanceKlass sun/nio/cs/US_ASCII
instanceKlass sun/nio/cs/ISO_8859_1
instanceKlass sun/nio/cs/Unicode
ciInstanceKlass java/nio/charset/Charset 1 1 370 10 7 12 1 1 1 100 1 10 12 1 1 10 12 1 1 9 7 12 1 1 1 9 12 1 7 1 100 1 10 12 1 9 100 12 1 1 1 10 100 12 1 1 1 10 12 1 1 10 7 12 1 1 1 10 12 1 100 1 10 10 7 12 1 1 1 10 12 1 9 100 12 1 1 1 10 7 12 1 1 1 100 1 8 1 10 10 12 1 1 10 12 1 9 12 1 1 10 12 1 10 12 1 10 12 1 1 10 12 1 10 12 1 100 1 10 11 7 12 1 1 11 12 1 10 12 1 1 11 7 12 1 1 1 100 1 10 100 1 9 12 1 1 10 7 12 1 1 9 100 12 1 1 1 10 9 12 1 1 10 12 1 1 10 7 12 1 1 1 10 12 1 1 10 100 12 1 1 1 100 8 1 8 1 8 1 9 12 1 9 12 1 9 12 1 1 11 100 12 1 1 1 8 1 10 12 1 1 8 1 10 100 12 1 1 1 9 100 12 1 1 1 10 100 12 1 1 1 10 12 1 10 12 1 1 100 1 7 1 10 12 1 10 12 1 1 10 100 12 1 1 10 12 10 12 1 1 10 100 12 1 1 1 10 10 12 1 1 10 12 1 10 12 1 1 7 1 10 7 1 1 1 1 1 1 1 1 1 1 1 1 1 1 1 1 1 1 1 1 1 1 7 1 1 1 100 1 100 1 1 1 1 1 1 1 1 1 1 1 1 1 1 1 1 1 1 1 1 1 1 1 1 1 1 1 1 1 1 1 1 1 1 1 1 1 1 1 1 1 1 1 1 1 1 1 1 1 1 1 1 1 1 1 1 100 1 1 1 1
staticfield java/nio/charset/Charset standardProvider Ljava/nio/charset/spi/CharsetProvider; sun/nio/cs/StandardCharsets
staticfield java/nio/charset/Charset zeroAliases [Ljava/lang/String; 0 [Ljava/lang/String;
ciInstanceKlass java/lang/InternalError 1 1 34 10 7 12 1 1 1 10 12 1 10 12 1 10 12 1 100 1 1 1 1 5 0 1 1 1 1 1 1 1 1 1 1 1
instanceKlass java/util/ServiceConfigurationError
instanceKlass kotlin/NotImplementedError
instanceKlass com/google/common/util/concurrent/ExecutionError
instanceKlass java/lang/AssertionError
instanceKlass java/lang/VirtualMachineError
instanceKlass java/lang/LinkageError
ciInstanceKlass java/lang/Error 1 1 40 10 7 12 1 1 1 10 12 1 10 12 1 10 12 1 10 12 1 100 1 1 1 1 5 0 1 1 1 1 1 1 1 1 1 1 1 1 1 1
instanceKlass java/lang/StackOverflowError
instanceKlass java/lang/OutOfMemoryError
instanceKlass java/lang/InternalError
ciInstanceKlass java/lang/VirtualMachineError 1 1 34 10 7 12 1 1 1 10 12 1 10 12 1 10 12 1 100 1 1 1 1 5 0 1 1 1 1 1 1 1 1 1 1 1
ciInstanceKlass java/util/Set 1 1 144 100 1 10 7 12 1 1 1 9 7 12 1 1 1 7 1 10 12 1 1 10 12 1 7 1 7 1 10 12 1 7 1 7 1 11 7 12 1 1 1 11 12 1 1 7 1 10 12 1 10 12 1 1 11 12 1 1 1 1 1 1 1 1 1 1 1 1 1 1 1 1 1 1 1 1 1 1 1 1 1 1 1 1 1 1 1 1 1 1 1 1 1 1 1 1 1 1 1 1 1 1 1 1 1 1 1 1 1 1 1 1 1 1 1 1 1 1 1 1 1 1 1 1 1 1 1 1 1 1 1 1 1 1 1 1 1 1 1 1 1 1 1 1
ciInstanceKlass java/util/Iterator 1 1 53 100 1 8 1 10 12 1 1 10 7 12 1 1 1 11 7 12 1 1 1 11 12 1 1 11 7 12 1 1 1 7 1 1 1 1 1 1 1 1 1 1 1 1 1 1 1 1 1 1 1 1 1
ciInstanceKlass java/util/Map$Entry 1 0 178 18 12 1 1 7 1 100 1 18 10 100 12 1 1 1 18 12 1 18 100 1 11 7 12 1 1 1 11 12 1 11 7 12 1 1 1 10 100 12 1 1 1 10 7 12 1 1 1 8 1 10 12 1 1 8 1 8 1 8 1 10 12 1 10 12 1 8 10 7 1 10 12 1 8 10 12 1 8 1 10 12 1 8 10 12 1 8 1 10 12 1 1 8 1 100 1 8 1 10 12 1 1 11 12 7 1 11 12 1 1 1 1 1 1 1 1 1 1 1 1 1 1 1 1 1 1 1 1 1 1 1 1 1 1 1 1 1 1 1 1 1 1 1 1 1 1 1 16 15 11 12 16 3 3 15 11 12 15 11 12 15 11 12 15 10 100 12 1 1 1 1 1 100 1 100 1 1
ciInstanceKlass java/io/FileInputStream 1 1 298 7 1 10 12 1 1 10 7 12 1 1 10 7 12 1 1 7 1 10 9 12 1 1 10 12 1 1 10 7 12 1 1 1 10 7 12 1 1 100 1 10 10 12 1 1 100 1 8 1 10 7 1 10 9 12 1 1 10 12 1 1 9 12 1 1 10 12 1 10 7 12 1 1 1 10 12 10 7 12 1 1 1 10 12 1 10 12 1 1 10 12 1 1 10 12 1 1 10 12 1 10 12 1 10 12 1 1 7 1 5 0 8 1 10 7 12 1 1 1 10 7 12 1 1 1 7 1 10 10 12 1 10 12 10 100 12 1 1 1 10 100 12 1 1 1 10 100 12 1 1 1 100 1 8 1 10 10 12 1 1 10 12 1 1 100 1 10 12 1 1 10 7 1 5 0 10 10 12 1 1 10 12 1 10 12 1 10 12 1 10 12 1 100 1 10 12 1 10 12 1 10 12 1 1 10 12 1 9 12 1 1 9 12 1 1 10 12 1 7 1 10 12 1 10 12 1 100 1 10 10 7 12 1 1 7 1 10 12 1 10 12 1 1 1 1 3 1 1 1 1 1 1 1 1 1 1 1 1 1 1 1 7 1 1 1 1 100 1 1 1 1 1 1 1 1 1 1 1 1 1 1 1 1 1 1 1 1 1 1 1 1 1 1 1 1 1 1
instanceKlass jdk/nio/zipfs/ZipFileSystem$EntryInputStream
instanceKlass java/util/jar/JarVerifier$VerifierStream
instanceKlass org/gradle/internal/io/StreamByteBuffer$StreamByteBufferInputStream
instanceKlass com/google/common/io/BaseEncoding$StandardBaseEncoding$2
instanceKlass org/gradle/util/internal/BulkReadInputStream
instanceKlass org/apache/tools/ant/util/FileUtils$1
instanceKlass java/io/ObjectInputStream$PeekInputStream
instanceKlass java/io/ObjectInputStream$BlockDataInputStream
instanceKlass java/io/ObjectInputStream
instanceKlass org/gradle/internal/remote/internal/inet/SocketConnection$SocketInputStream
instanceKlass org/gradle/internal/file/RandomAccessFileInputStream
instanceKlass org/gradle/internal/daemon/clientinput/StdInStream
instanceKlass com/esotericsoftware/kryo/io/Input
instanceKlass org/gradle/internal/serialize/kryo/KryoBackedDecoder$1
instanceKlass org/gradle/internal/serialize/AbstractDecoder$DecoderStream
instanceKlass org/gradle/internal/stream/EncodedStream$EncodedInput
instanceKlass java/util/zip/ZipFile$ZipFileInputStream
instanceKlass java/io/FilterInputStream
instanceKlass java/io/FileInputStream
instanceKlass java/io/ByteArrayInputStream
ciInstanceKlass java/io/InputStream 1 1 195 7 1 10 7 12 1 1 1 100 1 10 10 7 12 1 1 1 10 7 12 1 1 1 10 12 1 7 1 3 10 12 1 1 100 1 8 1 10 12 1 10 7 12 1 1 1 3 7 1 8 1 10 10 7 12 1 1 1 7 1 10 11 7 12 1 1 1 10 12 1 1 11 12 1 1 11 7 12 1 1 1 11 12 1 1 7 1 10 7 12 1 1 1 5 0 10 12 1 10 12 1 1 100 1 10 8 1 10 8 1 8 1 10 12 1 1 10 100 12 1 1 1 7 1 5 0 10 12 1 100 1 7 1 1 1 1 3 1 3 1 1 1 1 1 1 1 1 1 1 1 1 1 1 1 1 1 1 1 1 1 1 1 1 1 1 1 1 1 1 1 1 1 1 1 1 1 1 1 1 1 1 1 1 1 1 1 1 1 1 1 1 1 1 1
ciMethod java/io/InputStream readNBytes ([BII)I 512 512 617 0 -1
ciMethod java/io/InputStream readAllBytes ()[B 12 0 6 0 -1
ciInstanceKlass jdk/internal/misc/Unsafe 1 1 1287 10 7 12 1 1 1 9 7 12 1 1 1 9 12 1 1 10 12 1 1 10 7 12 1 1 1 10 12 1 1 10 12 1 1 10 12 1 1 10 12 1 1 10 12 1 1 10 12 1 1 10 12 1 1 10 12 1 1 10 12 1 1 10 12 1 1 10 12 1 1 10 12 1 1 10 12 1 1 10 12 1 10 12 1 100 1 10 10 12 1 1 10 12 1 1 5 0 10 12 1 1 10 12 1 1 10 7 12 1 1 1 10 12 1 1 10 12 1 10 12 1 10 12 1 1 10 12 1 1 10 12 1 10 12 1 7 1 7 1 10 8 1 10 12 1 1 10 12 1 8 1 10 12 1 1 10 12 1 10 12 1 10 12 1 1 10 12 1 10 12 1 1 10 12 1 1 10 12 1 10 12 1 10 12 1 10 12 1 1 10 12 1 10 12 1 10 12 1 1 10 12 1 5 0 5 0 5 0 10 12 1 10 12 1 10 12 1 10 12 1 10 12 1 10 12 1 10 12 1 10 12 1 10 12 1 1 10 12 1 10 12 1 7 1 8 1 10 100 1 10 10 12 1 1 10 12 1 1 10 12 1 10 12 1 1 10 12 1 1 10 12 1 10 12 1 1 10 12 1 9 7 12 1 1 9 12 1 100 1 10 10 12 1 1 8 1 10 8 1 8 1 10 12 1 1 9 7 12 1 1 1 9 7 1 9 7 1 9 7 1 9 9 7 1 9 7 1 9 7 1 10 12 1 1 10 12 1 1 10 12 1 1 10 12 1 1 5 0 5 0 9 12 1 1 10 12 1 10 12 1 10 12 1 1 10 12 1 1 10 12 1 8 1 3 10 12 1 1 10 12 1 1 10 12 1 10 12 1 1 10 12 1 1 10 12 1 10 12 1 10 12 1 10 12 1 10 12 1 10 12 1 1 10 12 1 1 10 12 1 10 12 1 10 12 1 10 12 1 10 12 1 10 12 1 1 10 12 1 1 10 12 1 10 12 1 10 12 1 10 12 1 10 12 1 10 12 1 1 10 12 1 1 10 12 1 1 10 12 1 1 10 12 1 10 12 1 10 12 1 10 12 1 10 12 1 10 12 1 10 12 1 1 10 12 1 1 10 12 1 10 12 1 10 12 1 10 12 1 10 12 1 10 12 1 10 12 1 1 10 12 1 1 10 12 1 10 12 1 10 12 1 10 12 1 10 12 1 10 12 1 10 12 1 10 12 1 1 10 12 1 10 12 1 10 12 1 10 12 1 10 12 1 1 10 12 1 10 12 1 10 12 1 10 12 1 10 12 1 10 12 1 10 12 1 10 12 1 1 10 12 1 10 12 1 10 12 1 10 12 1 10 12 1 10 12 1 1 10 12 1 10 12 1 10 12 1 1 10 12 1 10 12 1 10 12 1 10 12 1 10 12 1 10 12 1 10 12 1 10 12 1 10 12 1 10 12 1 10 12 1 10 12 1 10 12 1 10 12 1 10 12 1 10 12 1 10 12 1 10 12 1 10 12 1 10 12 1 10 12 1 10 12 1 10 12 1 100 1 10 100 1 10 9 12 1 5 0 10 12 1 1 5 0 10 12 1 5 0 10 12 1 10 12 1 10 12 1 1 10 12 1 1 10 12 1 10 12 1 10 12 1 10 12 1 1 10 12 1 10 12 1 10 12 1 10 12 1 10 12 1 1 10 12 1 10 12 1 10 12 1 10 12 1 1 10 12 1 10 12 1 10 12 1 1 10 12 1 10 12 1 10 12 1 10 12 1 1 10 12 1 10 10 12 1 1 10 12 1 10 12 1 1 10 12 1 10 12 5 0 5 0 5 0 10 12 1 1 10 12 1 10 12 1 10 12 10 100 12 1 1 8 1 100 1 11 12 1 1 8 1 11 12 1 1 10 100 12 1 1 10 12 1 10 12 1 10 12 1 10 12 1 10 12 1 1 10 12 1 10 12 1 10 12 1 10 12 1 10 12 1 10 12 1 10 7 1 10 12 1 9 12 1 7 1 9 12 1 7 1 9 12 1 7 1 9 12 1 7 1 9 12 1 7 1 9 12 1 7 1 9 12 1 7 1 9 12 1 7 1 9 12 1 10 12 1 9 12 1 9 12 1 9 12 1 9 12 1 9 12 1 9 12 1 9 12 1 9 12 1 9 12 1 9 12 1 1 1 3 1 1 1 1 1 1 1 1 1 1 1 1 1 1 1 1 1 1 1 1 1 1 1 1 1 1 1 1 1 1 1 1 1 1 1 1 1 1 1 1 1 1 1 1 1 1 1 1 1 1 1 1 1 1 1 1 1 1 1 1 1 1 1 1 1 1 1 1 1 1 1 1 1 1 1 1 1 1 1 1 1 1 1 1 1 1 1 1 1 100 1 1 1 1 1 1 1 1 1 1 1 1 1 1 1 1 1 1 1 1 1 1 1 1 1 1 1 1 1 1 1 1 1 1 1 1 1 1 1 1 1 1 1 1 1 1 1 1 1 1 1 1 1 1 1 1 1 1 1 1 1 1 1 1 1 1 1 1 1 1 1 1 1 1 1 1 1 1 1 1 1 1 1 1 1 1 1 1 1 1 1 1 1 1 1 1 1 1 1 1 1 1 1 1 1 1 1 1 1 1 1 1 1 1 1 1 1 1 1 1 1 1 1 1 1 1 1 1 1 1 1 1 1 1 1 1 1 1 1 1 1 1 1 1 1 1 1 1 1 1 1 1 1 1 1 1 1 1 1 1 1 1 1 1 1 1 1 1 1 1 1 1 1 1 1 1 1 1 1 1 1 1 1 1 1 1 1 1 1 1 1 1 1 1 1 1 1 1 1 1 1 1 1 1 1 1 3 1 1 1 1 1 1 1 1 1 1 1 1 1 1 1 1 1 1 1 1 1
staticfield jdk/internal/misc/Unsafe theUnsafe Ljdk/internal/misc/Unsafe; jdk/internal/misc/Unsafe
staticfield jdk/internal/misc/Unsafe ARRAY_BOOLEAN_BASE_OFFSET I 16
staticfield jdk/internal/misc/Unsafe ARRAY_BYTE_BASE_OFFSET I 16
staticfield jdk/internal/misc/Unsafe ARRAY_SHORT_BASE_OFFSET I 16
staticfield jdk/internal/misc/Unsafe ARRAY_CHAR_BASE_OFFSET I 16
staticfield jdk/internal/misc/Unsafe ARRAY_INT_BASE_OFFSET I 16
staticfield jdk/internal/misc/Unsafe ARRAY_LONG_BASE_OFFSET I 16
staticfield jdk/internal/misc/Unsafe ARRAY_FLOAT_BASE_OFFSET I 16
staticfield jdk/internal/misc/Unsafe ARRAY_DOUBLE_BASE_OFFSET I 16
staticfield jdk/internal/misc/Unsafe ARRAY_OBJECT_BASE_OFFSET I 16
staticfield jdk/internal/misc/Unsafe ARRAY_BOOLEAN_INDEX_SCALE I 1
staticfield jdk/internal/misc/Unsafe ARRAY_BYTE_INDEX_SCALE I 1
staticfield jdk/internal/misc/Unsafe ARRAY_SHORT_INDEX_SCALE I 2
staticfield jdk/internal/misc/Unsafe ARRAY_CHAR_INDEX_SCALE I 2
staticfield jdk/internal/misc/Unsafe ARRAY_INT_INDEX_SCALE I 4
staticfield jdk/internal/misc/Unsafe ARRAY_LONG_INDEX_SCALE I 8
staticfield jdk/internal/misc/Unsafe ARRAY_FLOAT_INDEX_SCALE I 4
staticfield jdk/internal/misc/Unsafe ARRAY_DOUBLE_INDEX_SCALE I 8
staticfield jdk/internal/misc/Unsafe ARRAY_OBJECT_INDEX_SCALE I 4
staticfield jdk/internal/misc/Unsafe ADDRESS_SIZE I 8
instanceKlass org/codehaus/groovy/reflection/ClassLoaderForClassArtifacts
instanceKlass org/codehaus/groovy/reflection/SunClassLoader
instanceKlass org/gradle/internal/classloader/CachingClassLoader
instanceKlass org/gradle/internal/classloader/MultiParentClassLoader
instanceKlass org/gradle/internal/classloader/FilteringClassLoader$RetrieveSystemPackagesClassLoader
instanceKlass org/gradle/internal/classloader/FilteringClassLoader
instanceKlass org/gradle/internal/classloader/FilteringClassLoader
instanceKlass jdk/internal/reflect/DelegatingClassLoader
instanceKlass java/security/SecureClassLoader
ciInstanceKlass java/lang/ClassLoader 1 1 1108 9 7 12 1 1 1 10 7 12 1 1 1 9 12 1 1 10 7 12 1 1 1 7 1 10 12 1 1 10 12 1 1 9 12 1 1 10 12 1 1 100 1 10 12 1 10 12 1 1 10 7 12 1 1 1 100 1 8 1 10 12 1 10 7 12 1 1 1 10 7 12 1 10 7 1 10 7 1 7 1 7 1 10 12 1 10 12 1 9 12 1 1 10 10 7 12 1 1 1 9 12 1 1 9 12 1 9 12 1 1 9 12 1 9 12 1 1 9 12 1 1 7 1 10 12 1 9 12 1 1 10 12 1 1 10 7 12 1 1 1 9 12 1 9 12 1 1 9 12 1 10 12 1 1 9 12 10 12 1 1 7 1 10 8 1 10 12 1 1 10 12 1 10 7 1 7 1 10 12 1 1 10 7 12 1 1 1 8 1 10 12 1 10 12 1 10 12 1 1 10 12 1 1 10 12 1 1 10 12 1 1 10 12 1 1 10 12 1 7 1 10 12 1 10 7 12 1 1 1 10 12 1 1 10 12 1 10 12 1 10 12 1 10 12 1 10 12 1 1 10 10 12 1 10 12 1 10 100 12 1 1 10 12 1 1 10 12 1 1 10 12 1 100 1 10 12 1 7 1 10 12 1 10 7 12 1 1 1 10 10 12 1 1 10 12 1 1 7 1 8 1 10 8 1 10 12 1 10 12 1 100 1 8 1 10 12 1 1 10 12 1 1 10 10 12 1 1 10 12 1 1 10 12 1 1 10 7 1 10 12 1 1 10 12 1 1 10 12 1 1 10 12 1 1 10 12 1 1 10 12 1 1 10 12 1 10 7 12 1 1 1 10 12 1 10 12 1 10 12 1 1 10 12 1 10 12 1 10 12 1 10 12 1 1 10 12 1 10 12 1 1 8 1 9 12 1 10 12 1 1 8 1 8 1 10 7 12 1 1 100 1 10 10 12 10 12 1 10 12 1 10 12 1 10 12 1 1 10 7 12 1 1 10 12 1 10 7 1 7 1 10 12 1 1 10 12 1 10 7 1 10 12 1 100 1 18 12 1 10 100 12 1 1 1 10 100 12 1 1 1 10 7 12 1 1 10 12 1 10 12 1 100 1 10 12 1 8 1 10 10 12 1 1 10 12 1 10 12 1 1 7 1 10 12 1 10 12 1 1 10 7 12 1 1 10 12 1 8 1 100 1 10 10 12 1 9 12 1 10 7 12 1 1 10 12 1 7 1 8 1 10 12 1 10 8 1 8 1 10 12 1 1 10 12 1 1 10 12 1 1 10 7 12 1 1 7 1 100 1 10 12 1 1 7 1 7 1 10 7 12 1 1 10 12 1 10 12 1 1 10 12 1 10 12 1 1 10 12 1 1 9 100 12 1 1 1 10 12 1 1 10 12 1 10 12 1 10 12 1 1 10 12 1 8 1 7 1 18 12 1 1 10 12 1 1 10 12 1 10 12 1 10 12 1 8 1 10 12 1 10 12 1 18 12 1 11 7 12 1 1 1 7 1 10 12 1 1 10 12 1 10 11 12 1 1 10 18 10 12 1 1 11 7 12 1 18 12 1 11 12 1 1 10 12 10 12 1 1 10 12 1 1 100 1 8 1 10 10 12 1 8 1 8 1 10 100 12 1 1 10 12 1 100 1 10 10 12 1 8 1 8 1 8 1 10 12 1 10 12 1 1 10 12 1 10 7 12 1 1 1 11 7 12 1 1 100 1 10 11 10 12 1 10 12 1 10 12 1 1 9 7 12 1 1 9 12 1 1 9 12 9 12 1 9 12 1 9 12 1 8 10 12 1 1 10 7 12 1 1 1 10 12 1 1 10 12 1 1 10 12 1 10 10 12 1 11 12 1 1 10 100 12 1 1 1 100 1 10 12 1 10 12 1 10 12 1 1 1 1 1 1 1 1 1 1 1 1 1 1 1 1 1 1 1 1 1 1 1 1 1 1 1 1 100 1 1 1 1 1 1 1 1 1 1 1 1 1 1 1 1 1 1 1 1 1 100 1 1 1 1 1 1 1 1 1 1 7 1 1 1 1 1 1 1 1 1 1 1 1 1 1 1 1 1 1 1 1 1 1 1 1 1 1 1 1 1 1 1 1 1 1 1 1 1 1 1 1 1 100 1 1 1 1 1 1 1 1 1 1 1 1 1 1 1 1 1 1 1 7 1 1 1 1 1 1 1 1 1 1 1 1 1 1 1 1 1 1 1 1 1 1 1 1 1 1 1 1 1 1 1 1 1 1 1 1 1 1 1 1 1 1 1 1 1 1 1 1 1 1 100 1 1 1 1 1 1 1 1 1 1 1 1 1 1 1 1 1 1 1 1 1 1 1 1 1 1 1 1 1 1 1 1 1 1 1 1 1 1 1 1 1 1 1 1 1 1 16 1 15 10 12 16 1 16 15 10 12 16 1 16 1 15 10 12 16 15 10 12 16 15 10 12 16 15 10 7 12 1 1 1 1 1 100 1 100 1 1
staticfield java/lang/ClassLoader nocerts [Ljava/security/cert/Certificate; 0 [Ljava/security/cert/Certificate;
staticfield java/lang/ClassLoader $assertionsDisabled Z 1
ciMethod java/lang/ClassLoader definePackage (Ljava/lang/String;Ljava/lang/Module;)Ljava/lang/Package; 512 0 4780 0 0
ciMethod java/lang/ClassLoader definePackage (Ljava/lang/String;Ljava/lang/String;Ljava/lang/String;Ljava/lang/String;Ljava/lang/String;Ljava/lang/String;Ljava/lang/String;Ljava/net/URL;)Ljava/lang/Package; 176 0 730 0 0
ciInstanceKlass java/lang/reflect/Constructor 1 1 439 10 7 12 1 1 1 10 7 12 1 1 9 7 12 1 1 1 10 12 1 1 10 12 1 1 10 7 12 1 1 9 12 1 1 10 7 12 1 1 1 9 12 1 1 9 12 1 1 9 12 1 9 12 1 1 9 12 1 9 12 1 1 9 12 1 1 9 12 1 100 1 8 1 10 12 1 10 12 1 9 12 1 1 10 7 12 1 1 10 7 12 1 1 1 10 12 1 1 10 12 1 1 10 12 1 7 1 100 1 8 1 10 10 12 1 10 12 1 10 12 1 1 10 12 1 1 9 7 12 1 1 1 10 7 12 1 1 10 12 1 1 10 12 1 10 12 1 1 10 7 12 1 1 1 10 100 12 1 1 10 12 1 1 10 12 1 10 7 12 1 1 1 8 1 10 10 12 1 100 1 8 1 10 12 1 10 12 1 1 10 12 1 1 10 12 1 10 12 1 10 12 1 1 10 12 1 1 9 12 1 1 10 12 1 1 10 12 1 1 10 12 1 1 11 7 12 1 1 1 10 12 1 1 10 12 1 10 12 1 10 12 1 8 1 9 12 1 1 10 7 12 1 1 1 10 7 12 1 1 10 12 1 1 10 12 1 1 10 12 1 1 10 12 1 1 10 12 1 9 7 12 1 1 10 12 1 10 12 1 10 12 1 100 1 8 1 10 10 12 1 1 10 12 1 10 10 12 1 1 10 12 1 1 10 100 12 1 1 1 11 100 12 1 1 1 10 12 1 1 9 100 12 1 1 1 10 100 12 1 1 1 10 12 1 1 1 1 1 1 1 1 1 1 1 1 1 1 1 1 1 1 1 1 1 1 1 1 1 1 1 1 1 1 1 1 1 1 1 1 1 1 1 1 1 1 1 1 1 1 1 1 1 1 1 1 100 1 100 1 100 1 100 1 1 1 1 1 1 1 1 1 1 1 1 1 1 1 1 1 1 1 1 1 1 1 1 1 1 1 1 1 1 1 1 1 100 1 1
instanceKlass java/lang/reflect/Executable
instanceKlass java/lang/reflect/Field
ciInstanceKlass java/lang/reflect/AccessibleObject 1 1 400 10 7 12 1 1 1 9 100 12 1 1 1 10 7 12 1 1 1 10 7 12 1 1 10 7 12 1 1 1 10 100 12 1 1 1 10 12 1 1 10 12 1 1 9 12 1 1 7 1 10 7 12 1 1 1 11 12 1 7 1 10 12 1 7 1 100 1 10 12 1 10 12 1 1 10 12 1 1 10 12 1 1 10 12 1 1 7 1 10 7 12 1 1 1 10 12 1 1 11 10 7 12 1 1 1 10 12 1 1 10 12 1 10 12 1 10 12 1 1 10 12 1 8 1 7 1 7 1 10 10 12 1 1 8 1 10 12 1 10 12 1 8 1 8 1 8 1 8 1 8 1 8 1 8 1 8 1 8 1 100 1 10 12 1 10 12 1 9 12 1 1 10 12 1 1 10 12 1 10 7 1 100 1 8 1 10 8 1 10 12 1 8 1 10 12 1 10 12 1 1 10 100 1 8 1 10 11 7 12 1 1 1 10 12 1 1 10 12 1 1 10 12 1 1 9 12 1 1 100 1 10 12 1 7 1 10 12 1 10 12 1 1 10 100 1 10 12 1 10 12 10 12 1 10 12 1 10 12 1 1 10 12 1 9 12 1 10 100 12 1 1 8 1 10 100 12 1 1 1 8 1 10 7 12 1 1 1 9 12 1 7 1 10 7 1 10 10 7 12 1 1 1 7 1 10 10 7 12 1 1 1 7 1 9 12 1 1 1 1 1 1 1 1 1 1 1 1 1 1 1 1 1 1 1 1 1 1 1 1 1 1 1 1 1 1 1 1 1 1 1 1 1 1 1 1 1 1 1 1 1 1 1 1 1 1 1 1 1 1 1 1 1 1 1 1 1 1 1 1 1 1 1 1 1 1 1 1 1 1 1 1 1 1 1 1 1 1 1 1
staticfield java/lang/reflect/AccessibleObject reflectionFactory Ljdk/internal/reflect/ReflectionFactory; jdk/internal/reflect/ReflectionFactory
instanceKlass java/lang/reflect/Constructor
instanceKlass java/lang/reflect/Method
ciInstanceKlass java/lang/reflect/Executable 1 1 581 10 7 12 1 1 1 10 7 12 1 1 1 10 7 12 1 1 1 11 7 12 1 1 1 10 7 12 1 1 1 10 12 1 1 10 7 12 1 1 1 10 7 12 1 1 1 10 12 1 8 1 10 10 12 1 1 10 12 1 1 10 7 12 1 1 1 18 12 1 1 11 7 12 1 1 1 8 1 8 1 8 1 10 7 12 1 1 1 11 12 1 1 7 1 8 1 8 1 10 12 1 7 1 8 1 10 12 1 8 1 11 7 12 1 1 1 7 1 11 7 12 1 1 1 11 12 1 8 1 18 8 1 10 12 1 10 12 1 1 18 8 1 10 12 1 7 1 10 12 1 10 12 1 11 12 1 10 12 1 1 8 1 8 1 10 12 1 1 10 12 1 1 10 10 12 1 9 100 12 1 1 1 10 100 12 1 1 1 10 12 1 10 12 1 1 10 7 12 1 1 10 12 1 10 12 1 10 12 1 10 7 12 1 1 7 1 10 100 12 1 1 1 10 12 1 1 10 7 12 1 1 10 12 1 10 12 1 1 9 100 12 1 1 1 10 100 10 12 1 8 1 10 12 1 10 12 1 3 100 1 8 1 10 12 1 10 12 1 10 10 12 1 10 12 1 1 8 1 8 1 8 1 9 12 1 1 9 12 1 10 12 1 100 1 8 1 10 12 1 10 12 1 10 12 1 1 10 12 1 1 10 12 1 10 12 10 12 1 100 1 10 12 1 10 12 1 1 100 1 10 7 12 1 1 1 7 1 10 7 12 1 1 1 10 12 1 1 11 7 12 1 1 10 12 1 10 100 12 1 1 1 10 12 1 1 9 12 1 10 12 1 1 10 12 1 10 12 1 1 9 100 12 1 1 1 10 100 12 1 1 1 10 12 1 10 12 1 1 9 12 1 10 10 10 10 100 12 1 1 1 10 12 1 9 12 1 10 12 1 1 9 12 1 7 1 7 1 1 1 1 1 1 1 1 1 1 1 1 1 1 1 1 1 1 1 1 1 1 1 1 1 1 1 1 1 1 1 1 1 1 1 1 100 1 1 1 1 1 1 1 1 1 1 1 1 1 1 1 1 1 1 1 100 1 1 1 1 1 1 1 1 1 1 1 1 1 1 1 1 1 1 1 1 1 1 1 1 1 1 1 1 1 1 1 1 1 1 1 1 1 1 1 1 1 1 1 7 1 1 1 1 1 1 1 1 1 1 1 1 1 1 1 1 1 1 1 1 1 1 7 1 1 16 15 16 1 16 1 15 10 12 16 15 10 7 12 1 1 1 1 1 1 100 1 1 100 1 100 1 1
ciInstanceKlass java/lang/reflect/Member 1 1 37 100 1 10 12 1 1 100 1 100 1 1 1 1 3 1 3 1 1 1 1 1 1 1 1 1 1 1 1 1 1 1 1 1 1 1 1
instanceKlass org/gradle/fileevents/internal/AbstractFileEventFunctions$AbstractFileWatcher$1
instanceKlass org/gradle/launcher/daemon/server/exec/DaemonConnectionBackedEventConsumer$ForwardEvents
instanceKlass org/gradle/launcher/daemon/server/exec/LogToClient$AsynchronousLogDispatcher
instanceKlass java/util/logging/LogManager$Cleaner
instanceKlass jdk/internal/misc/InnocuousThread
instanceKlass java/util/concurrent/ForkJoinWorkerThread
instanceKlass java/lang/ref/Finalizer$FinalizerThread
instanceKlass java/lang/ref/Reference$ReferenceHandler
instanceKlass java/lang/BaseVirtualThread
ciInstanceKlass java/lang/Thread 1 1 870 10 7 12 1 1 1 9 12 1 1 10 7 12 1 1 10 12 1 10 100 12 1 1 100 1 8 1 10 12 1 1 9 12 1 9 12 1 1 9 12 1 1 7 1 10 12 1 1 10 12 1 10 7 12 1 1 1 10 12 9 12 1 1 10 12 1 7 1 10 12 1 100 1 8 1 10 9 7 12 1 1 1 10 12 1 1 10 12 1 1 10 12 1 1 10 12 1 10 12 1 1 3 8 1 7 1 5 0 10 7 12 1 1 1 9 12 1 10 12 1 1 10 7 12 1 1 1 10 7 12 1 1 1 10 12 1 1 10 12 1 1 9 12 1 1 10 7 1 8 1 10 7 1 10 12 1 9 12 1 1 10 7 12 1 1 1 10 10 12 1 1 9 100 12 1 1 1 10 12 1 1 10 12 1 1 10 7 12 1 1 10 12 1 10 12 1 10 7 12 1 1 9 12 1 10 7 12 1 1 1 10 12 1 1 9 12 1 1 9 12 1 1 10 7 12 1 1 1 9 12 1 1 10 100 12 1 1 10 100 12 1 1 1 10 12 1 10 12 1 10 7 12 1 1 9 12 1 8 1 9 7 12 1 1 9 12 1 1 5 0 100 1 10 100 1 10 100 1 10 7 1 10 8 1 10 12 1 1 10 7 12 1 10 12 1 10 12 1 100 1 8 1 10 10 12 1 10 12 1 1 10 100 12 1 1 1 10 100 12 1 1 1 10 12 1 7 1 9 12 1 1 100 1 10 10 12 1 9 12 1 1 10 12 1 1 10 12 1 1 10 12 1 10 12 1 9 12 1 1 10 10 12 1 1 10 12 1 1 11 7 12 1 1 10 7 12 1 1 9 12 1 9 12 1 1 9 12 1 1 10 100 12 1 1 10 12 1 1 9 100 12 1 1 1 10 100 12 1 1 10 12 1 10 12 1 100 1 10 10 12 9 12 1 1 10 12 1 11 100 12 1 1 10 12 1 10 12 1 10 12 1 9 12 1 10 10 12 1 10 12 1 1 9 12 1 9 12 10 12 1 8 1 10 12 1 10 12 1 10 12 1 10 12 1 10 12 1 1 10 12 1 10 12 1 1 10 12 1 10 12 1 10 12 1 10 12 1 10 12 1 1 9 7 12 1 1 1 8 1 10 9 12 1 10 12 1 7 1 8 1 10 10 12 1 8 1 10 12 1 1 9 12 10 12 8 1 10 10 12 1 10 12 1 8 1 10 12 1 10 8 1 10 100 12 1 1 10 12 1 1 100 1 8 1 10 9 12 1 9 12 1 1 10 12 1 1 10 10 12 1 10 12 1 100 10 7 12 1 1 1 9 12 1 10 12 1 1 10 12 1 1 10 100 12 1 1 1 11 7 12 1 1 1 9 100 12 1 1 1 10 100 12 1 1 1 7 1 10 12 1 100 1 10 12 1 10 12 1 1 10 12 1 1 8 1 9 12 1 10 12 1 10 12 1 1 11 7 12 1 1 1 10 12 1 1 1 1 3 1 3 1 3 1 3 1 1 1 1 1 1 1 1 1 1 1 1 1 1 1 1 1 1 1 1 1 7 1 1 1 1 1 1 1 1 1 1 1 1 1 1 1 1 1 1 1 1 1 1 100 1 1 1 1 1 1 1 1 1 1 1 1 1 1 1 1 7 1 7 1 1 1 1 1 1 1 1 1 1 1 1 1 1 1 1 1 1 1 1 1 1 1 1 1 1 1 1 1 1 1 1 1 1 1 1 1 1 1 1 1 1 1 1 1 1 1 1 1 1 1 1 1 1 1 1 1 1 1 1 1 1 1 1 1 1 1 1 1 1 1 1 1 1 1 1 100 100 1 1 1 1 1 1 1 1 1 1 1 1 1 1 1 1 1 1 1 1 1 1 1 1 1 1 100 1 100 1 100 1 100 1 100 1 1 100 1 1 1 1 1 1 1 1 1 1 1 1 1 1 1
staticfield java/lang/Thread NEW_THREAD_BINDINGS Ljava/lang/Object; java/lang/Class
staticfield java/lang/Thread EMPTY_STACK_TRACE [Ljava/lang/StackTraceElement; 0 [Ljava/lang/StackTraceElement;
ciMethod java/lang/Thread interrupt ()V 0 0 1 0 -1
ciInstanceKlass java/lang/Runnable 1 0 11 100 1 100 1 1 1 1 1 1 1
ciInstanceKlass java/net/URL 1 1 771 10 7 12 1 1 1 10 12 1 10 7 12 1 1 9 12 1 1 9 12 1 10 7 12 1 1 1 10 12 1 1 10 12 1 1 9 12 1 1 10 7 12 1 1 1 8 1 10 12 1 1 7 1 10 10 12 1 1 8 1 10 12 1 1 9 12 1 100 1 8 1 10 12 1 10 12 1 8 1 9 12 1 10 12 1 1 9 12 1 10 12 1 10 12 1 9 12 1 9 12 1 8 1 9 12 1 10 12 1 1 8 1 9 12 1 1 10 12 1 1 10 7 12 1 1 1 8 1 10 12 1 7 1 10 12 1 10 12 1 10 12 1 10 12 1 1 10 12 1 1 8 1 10 12 1 1 10 12 1 8 1 9 12 1 8 1 10 12 1 10 7 12 1 1 1 7 1 10 12 1 10 12 1 1 10 7 12 1 1 1 100 1 8 1 10 10 12 1 8 1 10 12 1 1 10 12 1 10 12 1 10 12 1 10 12 1 10 12 1 10 12 1 8 1 10 12 1 8 1 10 10 100 1 10 10 12 1 8 1 10 7 12 1 1 1 10 12 1 9 100 12 1 1 1 10 7 12 1 1 1 9 12 1 1 10 12 1 10 100 12 1 1 1 100 1 100 1 10 12 1 10 12 1 10 12 1 10 12 1 10 12 1 10 12 10 10 12 1 10 12 1 10 12 1 1 8 1 9 100 12 1 1 1 10 100 12 1 1 1 10 12 1 1 9 100 12 1 1 1 10 12 1 1 100 1 10 12 1 10 12 1 10 10 12 1 1 10 12 1 1 10 12 1 10 12 1 10 12 1 10 7 12 1 1 1 10 12 1 1 10 12 1 9 12 1 1 9 12 1 1 7 1 8 1 10 10 12 1 9 12 1 1 10 7 12 1 1 8 1 10 7 12 1 1 8 1 10 12 1 1 10 12 1 8 1 8 1 10 7 12 1 1 1 7 1 10 7 12 1 1 1 10 12 1 10 12 1 100 1 10 9 100 12 1 1 1 10 100 12 1 1 10 12 1 1 10 12 1 8 1 100 1 10 10 7 12 1 1 1 10 12 1 8 9 100 12 1 1 1 10 12 1 1 10 12 1 10 12 1 1 10 7 12 1 1 11 7 12 1 1 10 12 1 10 12 1 9 12 1 10 12 1 1 10 100 12 1 1 10 100 12 1 1 1 8 10 100 12 1 1 100 1 10 8 8 10 12 1 8 8 8 100 1 10 12 1 9 12 1 1 10 12 1 10 12 1 1 10 12 1 10 12 10 12 1 1 10 12 1 1 10 10 10 12 1 10 12 1 10 12 1 10 12 1 10 12 1 10 10 12 1 100 1 8 1 10 10 10 12 1 1 10 12 1 10 12 1 1 8 1 7 1 10 10 7 1 10 12 1 9 7 12 1 1 1 9 12 1 1 7 1 10 10 7 12 1 1 1 7 1 1 1 1 1 5 0 1 1 1 1 1 1 1 1 1 1 1 1 1 1 1 1 1 1 1 1 1 1 1 1 1 1 1 1 1 1 1 1 1 1 1 1 1 1 1 1 1 1 1 1 1 1 1 1 7 1 1 1 1 1 1 1 1 1 1 1 1 1 1 1 1 1 1 1 1 1 1 1 1 1 1 1 1 1 1 1 1 1 1 1 1 1 100 1 1 1 1 1 1 1 1 1 1 1 1 1 1 1 1 1 100 1 1 1 1 1 1 1 1 1 1 1 1 1 1 1 1 1 1 1
staticfield java/net/URL defaultFactory Ljava/net/URLStreamHandlerFactory; java/net/URL$DefaultFactory
staticfield java/net/URL streamHandlerLock Ljava/lang/Object; java/lang/Object
staticfield java/net/URL serialPersistentFields [Ljava/io/ObjectStreamField; 7 [Ljava/io/ObjectStreamField;
ciMethod java/net/URL equals (Ljava/lang/Object;)Z 26 0 13 0 -1
ciMethod java/lang/System nanoTime ()J 256 0 128 0 -1
ciMethod java/lang/System arraycopy (Ljava/lang/Object;ILjava/lang/Object;II)V 256 0 128 0 -1
ciInstanceKlass java/lang/Package 1 1 356 10 7 12 1 1 1 9 12 1 1 9 7 12 1 1 1 9 12 1 9 12 1 9 12 1 9 12 1 9 12 1 10 12 1 1 10 7 12 1 1 1 9 12 1 1 10 7 12 1 1 1 9 12 1 10 12 1 1 10 100 12 1 1 1 100 1 10 7 12 1 1 1 10 7 12 1 1 1 100 1 8 1 10 12 1 1 8 1 10 12 1 1 10 7 12 1 1 1 7 1 10 12 1 8 1 10 12 1 1 10 12 1 10 12 1 10 12 1 1 10 100 12 1 1 1 10 100 12 1 1 1 10 7 12 1 1 1 10 12 1 1 10 100 12 1 1 10 12 1 1 10 12 1 1 18 12 1 1 11 100 12 1 1 1 100 1 10 12 1 10 12 1 8 1 8 1 8 1 9 12 1 1 8 1 18 12 1 1 10 7 12 1 1 1 10 12 1 1 10 100 1 10 12 1 10 7 12 1 1 1 11 7 12 1 1 1 10 12 1 1 10 12 1 1 10 12 1 10 12 1 10 12 1 10 12 1 10 10 7 12 1 1 10 12 1 1 1 1 1 1 1 1 1 1 1 1 1 1 1 1 1 1 1 1 1 1 1 1 1 1 1 1 1 1 1 1 1 1 1 1 100 100 1 1 1 1 1 1 1 1 1 1 1 1 1 1 1 1 1 1 1 1 1 100 1 1 1 1 1 1 1 1 1 1 1 1 1 1 1 1 1 1 1 1 1 1 1 16 1 15 10 12 16 16 1 15 10 12 1 16 15 10 100 12 1 1 1 1 1 1 100 1 100 1 1
instanceKlass java/lang/Package
ciInstanceKlass java/lang/NamedPackage 1 1 118 10 7 12 1 1 1 10 7 12 1 1 1 10 7 12 1 1 7 1 7 1 10 8 1 10 12 1 1 10 12 1 10 12 1 1 10 12 1 10 12 1 9 7 12 1 1 1 9 12 1 1 10 12 1 1 10 100 12 1 1 1 10 12 1 10 100 12 1 1 1 10 100 12 1 1 1 100 1 10 12 1 1 10 100 12 1 1 1 10 12 1 1 100 1 7 1 10 12 1 1 1 1 1 1 1 1 1 1 1 1 1 1 1 1 1 1 1
ciMethod java/lang/NamedPackage module ()Ljava/lang/Module; 256 0 128 0 0
ciMethod java/lang/NamedPackage location ()Ljava/net/URI; 0 0 1 0 -1
ciMethod java/lang/Package isSealed (Ljava/net/URL;)Z 0 0 1 0 -1
ciMethod java/lang/Package isSealed ()Z 474 0 4651 0 0
ciMethod java/lang/Package <init> (Ljava/lang/String;Ljava/lang/String;Ljava/lang/String;Ljava/lang/String;Ljava/lang/String;Ljava/lang/String;Ljava/lang/String;Ljava/net/URL;Ljava/lang/ClassLoader;)V 432 0 730 0 -1
ciInstanceKlass java/lang/Module 1 1 1070 10 7 12 1 1 1 9 7 12 1 1 1 10 7 12 1 1 1 9 12 1 9 12 1 1 9 12 1 1 10 12 1 1 10 12 1 10 12 1 1 10 7 12 1 1 1 7 1 10 7 12 1 1 1 10 12 1 1 11 7 12 1 1 1 10 12 1 1 10 7 12 1 1 1 10 12 1 1 10 7 12 1 1 1 9 100 12 1 1 1 10 7 12 1 1 1 10 12 1 8 1 10 7 12 1 1 1 10 7 12 1 1 1 10 7 12 1 1 1 10 12 1 10 12 1 9 12 1 1 10 100 12 1 1 100 1 7 1 10 8 1 10 12 1 1 10 12 1 10 12 10 12 1 10 7 12 1 1 8 1 8 1 10 8 1 8 1 9 12 1 1 8 1 10 100 12 1 1 1 10 12 1 9 12 1 1 11 12 1 9 7 12 1 1 10 7 12 1 1 1 10 100 12 1 1 1 10 12 1 1 8 1 10 12 1 1 10 12 1 10 12 1 1 9 7 12 1 1 1 10 12 1 1 10 12 1 1 9 12 1 10 12 1 10 12 1 9 12 1 1 11 7 12 1 1 10 12 1 1 9 12 1 9 12 1 10 12 1 10 12 1 100 1 8 1 10 10 12 1 1 10 12 1 8 1 10 12 1 1 8 1 8 1 10 12 1 1 10 12 1 10 12 1 1 18 12 1 1 10 12 1 1 11 12 1 9 12 1 11 12 10 100 12 1 1 100 1 8 1 10 11 12 1 1 10 7 12 1 1 1 10 12 1 10 12 1 1 11 12 1 1 11 7 12 1 1 11 12 1 1 9 12 1 11 12 1 10 12 1 1 10 12 1 1 9 12 1 10 12 10 7 12 1 1 10 7 1 18 12 1 1 11 100 12 1 1 1 18 12 1 11 12 1 1 10 100 12 1 1 1 11 12 1 1 10 7 12 1 1 7 1 11 12 1 7 1 7 1 10 12 1 10 7 12 1 1 1 10 11 7 12 1 8 1 10 10 12 1 1 10 7 12 1 1 10 12 1 10 12 1 7 1 10 12 1 10 11 12 1 1 10 12 10 12 1 1 9 12 1 1 100 1 10 10 12 1 1 11 7 1 10 12 1 1 11 12 1 10 10 12 1 11 10 12 1 1 10 12 1 1 10 12 1 1 10 7 12 1 1 10 12 1 10 12 1 1 10 10 12 1 1 10 12 1 18 12 1 11 12 1 18 12 1 10 12 1 10 12 1 10 12 7 1 10 12 1 10 12 1 10 12 1 9 12 1 7 1 10 10 10 10 12 1 10 12 1 10 12 1 10 12 1 1 10 12 1 1 10 12 1 9 12 1 18 12 1 1 10 7 12 1 1 1 100 1 8 1 10 12 1 1 10 12 1 1 10 7 12 1 1 7 1 10 12 1 1 7 1 8 1 10 12 1 1 100 1 11 12 1 1 10 100 12 1 1 1 18 12 1 1 11 100 12 1 1 1 100 1 10 12 1 10 12 1 1 7 1 7 1 10 12 8 1 10 12 1 1 10 12 1 1 10 100 12 1 1 10 12 1 1 10 12 1 10 12 10 12 1 1 7 1 10 10 12 1 1 10 7 12 1 1 1 100 1 10 12 1 1 10 7 12 1 1 8 1 18 12 1 1 100 1 100 1 9 12 1 1 9 12 1 9 12 1 11 100 12 1 1 1 100 1 11 12 1 1 100 1 10 12 1 8 1 10 12 1 10 12 10 12 1 8 1 10 10 100 12 1 1 7 1 10 10 12 1 10 7 12 1 1 9 12 1 9 12 1 9 12 1 9 12 1 10 12 11 12 1 10 12 1 7 1 1 1 1 1 1 1 1 1 1 1 1 1 1 1 1 1 1 1 100 1 1 1 1 1 1 1 1 1 1 1 1 1 1 1 1 1 1 1 1 1 1 1 1 1 1 1 1 1 1 1 1 1 1 1 1 1 1 1 1 1 1 1 1 1 1 1 1 1 1 1 1 1 1 1 1 1 1 1 1 1 1 1 1 1 1 1 1 1 1 1 1 1 1 1 1 1 1 1 1 1 1 1 1 1 1 1 1 1 1 1 1 1 1 1 100 100 1 1 1 1 1 1 1 1 1 1 1 1 1 1 1 1 1 1 1 1 1 1 1 1 1 1 1 100 1 100 1 1 1 1 1 1 1 1 1 1 1 1 1 1 1 1 1 1 1 1 100 1 1 1 1 1 1 1 1 1 1 1 1 1 1 1 1 1 1 1 1 1 1 1 16 15 10 12 16 16 15 10 12 16 16 15 10 16 1 15 10 12 16 1 15 10 12 16 1 16 15 10 12 16 16 1 15 10 12 16 15 10 7 12 1 1 1 15 10 100 12 1 1 1 1 1 1 1 1 1 1 1 100 1 100 1 1 100 1 100 1 1
staticfield java/lang/Module ALL_UNNAMED_MODULE Ljava/lang/Module; java/lang/Module
staticfield java/lang/Module ALL_UNNAMED_MODULE_SET Ljava/util/Set; java/util/ImmutableCollections$Set12
staticfield java/lang/Module EVERYONE_MODULE Ljava/lang/Module; java/lang/Module
staticfield java/lang/Module EVERYONE_SET Ljava/util/Set; java/util/ImmutableCollections$Set12
staticfield java/lang/Module $assertionsDisabled Z 1
ciMethod java/lang/Module getName ()Ljava/lang/String; 140 0 68 0 -1
ciMethod java/lang/Module isNamed ()Z 512 0 7677 0 0
ciMethod java/lang/Module getLayer ()Ljava/lang/ModuleLayer; 0 0 1 0 -1
ciInstanceKlass java/lang/StringLatin1 1 1 395 7 1 10 7 12 1 1 1 10 12 1 1 10 7 12 1 1 1 10 7 12 1 1 1 10 12 1 10 7 12 1 1 1 10 12 1 1 10 7 12 1 1 1 10 7 12 1 1 1 10 12 1 1 10 12 1 1 10 10 12 1 10 12 1 10 9 7 12 1 1 1 10 12 1 1 10 7 12 1 1 1 10 12 10 12 1 1 10 12 1 1 10 12 1 10 12 1 1 10 12 1 1 10 12 1 10 7 12 1 1 1 10 12 1 10 12 1 1 9 12 1 1 100 1 10 10 12 1 1 10 7 12 1 1 1 10 12 1 10 12 1 100 1 7 1 8 1 10 12 1 8 1 10 12 1 1 100 1 10 10 12 10 7 12 1 1 1 8 1 8 1 8 1 10 12 1 1 10 7 12 1 1 10 12 1 10 12 1 1 10 12 1 1 10 12 1 1 10 12 1 10 12 10 12 10 12 1 10 12 10 10 12 1 10 12 1 10 12 1 10 100 12 1 1 1 10 100 12 1 1 1 10 12 1 1 10 12 1 1 10 10 7 12 1 1 1 1 1 1 1 1 1 1 1 1 1 1 1 1 1 1 1 1 1 1 1 1 1 1 1 1 1 1 1 1 1 1 1 1 1 1 1 1 1 1 1 1 1 1 1 1 1 1 1 1 100 1 1 1 1 1 1 1 1 1 1 1 1 1 1 1 1 1 1 1 1 1 1 1 1 1 1 1 1 1 1 1 1 1 1 1 1 1 1 1 1 1 1 100 1 1 1 1 1 1 1 1 1 1 1 1 1 1 1 1 1 1 1 1 1 1 1 100 1 1 1 1 1 1 1 1 1 1 1 1 1 1 1 1 1 1 1 1 1 1 1 1 1 1 100 1 1 1 1
staticfield java/lang/StringLatin1 $assertionsDisabled Z 1
ciInstanceKlass java/lang/Math 1 1 460 7 1 10 7 12 1 1 1 10 7 12 1 1 1 10 12 1 10 12 1 10 12 1 10 12 1 10 12 1 6 0 6 0 10 12 1 10 12 1 10 12 1 10 12 1 10 12 1 10 12 1 1 10 12 1 10 12 1 10 12 1 10 12 1 10 12 1 10 7 12 1 1 1 100 1 3 3 3 10 7 12 1 1 1 100 1 5 0 5 0 5 0 5 0 5 0 9 100 12 1 1 1 10 100 12 1 1 1 100 1 8 1 10 12 1 8 1 10 12 1 1 10 12 1 1 7 1 5 0 5 0 7 1 3 5 0 3 5 0 10 12 1 10 12 1 10 12 1 10 12 1 10 12 1 8 1 10 12 1 8 1 10 12 1 1 10 12 1 1 9 12 1 1 9 12 1 100 1 7 1 10 10 12 1 1 8 1 10 12 1 10 12 1 1 10 10 12 1 10 12 1 10 12 1 10 12 1 1 8 1 8 1 10 12 1 1 10 12 1 10 12 10 12 10 12 1 10 12 1 10 12 1 10 12 1 10 12 6 0 10 12 1 9 12 1 1 100 1 10 10 12 1 100 1 10 12 1 10 12 1 1 10 12 1 10 12 1 10 12 10 12 1 1 10 12 1 1 10 12 1 1 10 12 6 0 10 12 1 1 10 12 10 12 1 4 10 12 1 10 12 1 10 12 10 12 1 10 12 1 10 12 1 10 12 1 10 12 1 10 12 1 5 0 6 0 4 6 0 4 6 0 4 10 12 1 9 12 1 1 10 12 9 12 1 10 7 12 1 1 1 4 6 0 1 1 6 0 1 6 0 1 6 0 1 1 1 1 1 1 1 1 1 1 1 1 1 1 1 1 1 1 1 1 1 1 1 1 1 1 1 1 1 1 1 1 1 1 1 1 1 1 1 1 1 1 1 1 1 1 1 1 1 1 1 1 1 1 1 1 1 1 1 1 1 1 1 1 1 1 1 1 1 1 1 1 1 1 1 1 1 1 1 1 1 1 1 1 1 1 1 1 1 1 1 1 1 1 1 1
staticfield java/lang/Math negativeZeroFloatBits J -2147483648
staticfield java/lang/Math negativeZeroDoubleBits J -9223372036854775808
staticfield java/lang/Math $assertionsDisabled Z 1
ciInstanceKlass jdk/internal/util/ArraysSupport 1 1 378 7 1 7 1 8 1 10 12 1 1 10 12 1 1 10 7 12 1 1 9 7 12 1 1 1 9 12 1 1 10 7 12 1 1 1 9 12 1 1 10 7 12 1 1 1 9 12 1 10 12 9 12 1 10 12 1 1 10 12 7 1 10 12 1 1 10 12 1 100 1 10 12 1 1 10 12 100 1 10 12 1 100 1 10 12 1 100 1 7 1 10 8 1 10 12 1 1 10 12 1 10 12 1 1 10 9 12 1 1 11 7 12 1 1 1 9 12 1 9 12 1 10 12 1 1 9 12 1 9 12 1 9 12 1 9 12 1 9 12 1 9 12 1 9 12 1 10 12 1 1 10 7 12 1 1 1 9 12 1 9 12 1 10 12 1 1 10 12 1 9 12 1 10 12 1 10 7 12 1 1 1 9 12 1 9 12 1 10 12 1 10 12 1 10 7 12 1 1 1 3 10 12 1 7 1 8 1 8 1 8 1 10 10 100 12 1 1 1 11 7 12 1 1 1 10 12 1 10 7 12 1 1 1 10 12 1 1 10 12 1 1 9 12 1 10 12 1 9 12 1 9 12 1 9 12 1 9 12 1 9 12 1 9 12 1 9 12 1 7 1 10 7 12 1 1 1 1 1 3 1 3 1 3 1 3 1 3 1 3 1 3 1 3 1 1 1 1 1 1 1 1 1 1 1 1 1 1 1 1 1 1 1 1 1 1 1 1 1 1 1 1 1 1 1 1 1 1 1 1 1 1 1 1 1 1 1 1 1 1 1 1 1 1 1 1 1 1 1 1 1 1 1 1 1 1 1 1 1 1 1 1 1 1 1 1 1 1 1 1 1 1 1 100 1 1 1 1
staticfield jdk/internal/util/ArraysSupport U Ljdk/internal/misc/Unsafe; jdk/internal/misc/Unsafe
staticfield jdk/internal/util/ArraysSupport BIG_ENDIAN Z 0
staticfield jdk/internal/util/ArraysSupport LOG2_ARRAY_BOOLEAN_INDEX_SCALE I 0
staticfield jdk/internal/util/ArraysSupport LOG2_ARRAY_BYTE_INDEX_SCALE I 0
staticfield jdk/internal/util/ArraysSupport LOG2_ARRAY_CHAR_INDEX_SCALE I 1
staticfield jdk/internal/util/ArraysSupport LOG2_ARRAY_SHORT_INDEX_SCALE I 1
staticfield jdk/internal/util/ArraysSupport LOG2_ARRAY_INT_INDEX_SCALE I 2
staticfield jdk/internal/util/ArraysSupport LOG2_ARRAY_LONG_INDEX_SCALE I 3
staticfield jdk/internal/util/ArraysSupport LOG2_ARRAY_FLOAT_INDEX_SCALE I 2
staticfield jdk/internal/util/ArraysSupport LOG2_ARRAY_DOUBLE_INDEX_SCALE I 3
staticfield jdk/internal/util/ArraysSupport LOG2_BYTE_BIT_SIZE I 3
staticfield jdk/internal/util/ArraysSupport JLA Ljdk/internal/access/JavaLangAccess; java/lang/System$2
ciInstanceKlass java/lang/Character 1 1 604 7 1 7 1 100 1 9 12 1 1 8 1 9 12 1 1 7 1 9 12 1 1 10 7 12 1 1 1 10 100 12 1 1 1 10 100 12 1 1 1 10 7 12 1 1 1 9 7 12 1 1 1 10 12 1 10 12 1 1 10 12 1 1 10 7 12 1 1 10 12 1 1 3 3 3 3 3 10 12 1 1 10 12 1 3 11 7 12 1 1 1 11 12 1 1 10 12 1 1 10 12 1 1 100 1 10 10 12 1 3 10 12 1 1 10 12 1 10 12 1 1 100 1 8 1 10 12 1 1 10 12 1 10 12 1 10 12 1 10 100 12 1 1 1 10 12 1 10 12 1 10 12 1 1 10 12 1 10 7 12 1 1 10 10 12 1 10 10 12 1 10 12 1 1 10 12 1 10 10 12 1 10 12 1 10 12 1 10 12 1 10 12 1 10 12 1 10 12 1 10 12 10 10 12 10 10 12 1 10 10 12 1 10 10 12 1 10 10 12 1 10 12 1 10 12 1 10 12 1 10 12 1 10 12 1 10 12 1 10 10 12 1 10 10 12 1 10 10 12 1 1 10 10 12 1 10 5 0 10 12 1 10 12 1 10 10 12 1 10 10 12 1 1 10 10 12 1 10 10 12 1 9 12 1 1 100 1 10 10 12 1 10 12 1 1 3 10 100 12 1 1 1 10 12 1 10 100 12 1 1 7 1 10 10 12 1 1 10 12 1 1 10 12 1 1 8 1 10 12 1 9 100 12 1 1 1 10 12 1 10 10 12 1 10 12 1 1 10 12 1 10 10 12 1 1 10 10 12 1 1 7 1 8 1 10 12 1 1 10 7 12 1 1 1 8 1 10 12 1 1 9 12 1 1 7 1 7 1 7 1 1 1 1 3 1 3 1 3 1 3 1 1 1 1 1 3 1 1 3 1 3 1 3 1 3 1 3 1 3 1 3 1 3 1 3 1 3 1 3 1 3 1 3 1 3 1 3 1 3 1 3 1 3 1 3 1 3 1 3 1 3 1 3 1 3 1 3 1 3 1 3 1 3 1 1 1 1 1 1 1 1 1 1 1 1 1 1 1 1 1 1 1 3 1 1 1 1 1 1 1 3 1 1 3 1 1 1 1 1 3 1 1 5 0 1 1 1 1 1 1 1 1 1 1 1 1 1 1 1 1 1 1 1 1 1 1 1 1 1 1 1 1 1 1 1 1 1 1 1 1 1 1 1 1 1 1 1 1 1 1 1 1 1 1 1 1 1 1 1 1 1 1 1 1 1 1 1 1 1 1 1 1 1 1 1 1 1 1 1 1 1 1 1 1 1 1 1 1 1 1 1 1 1 1 100 1 100 1 1 1 1 1 1
staticfield java/lang/Character TYPE Ljava/lang/Class; java/lang/Class
staticfield java/lang/Character $assertionsDisabled Z 1
ciInstanceKlass java/lang/StringConcatHelper 1 1 313 7 1 10 7 12 1 1 1 10 100 12 1 1 1 7 1 5 0 7 1 8 1 10 12 1 10 12 1 1 10 12 1 1 10 7 12 1 1 1 10 7 12 1 1 10 12 1 1 10 12 1 11 100 12 1 1 10 100 12 1 1 1 10 12 1 1 10 12 1 10 12 1 10 12 1 1 10 10 12 1 10 12 1 10 10 12 1 10 12 1 1 11 12 1 7 1 7 1 100 1 8 1 10 12 1 10 12 1 10 12 1 7 1 7 1 10 8 1 10 12 1 1 10 12 1 8 1 10 12 1 1 10 10 12 1 1 10 12 1 1 10 10 12 1 1 10 12 1 10 12 1 1 10 12 1 1 10 8 1 9 12 1 1 9 7 12 1 1 1 10 7 12 1 1 1 7 1 9 12 1 1 10 12 1 1 9 100 12 1 1 1 9 12 1 9 12 1 9 12 1 10 7 12 1 1 1 10 7 12 1 1 1 100 1 100 1 10 12 1 10 12 1 1 1 1 1 5 0 1 1 1 1 1 1 1 1 1 1 1 1 1 1 1 1 1 1 1 1 1 1 1 1 1 1 1 1 1 1 1 1 1 1 1 1 1 1 1 1 1 1 1 1 1 1 1 1 1 1 1 1 1 1 1 1 1 1 1 1 7 1 1 1 1 1 1 1 1 1 7 1 1 1 1 1 1 1 1 100 1 100 1 1
staticfield java/lang/StringConcatHelper UNSAFE Ljdk/internal/misc/Unsafe; jdk/internal/misc/Unsafe
ciInstanceKlass java/util/Arrays 1 1 1029 10 7 12 1 1 1 10 100 12 1 1 1 10 7 12 1 1 1 10 12 1 10 12 1 10 12 1 10 12 1 10 12 1 10 12 1 10 100 12 1 1 1 100 1 7 1 10 8 1 10 12 1 1 10 12 1 8 1 8 1 10 12 1 1 10 12 1 100 1 10 12 1 9 100 12 1 1 1 10 7 12 1 1 100 1 10 12 1 1 10 7 12 1 1 10 7 12 1 1 1 100 1 10 12 1 10 12 1 1 7 1 9 7 12 1 1 1 10 12 1 1 10 7 12 1 1 10 12 1 10 12 1 1 10 12 1 10 12 1 1 7 1 11 12 1 1 10 12 1 10 7 12 1 1 1 10 12 10 12 1 10 12 1 10 12 10 12 1 11 7 12 1 1 1 10 7 12 1 1 1 100 1 10 12 1 10 100 1 10 12 1 10 100 1 10 12 1 10 100 1 10 12 1 10 10 12 1 1 10 12 1 10 12 1 10 12 1 10 12 1 10 12 1 10 7 12 1 1 1 10 12 1 10 7 12 1 1 1 10 12 1 10 12 1 10 7 12 1 1 1 10 12 1 10 12 1 10 12 1 10 12 1 10 12 1 10 12 1 10 12 1 10 12 1 10 12 1 10 12 1 10 12 1 10 12 1 10 12 1 10 12 1 10 12 1 10 12 1 1 10 12 1 1 10 7 12 1 1 1 10 7 1 10 100 1 10 7 1 10 7 1 10 7 1 10 100 1 10 100 1 10 100 1 10 12 1 8 1 10 12 1 1 10 12 1 1 10 12 1 1 10 12 1 1 10 12 1 1 10 12 1 1 10 12 1 1 10 12 1 1 10 12 1 1 7 1 10 12 10 12 1 1 10 12 1 10 12 1 1 10 12 1 1 9 7 12 1 1 1 10 12 1 9 7 1 10 12 1 9 7 1 10 12 1 9 7 1 10 12 1 9 7 1 10 12 1 9 7 1 10 12 1 9 10 12 1 10 12 1 10 12 1 9 12 1 100 1 10 10 12 1 1 10 12 1 10 12 1 10 12 1 10 12 1 10 12 1 10 12 1 10 12 1 10 12 1 10 12 1 8 1 8 1 10 12 1 10 12 1 8 1 10 12 1 10 12 1 10 12 1 10 7 12 1 1 1 3 10 100 1 10 10 12 1 1 11 100 12 1 1 10 12 1 1 10 12 1 10 12 1 10 12 1 10 12 1 10 12 1 10 12 1 10 12 1 10 12 1 11 12 1 8 1 10 11 12 1 11 100 12 1 1 1 11 100 12 1 1 1 11 12 1 1 18 12 1 1 11 12 1 1 11 100 12 1 1 1 18 12 1 11 100 12 1 1 1 18 12 1 11 100 12 1 1 1 18 12 1 100 1 10 7 12 1 1 1 10 12 1 10 12 1 10 12 1 10 12 1 10 12 1 10 12 1 10 12 1 10 12 1 1 10 12 1 10 7 12 1 1 10 12 1 10 12 1 10 12 1 1 10 12 1 10 12 1 10 12 1 1 10 12 1 10 12 1 10 12 1 1 10 12 1 10 12 1 10 12 1 10 12 1 10 12 10 12 1 10 12 10 12 10 12 1 10 12 10 12 1 10 12 1 10 12 1 1 1 1 3 1 3 1 1 1 1 1 1 1 1 1 1 1 1 1 1 1 1 1 1 1 1 1 1 1 1 1 1 1 1 1 1 1 1 1 1 1 1 1 1 1 1 1 1 1 1 1 1 1 1 1 1 1 1 1 1 1 1 1 1 1 1 1 1 1 1 1 1 1 1 1 1 1 1 1 1 1 1 1 1 1 1 1 1 1 1 1 1 1 1 1 1 1 1 1 1 1 1 1 1 1 1 1 1 1 1 1 1 1 1 1 1 1 1 1 1 1 1 1 1 1 1 1 1 1 1 1 1 1 1 1 1 1 1 1 1 1 1 1 1 1 1 1 1 1 1 1 1 1 1 1 1 1 1 1 1 1 1 1 1 1 1 1 1 1 1 1 1 1 1 1 1 1 1 1 1 1 1 1 1 1 1 1 1 1 1 1 1 1 1 1 1 1 1 1 1 1 1 1 1 1 1 1 1 1 1 1 1 1 1 1 1 1 1 1 1 1 1 1 1 1 1 1 1 1 1 1 1 1 1 1 1 1 1 1 1 1 1 1 1 1 1 1 1 1 1 1 1 1 1 1 1 1 1 1 1 100 1 1 16 15 10 12 15 10 12 15 10 12 15 10 12 15 10 100 12 1 1 1 1 1 100 1 100 1 1 1 1 100 1 1 1 1 1 1 100 1 1 100 1 1 100 1 1 1 100 1 100 1 1
staticfield java/util/Arrays $assertionsDisabled Z 1
ciInstanceKlass java/lang/OutOfMemoryError 1 1 26 10 100 12 1 1 1 10 12 1 100 1 1 1 1 5 0 1 1 1 1 1 1 1 1 1
ciMethod java/lang/StringLatin1 equals ([B[B)Z 976 876 6617 0 -1
ciMethod java/lang/StringLatin1 hashCode ([B)I 672 0 5526 0 624
ciMethod java/lang/StringLatin1 inflate ([BI[BII)V 0 0 5 0 -1
ciMethod java/lang/StringLatin1 regionMatchesCI ([BI[BII)Z 512 130 8491 0 -1
ciMethod java/lang/StringLatin1 regionMatchesCI_UTF16 ([BI[BII)Z 0 0 1 0 -1
ciMethod java/lang/StringLatin1 lastIndexOf ([BII)I 228 8442 916 0 384
ciMethod java/lang/StringLatin1 newString ([BII)Ljava/lang/String; 764 0 5640 0 1240
ciMethod java/lang/StringLatin1 replace ([BCC)Ljava/lang/String; 256 10282 807 0 1008
ciMethod java/lang/StringLatin1 canEncode (I)Z 602 0 143933 0 104
ciMethod java/lang/StringLatin1 canEncode (C)Z 518 0 92611 0 96
ciInstanceKlass java/lang/StringUTF16 1 1 635 7 1 7 1 10 7 12 1 1 1 10 7 12 1 1 1 100 1 10 3 7 1 7 1 10 8 1 10 12 1 1 10 12 1 8 1 10 12 1 1 10 12 1 9 12 1 1 10 12 1 1 100 1 8 1 10 12 1 9 12 1 1 9 12 1 10 10 12 1 1 10 12 1 1 10 7 12 1 1 1 10 12 1 10 12 1 1 10 12 1 1 10 12 1 1 10 12 1 1 10 12 1 10 12 1 1 10 12 1 1 10 12 1 1 10 12 1 1 10 12 1 1 10 12 1 10 7 12 1 1 1 10 12 1 1 10 100 12 1 1 1 10 12 1 1 10 12 1 10 12 1 1 10 12 1 1 10 12 1 1 10 12 1 10 12 1 100 1 10 12 1 10 10 12 1 10 12 1 1 10 12 1 10 100 12 1 1 1 10 12 1 1 10 12 10 12 1 1 10 12 1 10 12 1 1 10 12 1 10 12 1 10 12 1 10 12 1 7 1 10 12 1 1 10 12 1 3 10 12 1 1 10 12 1 10 12 1 10 12 1 10 12 1 10 12 1 10 12 1 1 9 12 1 10 12 1 10 12 10 12 1 1 10 12 1 10 12 1 10 12 1 10 10 12 10 12 10 10 12 1 1 10 12 1 10 12 1 10 12 1 100 1 8 1 8 1 10 12 1 1 100 1 10 10 7 12 1 1 1 10 100 12 1 1 8 1 8 1 8 1 10 12 1 1 10 12 1 1 10 12 10 100 12 1 1 10 12 1 1 10 12 1 1 10 12 1 10 12 10 12 10 12 1 10 12 10 12 1 10 12 1 10 12 1 10 12 1 10 100 12 1 1 1 10 100 12 1 1 1 10 12 1 1 10 12 1 1 11 7 12 1 1 10 12 1 10 12 1 10 12 1 1 9 12 1 1 9 12 1 5 0 5 0 10 12 1 10 12 10 12 10 7 12 1 1 1 10 12 1 1 1 1 1 1 1 1 1 1 1 1 1 1 1 1 1 1 1 1 1 1 1 1 1 1 1 1 1 100 1 1 1 1 1 1 1 1 1 1 1 1 1 1 1 1 1 1 1 1 1 1 1 1 1 1 1 1 1 1 1 1 1 1 1 1 1 1 1 1 1 1 1 1 1 1 1 1 1 1 1 1 1 1 1 1 1 1 1 1 1 1 1 1 1 1 1 1 1 1 1 1 1 1 1 1 1 1 1 1 1 1 1 1 1 1 1 1 1 1 100 1 1 1 1 1 1 1 1 1 1 1 1 1 1 1 1 1 100 1 1 1 1 1 1 1 1 1 1 1 1 1 1 1 1 1 1 1 1 1 1 1 1 1 1 1 1 1 1 1 1 1 1 1 1 1 1 1 1 1 1 1 1 1 1 1 1 1 1 1 1 1 1 1 1 1 1 1 100 1 100 1 1 1 1 1
staticfield java/lang/StringUTF16 HI_BYTE_SHIFT I 0
staticfield java/lang/StringUTF16 LO_BYTE_SHIFT I 8
staticfield java/lang/StringUTF16 $assertionsDisabled Z 1
ciInstanceKlass java/lang/Integer 1 1 453 7 1 7 1 7 1 7 1 10 12 1 1 9 12 1 1 9 12 1 1 10 100 12 1 1 1 10 12 1 1 10 100 12 1 1 1 10 10 12 1 1 10 7 12 1 1 1 10 12 1 10 12 1 1 10 7 12 1 1 1 10 12 1 1 10 12 1 1 10 12 1 10 12 1 10 12 1 1 10 10 12 1 9 12 1 1 9 12 1 100 1 8 1 10 12 1 7 1 10 12 1 8 1 10 12 1 1 10 12 1 8 1 10 12 1 8 1 10 12 1 1 3 10 12 1 1 3 10 12 1 1 10 12 1 1 10 7 12 1 1 1 11 7 1 10 12 1 1 11 10 12 1 1 8 1 10 12 1 1 8 1 7 1 10 12 1 1 10 12 1 1 5 0 8 1 10 12 1 10 12 1 10 12 1 10 12 1 1 7 1 9 12 1 1 9 12 1 1 10 12 1 10 7 1 9 12 1 10 12 1 10 12 1 10 12 1 1 10 7 12 1 1 1 100 1 100 1 10 12 1 1 10 12 1 1 8 1 8 1 10 12 1 1 8 1 8 1 8 1 8 1 8 1 8 1 10 12 1 10 12 1 5 0 3 3 3 3 10 12 1 10 12 1 3 10 12 1 10 100 12 1 1 1 10 12 1 1 10 12 1 1 8 1 10 7 12 1 1 1 9 12 1 1 7 1 7 1 7 1 1 1 1 3 1 1 1 3 1 3 1 1 5 0 1 1 1 1 1 1 1 1 1 100 1 1 1 1 1 1 1 1 1 1 1 1 1 1 1 1 1 1 1 1 1 1 1 1 1 1 1 1 1 1 1 1 1 1 1 1 1 1 1 1 3 1 1 1 1 1 1 1 1 1 1 1 1 1 1 1 1 7 1 1 1 1 1 1 1 1 1 1 1 1 1 1 1 1 1 1 1 1 1 1 1 1 1 1 1 1 1 1 1 1 1 1 1 1 1 1 1 1 1 1 1 1 1 1 7 1 1 1 1 1 1 1 1 1 100 1 100 1 1
staticfield java/lang/Integer TYPE Ljava/lang/Class; java/lang/Class
staticfield java/lang/Integer digits [C 36
staticfield java/lang/Integer DigitTens [B 100
staticfield java/lang/Integer DigitOnes [B 100
instanceKlass java/math/BigDecimal
instanceKlass java/math/BigInteger
instanceKlass java/util/concurrent/atomic/Striped64
instanceKlass java/util/concurrent/atomic/AtomicLong
instanceKlass java/util/concurrent/atomic/AtomicInteger
instanceKlass java/lang/Long
instanceKlass java/lang/Integer
instanceKlass java/lang/Short
instanceKlass java/lang/Byte
instanceKlass java/lang/Double
instanceKlass java/lang/Float
ciInstanceKlass java/lang/Number 1 1 37 10 7 12 1 1 1 10 100 12 1 1 1 100 1 1 1 1 5 0 1 1 1 1 1 1 1 1 1 1 1 1 1 1 1 1 1
ciMethod java/lang/StringUTF16 hashCode ([B)I 0 0 1 0 0
ciMethod java/lang/StringUTF16 getChar ([BI)C 1024 0 11631 0 -1
ciMethod java/lang/StringUTF16 putChar ([BII)V 1024 0 13544 0 -1
ciMethod java/lang/StringUTF16 newBytesFor (I)[B 0 0 18 0 -1
ciMethod java/lang/StringUTF16 regionMatchesCI ([BI[BII)Z 0 0 1 0 -1
ciMethod java/lang/StringUTF16 regionMatchesCI_Latin1 ([BI[BII)Z 0 0 1 0 -1
ciMethod java/lang/StringUTF16 lastIndexOf ([BII)I 0 0 1 0 -1
ciMethod java/lang/StringUTF16 newString ([BII)Ljava/lang/String; 0 0 12 0 -1
ciMethod java/lang/StringUTF16 replace ([BCC)Ljava/lang/String; 0 0 1 0 -1
ciInstanceKlass java/lang/Thread$FieldHolder 1 1 48 10 7 12 1 1 1 9 7 12 1 1 1 9 12 1 1 9 12 1 1 9 12 1 1 9 12 1 1 1 1 1 1 1 1 1 1 100 1 100 1 1 1 1 100 1 1 1
ciInstanceKlass java/lang/Thread$Constants 0 0 59 7 1 10 7 12 1 1 1 100 1 10 10 7 12 1 1 1 7 1 8 1 10 12 1 9 7 12 1 1 1 7 1 7 1 10 12 1 10 12 1 9 12 1 1 1 1 1 1 1 1 1 1 1 1 1 1 1 1
ciInstanceKlass java/lang/ThreadGroup 1 1 411 10 7 12 1 1 1 9 7 12 1 1 1 8 1 9 12 1 1 7 1 9 12 1 1 9 12 1 1 10 7 12 1 1 1 10 12 1 1 10 12 1 10 12 1 10 12 1 10 12 1 1 10 12 1 1 10 12 1 10 12 1 1 10 12 1 10 12 1 10 100 12 1 1 1 10 12 1 1 18 12 1 1 11 7 12 1 1 1 10 7 12 1 1 1 10 7 12 1 10 12 1 1 10 12 1 1 10 12 1 1 10 100 12 1 1 1 10 12 1 11 12 1 1 11 7 12 1 1 11 12 1 1 10 12 1 1 10 12 1 10 12 1 11 12 1 11 12 1 1 100 1 10 10 12 1 100 1 10 18 12 1 1 11 7 12 1 1 1 11 12 1 1 9 12 1 1 10 12 1 1 8 1 10 7 12 1 1 1 10 100 12 1 1 1 10 12 1 1 11 12 10 12 1 1 10 12 1 1 11 7 1 9 12 1 7 1 10 8 1 10 12 1 1 10 12 1 1 8 1 10 12 1 10 7 12 1 1 1 10 12 1 1 10 7 1 8 1 10 8 1 10 12 1 10 12 1 8 1 9 12 1 1 9 12 1 10 100 12 1 1 1 100 9 12 1 1 7 1 9 12 1 10 12 10 12 1 1 100 10 12 9 12 1 10 12 1 100 1 10 11 12 1 1 7 1 10 10 12 1 10 12 1 1 1 1 1 1 1 1 1 1 1 1 1 1 1 1 1 1 3 1 1 1 1 1 1 1 1 1 1 1 1 100 1 1 1 1 1 1 1 1 1 1 1 1 1 1 1 1 1 1 1 1 1 1 1 1 1 1 1 1 1 1 1 1 1 1 1 1 1 1 1 1 1 1 1 16 15 10 12 16 16 15 10 12 16 15 10 100 12 1 1 1 1 1 100 1 100 1 1
staticfield java/lang/ThreadGroup $assertionsDisabled Z 1
ciInstanceKlass java/lang/Thread$UncaughtExceptionHandler 1 0 16 100 1 100 1 1 1 1 1 1 1 1 100 1 1 1
ciInstanceKlass java/security/AccessControlContext 1 1 374 9 7 12 1 1 1 9 12 1 1 10 100 12 1 1 1 8 1 10 100 12 1 1 1 10 7 12 1 1 1 9 12 1 9 12 1 1 9 12 1 1 10 7 12 1 1 7 1 10 12 1 11 7 12 1 1 1 11 12 1 11 12 1 11 12 1 1 7 1 11 12 1 1 10 12 1 10 7 12 1 1 1 9 100 12 1 1 1 10 7 12 1 1 1 11 100 12 1 1 1 10 7 1 100 1 8 1 10 12 1 10 12 1 1 7 1 10 7 12 1 1 1 9 12 1 9 12 1 9 12 1 9 12 1 1 9 12 1 1 9 12 1 9 12 1 10 7 12 1 1 1 9 12 1 10 12 1 1 10 12 1 1 8 1 10 12 1 1 10 12 1 1 10 7 12 1 1 1 7 1 10 10 12 1 1 10 7 12 1 1 1 10 8 1 10 7 12 1 1 8 1 10 7 12 1 1 8 1 8 1 10 12 1 8 1 10 12 1 8 1 10 12 1 10 12 1 10 12 1 1 8 1 8 1 100 1 10 12 1 10 12 1 1 100 1 10 12 1 8 1 10 12 1 10 12 1 10 8 1 10 12 1 1 10 12 1 1 10 12 1 1 10 12 1 1 10 12 1 10 12 1 11 10 12 1 10 12 1 1 10 10 10 12 1 1 1 1 1 1 1 1 1 1 1 1 1 1 1 1 1 1 1 1 1 1 1 1 100 1 1 1 1 1 1 1 1 1 1 1 1 1 1 1 1 1 1 1 1 1 1 1 1 1 1 1 1 1 1 1 1 1 1 1 1 1 1 1 1 1 1 1 1 1 1 1 1 1 1 1 1 3 1 1
instanceKlass java/lang/ThreadBuilders$BoundVirtualThread
instanceKlass java/lang/VirtualThread
ciInstanceKlass java/lang/BaseVirtualThread 0 0 36 10 100 12 1 1 1 100 1 1 1 1 1 1 1 1 1 1 1 1 1 1 1 1 1 1 1 1 100 1 100 1 1 100 1 1
ciInstanceKlass java/lang/VirtualThread 0 0 907 9 7 12 1 1 1 10 7 12 1 1 1 10 100 12 1 1 1 10 7 12 1 1 1 9 12 1 1 9 12 1 1 100 1 10 12 1 9 12 1 1 18 12 1 1 9 12 1 1 10 12 1 1 100 1 10 12 1 10 12 1 1 10 12 1 1 10 12 1 1 10 12 1 10 7 12 1 10 12 1 10 12 1 10 12 1 10 12 1 11 100 12 1 1 1 100 1 10 12 1 1 10 100 12 1 1 1 10 100 12 1 1 1 10 12 1 100 1 10 10 12 1 10 12 1 1 9 12 1 1 10 12 1 1 9 12 1 1 10 12 1 9 12 1 1 9 12 1 100 1 10 10 12 1 10 100 12 1 1 10 9 10 10 12 1 1 10 12 1 1 10 100 12 1 1 10 100 1 10 9 10 10 12 1 7 1 10 12 1 1 10 12 1 10 12 1 10 12 1 1 9 12 1 10 12 1 10 12 1 9 12 1 1 10 12 1 10 12 1 9 12 1 1 10 12 1 10 12 1 10 12 1 11 100 12 1 1 10 12 1 1 10 12 1 1 10 12 1 1 9 12 1 10 100 1 10 12 1 1 10 12 1 1 10 12 1 10 12 1 10 12 1 10 12 9 12 1 1 10 100 12 1 1 10 12 1 10 12 1 1 10 100 12 1 1 10 12 1 100 1 8 1 10 12 1 10 12 1 1 10 12 1 10 12 1 10 100 12 1 1 10 12 1 10 12 1 1 10 12 1 10 12 1 1 10 7 12 1 1 10 12 1 1 10 12 1 1 100 1 10 10 12 1 7 1 9 12 1 1 10 7 12 1 1 10 9 12 1 1 18 9 100 12 1 1 1 11 100 12 1 1 1 11 100 1 11 12 10 12 1 10 12 1 1 10 12 1 100 1 10 10 12 1 10 12 1 1 10 12 1 1 10 12 1 10 12 1 10 12 1 9 12 1 1 11 100 12 1 1 10 12 9 100 12 1 1 1 9 12 1 10 12 1 1 9 12 1 9 12 1 9 12 1 7 1 10 10 12 1 1 10 12 1 10 12 7 1 7 1 10 8 1 10 12 1 1 10 12 1 10 12 1 10 10 12 1 8 1 10 10 12 1 10 12 1 10 7 12 1 1 8 1 8 1 10 9 100 12 1 1 1 10 12 1 1 10 12 1 10 10 10 12 9 12 1 10 12 1 1 9 12 1 10 12 1 1 9 12 1 10 12 1 1 18 12 1 1 18 12 1 10 7 12 1 1 1 8 1 10 100 12 1 1 1 10 7 12 1 1 1 18 12 1 10 100 12 1 1 1 100 1 10 12 1 8 1 10 12 1 8 1 10 12 1 1 8 1 8 1 10 100 12 1 1 8 1 10 12 1 8 1 8 1 10 100 12 1 1 1 10 12 1 10 12 1 1 10 12 1 18 12 1 1 18 12 1 1 5 0 9 12 1 10 12 1 18 12 1 100 1 10 12 10 7 12 1 1 10 12 1 1 7 1 8 1 10 10 12 1 10 12 1 1 10 12 1 9 12 1 8 10 12 1 1 8 8 9 12 1 8 10 12 1 1 3 1 3 1 3 1 3 1 3 1 3 1 3 1 3 1 3 1 3 1 3 1 3 3 1 3 1 1 1 1 1 1 1 1 1 1 1 1 1 1 7 1 1 1 1 1 1 1 1 1 1 1 1 1 1 7 1 1 1 1 1 1 1 1 1 1 1 7 1 1 1 1 1 1 1 1 1 1 1 1 1 1 1 1 1 1 1 1 1 1 1 1 1 1 1 1 1 1 1 1 1 1 1 1 1 1 1 100 1 1 1 1 1 1 1 1 1 1 1 1 1 1 1 1 1 1 1 1 1 1 1 1 1 1 1 1 1 1 1 1 1 1 1 100 1 1 1 1 1 1 1 1 1 1 1 1 1 1 100 1 1 16 15 10 12 15 16 15 10 12 16 15 10 12 16 16 15 10 12 16 15 10 12 16 15 10 12 16 15 10 12 16 1 15 10 100 12 1 1 1 1 1 1 1 7 1 1 100 1 100 1 1
ciInstanceKlass java/lang/ThreadBuilders$BoundVirtualThread 0 0 132 10 7 12 1 1 1 9 7 12 1 1 1 10 7 12 1 1 1 9 12 1 1 10 12 1 1 10 12 1 1 9 12 1 1 10 7 12 1 1 1 10 12 1 1 7 1 8 1 10 12 1 10 12 1 1 10 12 1 1 10 12 1 1 10 7 12 1 1 1 8 1 10 12 1 8 1 10 12 1 1 10 100 12 1 1 9 100 12 1 1 1 10 12 1 1 10 10 12 1 1 1 1 1 1 1 1 1 1 1 1 1 1 1 1 1 1 1 1 1 1 1 1 1 1 1 1 100 1 1 1 1
ciInstanceKlass jdk/internal/vm/ContinuationScope 0 0 50 10 100 12 1 1 1 10 100 12 1 1 1 100 1 9 100 12 1 1 1 10 12 1 1 10 100 12 1 1 1 10 12 1 1 10 12 1 1 1 1 1 1 1 1 1 1 1 1 1
ciInstanceKlass jdk/internal/vm/StackChunk 0 0 32 10 100 12 1 1 1 9 100 12 1 1 1 9 12 1 1 9 12 1 1 1 1 1 1 1 1 1 1 1 1 1
ciInstanceKlass java/lang/Float 1 1 279 7 1 7 1 10 100 12 1 1 1 10 100 12 1 1 1 4 7 1 10 12 1 1 10 12 1 1 8 1 8 1 10 7 12 1 1 1 10 12 1 1 10 12 1 1 10 100 1 4 10 7 12 1 1 9 12 1 1 10 12 1 1 10 12 1 10 10 12 1 1 10 12 1 10 12 1 3 3 100 1 4 4 4 3 10 12 1 1 9 12 1 1 100 1 10 3 3 4 4 10 12 1 3 3 3 10 12 1 1 10 12 1 1 10 12 1 10 100 12 1 1 1 10 12 1 1 10 12 1 1 10 7 12 1 1 1 8 1 10 12 1 1 9 12 1 1 7 1 7 1 7 1 1 1 1 4 1 4 1 1 1 4 1 1 3 1 3 1 3 1 3 1 3 1 1 1 1 5 0 1 1 1 1 1 1 1 1 1 1 100 1 1 1 1 1 1 1 1 1 1 1 1 1 3 1 1 1 1 1 1 1 1 1 1 1 1 1 1 1 1 1 1 1 1 1 1 1 1 1 1 1 1 1 1 1 1 1 1 1 1 1 1 1 1 1 1 1 1 1 1 1 1 1 1 1 1 1 1 1 1 1 1 1 1 1 7 1 1 1 1 1 1 1 100 1 100 1 1
staticfield java/lang/Float TYPE Ljava/lang/Class; java/lang/Class
staticfield java/lang/Float $assertionsDisabled Z 1
ciMethod java/lang/Float isNaN (F)Z 514 0 11855 0 0
ciInstanceKlass java/lang/Double 1 1 290 7 1 7 1 10 7 12 1 1 1 10 12 1 1 10 7 1 10 12 1 1 10 100 12 1 1 1 6 0 8 1 10 12 1 1 8 1 10 12 1 1 8 1 6 0 10 12 1 1 100 1 5 0 5 0 8 1 8 1 10 7 12 1 1 1 10 7 12 1 1 1 8 1 10 12 1 1 8 1 8 1 8 1 10 12 1 1 10 12 1 10 12 1 1 10 12 1 10 12 1 10 12 1 1 10 12 1 10 7 1 6 0 10 7 12 1 1 9 12 1 1 10 12 1 10 12 1 10 12 1 10 12 1 10 12 1 5 0 10 12 1 1 10 12 1 10 12 1 10 100 12 1 1 1 10 12 1 1 10 12 1 1 8 1 10 7 12 1 1 1 9 12 1 1 7 1 7 1 7 1 1 1 6 0 1 6 0 1 6 0 1 1 1 6 0 1 1 3 1 3 1 3 1 3 1 3 1 1 1 1 5 0 1 1 1 1 1 1 1 1 1 1 1 1 1 1 1 1 100 1 1 1 1 1 1 1 1 1 1 1 1 3 1 1 1 1 1 1 1 1 1 1 1 1 1 1 1 1 1 1 1 1 1 1 1 1 1 1 1 1 1 1 1 1 1 1 7 1 1 1 1 1 1 1 100 1 100 1 1
staticfield java/lang/Double TYPE Ljava/lang/Class; java/lang/Class
ciInstanceKlass java/lang/Byte 1 1 213 7 1 100 1 10 7 12 1 1 1 9 12 1 1 8 1 9 12 1 1 7 1 10 12 1 1 10 12 1 1 10 100 12 1 1 1 10 100 12 1 1 1 9 7 12 1 1 1 10 12 1 1 100 1 7 1 10 12 1 1 8 1 10 12 1 1 8 1 10 12 1 10 12 1 10 12 1 10 12 1 1 10 12 1 10 12 1 10 12 1 1 10 8 1 8 1 10 7 1 9 12 1 1 10 12 1 1 10 12 1 1 10 12 1 1 10 12 1 5 0 10 12 1 1 8 1 10 7 12 1 1 1 9 12 1 1 7 1 7 1 1 1 3 1 3 1 1 1 1 3 1 3 1 1 5 0 1 1 1 1 1 1 1 1 1 1 1 1 1 1 1 1 1 1 1 1 1 1 1 1 1 1 1 1 1 1 1 1 1 1 1 1 1 1 1 1 1 1 1 1 1 1 1 1 1 1 1 1 1 1 1 1
staticfield java/lang/Byte TYPE Ljava/lang/Class; java/lang/Class
ciInstanceKlass java/lang/Short 1 1 222 7 1 7 1 100 1 10 7 12 1 1 1 10 12 1 1 7 1 7 1 10 12 1 1 8 1 10 12 1 1 8 1 10 12 1 10 12 1 10 12 1 10 12 1 1 10 12 1 1 10 12 1 9 12 1 1 8 1 9 12 1 1 7 1 10 12 1 1 10 12 1 10 100 12 1 1 1 10 100 12 1 1 1 9 7 12 1 1 1 10 12 1 10 12 1 1 10 8 1 8 1 10 7 1 9 12 1 1 10 12 1 1 10 12 1 1 10 12 1 1 10 12 1 3 3 5 0 10 12 1 1 8 1 10 7 12 1 1 1 9 12 1 1 7 1 7 1 1 1 3 1 3 1 1 1 1 3 1 3 1 1 5 0 1 1 1 1 1 1 1 1 1 1 1 1 1 1 1 1 1 1 1 1 1 1 1 1 1 1 1 3 1 1 1 1 1 1 1 1 1 1 1 1 1 1 1 1 1 1 1 1 1 1 1 1 1 1 1 1 1 1
staticfield java/lang/Short TYPE Ljava/lang/Class; java/lang/Class
ciInstanceKlass java/lang/Long 1 1 524 7 1 7 1 7 1 7 1 10 12 1 1 9 12 1 1 9 7 12 1 1 1 10 7 12 1 1 1 10 12 1 1 10 100 12 1 1 1 10 10 12 10 12 1 10 12 1 10 12 1 5 0 5 0 7 1 10 12 1 1 10 12 1 1 10 12 1 10 12 1 10 12 1 10 12 1 1 10 100 12 1 1 10 12 1 10 12 1 1 10 12 1 1 10 12 1 1 10 12 1 1 10 100 12 1 1 1 10 12 1 1 10 12 1 10 12 1 10 12 1 10 12 1 1 10 10 12 1 5 0 5 0 9 12 1 1 9 12 1 5 0 100 1 8 1 10 12 1 8 1 10 12 1 8 1 8 1 10 12 1 1 5 0 10 12 1 1 5 0 10 12 1 1 10 12 1 1 10 100 12 1 1 1 11 7 1 10 12 1 1 11 10 12 1 1 8 1 10 12 1 1 8 1 7 1 10 12 1 1 10 12 1 8 1 8 1 11 12 1 1 10 12 1 10 12 1 10 12 1 5 0 5 0 9 7 12 1 1 1 10 12 1 10 12 1 1 8 1 8 1 10 12 1 1 8 1 8 1 8 1 8 1 8 1 8 1 10 12 1 10 7 1 9 12 1 1 10 12 1 10 12 1 1 10 12 1 1 10 7 12 1 1 1 100 1 100 1 10 12 1 1 10 12 1 1 5 0 10 12 1 10 12 1 5 0 5 0 5 0 10 12 1 1 10 12 1 5 0 5 0 10 12 1 10 12 1 10 100 12 1 1 1 10 12 1 1 10 12 1 1 8 1 10 7 12 1 1 1 9 12 1 1 7 1 7 1 7 1 1 1 1 5 0 1 1 1 1 3 1 3 1 5 0 1 1 1 1 1 1 1 1 1 100 1 1 1 1 1 1 1 1 1 1 1 1 1 1 1 1 1 1 1 1 1 1 1 1 1 1 1 1 1 1 1 1 1 1 1 1 1 1 1 1 1 1 1 1 1 1 1 1 1 1 1 1 1 1 1 3 1 1 1 1 1 1 1 1 1 1 1 1 1 1 1 7 1 1 1 1 1 1 1 1 1 1 1 1 1 1 1 1 1 1 1 1 1 1 1 1 1 1 1 1 1 1 1 1 1 1 1 1 1 1 1 1 1 1 1 7 1 1 1 1 1 1 1 1 1 100 1 100 1 1
staticfield java/lang/Long TYPE Ljava/lang/Class; java/lang/Class
ciInstanceKlass jdk/internal/vm/vector/VectorSupport 0 0 573 100 1 10 100 12 1 1 1 9 12 1 1 10 12 1 1 100 1 10 12 1 11 100 12 1 1 1 11 100 12 1 1 1 11 100 12 1 1 11 100 12 1 1 11 100 12 1 1 1 11 100 12 1 1 11 100 12 1 1 11 100 12 1 1 11 100 12 1 1 11 100 12 1 1 11 100 12 1 1 11 100 12 1 1 1 11 100 12 1 1 11 100 12 1 1 1 11 100 12 1 1 1 11 100 12 1 1 11 100 12 1 1 1 11 100 12 1 1 100 1 10 12 1 1 11 100 12 1 1 11 100 12 1 1 11 100 12 1 1 11 100 12 1 1 11 100 12 1 1 11 100 12 1 1 9 12 1 1 10 100 12 1 1 11 100 12 1 1 10 12 1 1 10 100 12 1 1 1 10 12 1 10 12 1 1 10 12 1 1 1 1 1 3 1 3 1 3 1 3 1 3 1 3 1 3 1 3 1 3 1 3 1 3 1 3 1 3 1 3 1 3 1 3 1 3 1 3 1 3 1 3 1 3 1 3 1 3 1 3 1 3 1 3 1 3 1 3 1 3 1 3 1 3 1 3 1 3 1 3 1 3 1 3 1 3 1 3 1 3 1 3 1 3 1 3 1 3 1 3 1 3 1 3 1 3 1 3 1 3 1 3 1 3 1 3 1 3 1 1 1 1 1 1 1 1 1 1 1 1 1 1 1 1 1 1 1 1 1 1 1 1 1 1 1 1 1 1 1 1 1 1 1 1 1 1 1 1 1 1 1 1 1 1 1 1 1 1 1 1 1 1 1 1 1 1 1 1 1 1 1 1 1 1 1 1 1 1 1 1 1 1 1 1 1 1 1 1 1 1 1 1 1 1 1 1 1 1 1 1 1 1 1 1 1 1 1 1 1 1 1 1 1 1 1 1 1 1 1 1 1 1 1 1 1 1 1 1 1 1 1 1 1 1 1 1 1 1 1 1 1 1 1 1 1 1 1 1 1 1 1 1 1 1 1 1 1 1 1 1 1 1 1 1 1 1 1 1 1 1 1 1 1 1 1 1 1 1 1 1 1 1 1 1 1 1 1 1 1 1 1 1 1 1 1 1 1 1 1 1 1 1 1 1 1 1 1 1 1 1 1 1 1 1 1 1 1 1 1 1 1 1 1 1 1 1 1 1 1 1 1 1 1 1 1 1 1 1 1 1 1 1 1 100 1 100 1 100 1 100 1 100 1 1 1 1 1 1 1 1 1 1 1 1 1 1 1 1 1 1 1 1 1 1 1 1 1 1 1 1 1 1 1
instanceKlass jdk/internal/vm/vector/VectorSupport$VectorShuffle
instanceKlass jdk/internal/vm/vector/VectorSupport$VectorMask
instanceKlass jdk/internal/vm/vector/VectorSupport$Vector
ciInstanceKlass jdk/internal/vm/vector/VectorSupport$VectorPayload 0 0 32 10 100 12 1 1 1 9 100 12 1 1 1 10 100 12 1 1 1 1 1 1 1 1 1 1 1 1 1 1 1 1
ciInstanceKlass jdk/internal/vm/vector/VectorSupport$Vector 0 0 28 10 100 12 1 1 1 100 1 1 1 1 1 1 1 1 1 1 1 1 1 1 1 100 1 1 1 1
ciInstanceKlass jdk/internal/vm/vector/VectorSupport$VectorMask 0 0 28 10 100 12 1 1 1 100 1 1 1 1 1 1 1 1 1 1 1 1 1 1 1 100 1 1 1 1
ciInstanceKlass jdk/internal/vm/vector/VectorSupport$VectorShuffle 0 0 28 10 100 12 1 1 1 100 1 1 1 1 1 1 1 1 1 1 1 1 1 1 1 100 1 1 1 1
ciInstanceKlass jdk/internal/vm/FillerObject 0 0 16 10 100 12 1 1 1 100 1 1 1 1 1 1 1 1
instanceKlass java/lang/ref/PhantomReference
instanceKlass java/lang/ref/FinalReference
instanceKlass java/lang/ref/WeakReference
instanceKlass java/lang/ref/SoftReference
ciInstanceKlass java/lang/ref/Reference 1 1 190 9 7 12 1 1 1 9 7 12 1 1 10 12 1 1 10 12 1 1 9 12 1 1 10 12 1 1 9 12 1 1 9 12 1 1 7 1 10 12 1 10 7 12 1 1 10 12 1 10 12 1 1 10 12 1 7 1 8 1 10 12 1 1 7 1 10 12 1 1 10 12 1 1 10 12 1 9 12 1 10 12 1 1 10 12 1 10 12 1 9 12 1 7 1 100 1 10 12 9 12 1 9 12 1 100 1 10 10 12 1 10 10 7 12 1 1 7 1 10 10 7 12 1 1 1 1 1 1 1 1 1 1 1 1 1 1 1 1 1 1 1 7 1 1 1 100 1 1 1 1 1 1 1 1 1 1 1 1 1 1 1 1 1 1 1 1 1 1 1 1 1 1 1 1 1 1 1 1 1 1 1 7 1 7 1 7 1 1 1
staticfield java/lang/ref/Reference processPendingLock Ljava/lang/Object; java/lang/Object
staticfield java/lang/ref/Reference $assertionsDisabled Z 1
ciMethod java/lang/ref/Reference get ()Ljava/lang/Object; 0 0 1 0 -1
ciMethod java/lang/ref/Reference <init> (Ljava/lang/Object;)V 464 0 10383 0 0
ciMethod java/lang/ref/Reference <init> (Ljava/lang/Object;Ljava/lang/ref/ReferenceQueue;)V 770 0 25365 0 152
instanceKlass com/sun/beans/util/Cache$Kind$Soft
instanceKlass org/codehaus/groovy/util/ReferenceType$SoftRef
instanceKlass sun/security/util/MemoryCache$SoftCacheEntry
instanceKlass com/google/common/cache/LocalCache$SoftValueReference
instanceKlass java/io/ClassCache$CacheRef
instanceKlass sun/util/locale/provider/LocaleResources$ResourceReference
instanceKlass sun/util/resources/Bundles$BundleReference
instanceKlass sun/util/locale/LocaleObjectCache$CacheEntry
instanceKlass java/lang/invoke/LambdaFormEditor$Transform
ciInstanceKlass java/lang/ref/SoftReference 1 1 47 10 7 12 1 1 1 9 7 12 1 1 1 9 12 1 10 12 1 10 12 1 1 1 1 1 1 1 1 1 1 1 1 1 1 1 1 1 1 1 1 100 1 1 1 1 1
ciMethod java/lang/ref/SoftReference get ()Ljava/lang/Object; 512 0 10498 0 136
ciMethod java/lang/ref/SoftReference <init> (Ljava/lang/Object;)V 436 0 5423 0 0
instanceKlass java/beans/WeakIdentityMap$Entry
instanceKlass org/codehaus/groovy/util/ReferenceType$WeakRef
instanceKlass com/google/common/collect/MapMakerInternalMap$WeakValueReferenceImpl
instanceKlass com/google/common/cache/LocalCache$WeakEntry
instanceKlass com/google/common/collect/MapMakerInternalMap$AbstractWeakKeyEntry
instanceKlass java/util/logging/LogManager$LoggerWeakRef
instanceKlass java/util/logging/Level$KnownLevel
instanceKlass sun/nio/ch/FileLockTable$FileLockReference
instanceKlass java/lang/ClassValue$Entry
instanceKlass java/lang/ThreadLocal$ThreadLocalMap$Entry
instanceKlass java/lang/WeakPairMap$WeakRefPeer
instanceKlass jdk/internal/util/WeakReferenceKey
instanceKlass java/util/WeakHashMap$Entry
ciInstanceKlass java/lang/ref/WeakReference 1 1 31 10 7 12 1 1 1 10 12 1 100 1 1 1 1 1 1 1 1 1 1 1 1 1 1 1 1 1 1 1 1
instanceKlass java/lang/ref/Finalizer
ciInstanceKlass java/lang/ref/FinalReference 1 1 50 10 7 12 1 1 1 10 7 12 1 1 1 10 12 1 1 7 1 8 1 10 12 1 1 1 1 1 1 1 1 1 1 1 1 1 1 1 1 1 1 1 1 1 1 1 1 1 7 1
instanceKlass jdk/internal/ref/PhantomCleanable
instanceKlass jdk/internal/ref/Cleaner
ciInstanceKlass java/lang/ref/PhantomReference 1 1 39 10 100 12 1 1 1 10 7 12 1 1 1 1 1 1 1 1 1 1 1 1 1 1 1 1 1 1 1 1 1 1 1 1 1 1 1 1 1
ciInstanceKlass java/lang/ref/Finalizer 1 1 155 9 7 12 1 1 1 10 7 12 1 1 1 9 12 1 1 9 12 1 1 9 12 1 9 12 1 9 12 1 1 10 12 1 7 1 8 1 10 12 1 10 12 1 1 9 12 1 100 1 10 12 1 7 1 11 100 12 1 1 10 12 1 7 1 10 12 1 100 1 10 12 1 10 7 12 1 1 1 10 100 12 1 1 1 100 1 10 10 12 1 7 1 10 12 1 7 1 10 12 1 1 10 12 1 1 10 12 1 10 7 12 1 1 1 7 1 10 7 1 10 10 12 1 1 1 1 1 1 1 1 1 1 1 1 1 1 1 1 1 1 1 1 1 1 1 1 1 1 1 1 1 1 1 1
staticfield java/lang/ref/Finalizer lock Ljava/lang/Object; java/lang/Object
staticfield java/lang/ref/Finalizer ENABLED Z 1
staticfield java/lang/ref/Finalizer $assertionsDisabled Z 1
instanceKlass org/gradle/internal/reflect/Types$TypeVisitResult
instanceKlass org/gradle/internal/resource/transfer/DefaultExternalResourceConnector$ExternalResourceAccessStats$Mode
instanceKlass org/gradle/internal/resource/transport/http/HttpSettings$RedirectMethodHandlingStrategy
instanceKlass org/gradle/api/internal/provider/ValueSupplier$ValueConsumer
instanceKlass com/google/common/reflect/Types$JavaVersion
instanceKlass com/google/common/reflect/Types$ClassOwnership
instanceKlass org/gradle/api/initialization/resolve/RulesMode
instanceKlass org/gradle/api/initialization/resolve/RepositoriesMode
instanceKlass org/gradle/internal/management/DependencyResolutionManagementInternal$RulesModeInternal
instanceKlass org/gradle/internal/management/DependencyResolutionManagementInternal$RepositoriesModeInternal
instanceKlass java/nio/file/AccessMode
instanceKlass com/sun/beans/introspect/PropertyInfo$Name
instanceKlass com/sun/beans/util/Cache$Kind
instanceKlass groovy/io/FileVisitResult
instanceKlass java/time/format/ResolverStyle
instanceKlass java/time/format/TextStyle
instanceKlass java/time/DayOfWeek
instanceKlass java/time/Month
instanceKlass java/time/format/FormatStyle
instanceKlass org/gradle/api/file/FileCollection$AntType
instanceKlass java/awt/event/FocusEvent$Cause
instanceKlass java/awt/Component$BaselineResizeBehavior
instanceKlass java/util/concurrent/Future$State
instanceKlass groovy/io/FileType
instanceKlass org/codehaus/groovy/util/ReferenceType
instanceKlass org/gradle/internal/instrumentation/api/groovybytecode/InterceptScope$CallType
instanceKlass org/gradle/internal/classpath/InstrumentedGroovyCallsTracker$CallKind
instanceKlass org/gradle/internal/instrumentation/api/types/BytecodeInterceptorType
instanceKlass org/gradle/internal/instrumentation/api/types/BytecodeInterceptorFilter
instanceKlass org/gradle/internal/fingerprint/FingerprintHashingStrategy
instanceKlass org/gradle/api/internal/plugins/PluginTargetType
instanceKlass org/gradle/internal/snapshot/SnapshotVisitResult
instanceKlass org/gradle/internal/execution/ExecutionEngine$ExecutionOutcome
instanceKlass java/nio/file/FileVisitResult
instanceKlass org/gradle/internal/snapshot/DirectorySnapshotBuilder$EmptyDirectoryHandlingStrategy
instanceKlass java/nio/file/FileTreeWalker$EventType
instanceKlass com/google/common/collect/MapMaker$Dummy
instanceKlass org/gradle/configuration/ConfigurationTargetIdentifier$Type
instanceKlass org/gradle/tooling/internal/protocol/PhasedActionResult$Phase
instanceKlass jdk/internal/icu/util/CodePointTrie$ValueWidth
instanceKlass jdk/internal/icu/util/CodePointTrie$Type
instanceKlass java/text/Normalizer$Form
instanceKlass sun/security/util/DisabledAlgorithmConstraints$Constraint$Operator
instanceKlass sun/security/rsa/RSAUtil$KeyType
instanceKlass org/gradle/internal/file/FileType
instanceKlass org/gradle/internal/file/FileMetadata$AccessType
instanceKlass net/rubygrapefruit/platform/file/FileInfo$Type
instanceKlass org/gradle/internal/watch/registry/impl/DefaultFileWatcherProbeRegistry$WatchProbe$State
instanceKlass org/gradle/internal/operations/UncategorizedBuildOperations
instanceKlass org/gradle/internal/watch/vfs/VfsLogging
instanceKlass com/google/common/cache/LocalCache$NullEntry
instanceKlass com/google/common/util/concurrent/AbstractFutureState$VarHandleAtomicHelperMaker
instanceKlass org/gradle/internal/buildtree/DefaultBuildTreeLifecycleController$State
instanceKlass org/gradle/internal/build/DefaultBuildLifecycleController$State
instanceKlass org/gradle/initialization/VintageBuildModelController$Stage
instanceKlass org/gradle/internal/execution/model/InputNormalizer
instanceKlass org/gradle/internal/fingerprint/DirectorySensitivity
instanceKlass org/gradle/api/internal/changedetection/state/AbiExtractingClasspathResourceHasher$FallbackStrategy
instanceKlass org/gradle/internal/properties/InputBehavior
instanceKlass org/gradle/internal/execution/caching/CachingDisabledReasonCategory
instanceKlass org/gradle/internal/execution/history/impl/DefaultOutputFilesRepository$OutputKind
instanceKlass org/gradle/api/internal/provider/ProviderResolutionStrategy
instanceKlass org/gradle/api/PathValidation
instanceKlass com/google/common/base/AbstractIterator$State
instanceKlass javax/annotation/meta/When
instanceKlass org/gradle/internal/jvm/inspection/ProbedSystemProperty
instanceKlass org/gradle/api/internal/component/ArtifactType
instanceKlass org/gradle/api/internal/artifacts/dsl/dependencies/DependencyFactoryInternal$ClassPathNotation
instanceKlass org/gradle/internal/problems/failure/StackTraceRelevance
instanceKlass org/gradle/internal/operations/BuildOperationConstraint
instanceKlass org/gradle/api/internal/BuildType
instanceKlass org/gradle/internal/logging/sink/ProgressLogEventGenerator$State
instanceKlass org/gradle/internal/logging/progress/DefaultProgressLoggerFactory$State
instanceKlass org/gradle/internal/resources/ResourceLockState$Disposition
instanceKlass org/gradle/internal/fingerprint/classpath/impl/ClasspathFingerprintingStrategy$NonJarFingerprintingStrategy
instanceKlass org/gradle/internal/fingerprint/LineEndingSensitivity
instanceKlass java/nio/file/FileVisitOption
instanceKlass org/gradle/internal/vfs/impl/DefaultSnapshotHierarchy$EmptySnapshotHierarchy
instanceKlass org/gradle/internal/snapshot/CaseSensitivity
instanceKlass com/google/common/io/FileWriteMode
instanceKlass com/google/common/collect/MapMakerInternalMap$Strength
instanceKlass org/gradle/internal/hash/HashCode$Usage
instanceKlass org/gradle/api/internal/changedetection/state/CrossBuildFileHashCache$Kind
instanceKlass org/gradle/api/internal/artifacts/ivyservice/CacheLayout
instanceKlass org/gradle/cache/internal/locklistener/FileLockPacketType
instanceKlass org/gradle/cache/internal/VersionStrategy
instanceKlass java/nio/file/attribute/PosixFilePermission
instanceKlass java/util/stream/MatchOps$MatchKind
instanceKlass org/gradle/internal/reflect/PropertyAccessorType
instanceKlass com/google/common/cache/LocalCache$EntryFactory
instanceKlass com/google/common/cache/CacheBuilder$NullListener
instanceKlass com/google/common/cache/CacheBuilder$OneWeigher
instanceKlass com/google/common/cache/LocalCache$Strength
instanceKlass org/gradle/api/tasks/util/internal/PatternSpecFactory$CaseSensitivity
instanceKlass org/gradle/cache/internal/DefaultCrossBuildInMemoryCacheFactory$KeyRetentionPolicy
instanceKlass org/gradle/internal/file/TreeType
instanceKlass org/gradle/internal/properties/OutputFilePropertyType
instanceKlass org/gradle/internal/properties/annotations/PropertyAnnotationHandler$Kind
instanceKlass org/gradle/internal/execution/model/annotations/ModifierAnnotationCategory
instanceKlass org/gradle/internal/properties/InputFilePropertyType
instanceKlass org/gradle/internal/nativeintegration/EnvironmentModificationResult
instanceKlass com/google/common/collect/AbstractIterator$State
instanceKlass java/lang/System$Logger$Level
instanceKlass java/lang/management/MemoryType
instanceKlass org/gradle/internal/deprecation/DeprecatedFeatureUsage$Type
instanceKlass org/gradle/initialization/StartParameterBuildOptions$ConfigurationCacheProblemsOption$Value
instanceKlass org/gradle/internal/watch/registry/WatchMode
instanceKlass org/gradle/api/launcher/cli/WelcomeMessageDisplayMode
instanceKlass org/gradle/api/artifacts/verification/DependencyVerificationMode
instanceKlass java/lang/annotation/ElementType
instanceKlass org/gradle/launcher/daemon/toolchain/DaemonJvmCriteria$JavaHome$Source
instanceKlass org/gradle/cache/FileLockManager$LockMode
instanceKlass java/time/temporal/ChronoUnit
instanceKlass java/time/temporal/ChronoField
instanceKlass java/util/Comparators$NaturalOrderComparator
instanceKlass org/gradle/launcher/daemon/server/api/DaemonState
instanceKlass java/security/DrbgParameters$Capability
instanceKlass sun/security/util/KnownOIDs
instanceKlass org/gradle/internal/operations/BuildOperationCategory
instanceKlass java/net/StandardProtocolFamily
instanceKlass jdk/internal/util/OperatingSystem
instanceKlass org/gradle/tooling/events/OperationType
instanceKlass org/gradle/api/logging/configuration/WarningMode
instanceKlass org/gradle/api/logging/configuration/ConsoleOutput
instanceKlass org/gradle/api/logging/configuration/ShowStacktrace
instanceKlass org/gradle/launcher/daemon/server/expiry/DaemonExpirationStatus
instanceKlass sun/util/locale/provider/LocaleProviderAdapter$Type
instanceKlass org/gradle/internal/logging/text/StyledTextOutput$Style
instanceKlass net/rubygrapefruit/platform/internal/FunctionResult$Failure
instanceKlass java/math/RoundingMode
instanceKlass org/gradle/api/JavaVersion
instanceKlass jdk/internal/logger/BootstrapLogger$LoggingBackend
instanceKlass java/lang/invoke/MethodHandleImpl$ArrayAccess
instanceKlass org/gradle/internal/service/DefaultServiceRegistry$SingletonService$BindState
instanceKlass java/lang/annotation/RetentionPolicy
instanceKlass org/gradle/internal/service/DefaultServiceRegistry$State
instanceKlass org/gradle/internal/nativeintegration/jansi/JansiOperatingSystemSupport
instanceKlass org/gradle/fileevents/internal/NativeLogger$LogLevel
instanceKlass net/rubygrapefruit/platform/terminal/Terminals$Output
instanceKlass java/util/Locale$Category
instanceKlass org/gradle/internal/nativeintegration/services/NativeServices$NativeFeatures
instanceKlass org/gradle/launcher/daemon/configuration/DaemonPriority
instanceKlass org/gradle/internal/nativeintegration/services/NativeServices$NativeServicesMode
instanceKlass java/lang/reflect/ProxyGenerator$PrimitiveTypeInfo
instanceKlass org/gradle/api/logging/LogLevel
instanceKlass java/util/regex/Pattern$Qtype
instanceKlass java/util/zip/ZipCoder$Comparison
instanceKlass java/nio/file/LinkOption
instanceKlass java/util/concurrent/TimeUnit
instanceKlass sun/nio/fs/WindowsPathType
instanceKlass java/nio/file/StandardOpenOption
instanceKlass java/util/stream/Collector$Characteristics
instanceKlass java/util/stream/StreamShape
instanceKlass java/lang/invoke/MethodHandles$Lookup$ClassOption
instanceKlass java/lang/invoke/VarHandle$AccessType
instanceKlass java/lang/invoke/VarHandle$AccessMode
instanceKlass java/lang/invoke/MethodHandleImpl$Intrinsic
instanceKlass java/lang/invoke/LambdaForm$BasicType
instanceKlass java/lang/invoke/LambdaForm$Kind
instanceKlass sun/invoke/util/Wrapper
instanceKlass java/util/stream/StreamOpFlag$Type
instanceKlass java/util/stream/StreamOpFlag
instanceKlass java/io/File$PathStatus
instanceKlass java/lang/module/ModuleDescriptor$Requires$Modifier
instanceKlass java/lang/reflect/AccessFlag$Location
instanceKlass java/lang/reflect/AccessFlag
instanceKlass java/lang/module/ModuleDescriptor$Modifier
instanceKlass java/lang/reflect/ClassFileFormatVersion
instanceKlass java/lang/Thread$State
ciInstanceKlass java/lang/Enum 1 1 204 9 7 12 1 1 1 9 12 1 1 10 7 12 1 1 1 9 12 1 10 7 12 1 1 1 7 1 10 10 12 1 1 10 12 1 7 1 10 10 7 12 1 1 10 12 1 1 18 12 1 1 10 100 12 1 1 1 10 12 1 1 11 7 12 1 1 1 100 1 8 1 10 12 1 100 1 7 1 10 8 1 10 12 1 1 10 12 1 1 8 1 10 12 1 10 100 1 8 1 10 10 12 1 1 10 100 12 1 1 1 7 1 7 1 7 1 1 1 1 1 1 1 1 1 1 1 1 1 1 1 1 1 1 1 1 1 1 1 1 1 1 1 1 1 1 1 1 1 1 1 1 1 1 1 1 1 1 1 1 1 1 1 3 1 1 1 1 7 1 7 1 1 7 1 1 1 1 1 1 1 1 1 1 1 16 15 10 12 16 15 10 100 12 1 1 1 1 1 100 1 100 1 1
instanceKlass java/lang/ref/ReferenceQueue$Null
instanceKlass java/lang/ref/NativeReferenceQueue
ciInstanceKlass java/lang/ref/ReferenceQueue 1 1 183 9 7 12 1 1 1 11 7 12 1 1 1 11 12 1 9 7 12 1 1 1 11 12 1 10 7 12 1 1 9 12 1 1 7 1 10 9 12 1 1 10 12 1 1 9 7 12 1 1 1 9 12 1 9 12 1 9 12 1 1 100 1 10 9 12 1 1 9 12 1 7 1 10 100 12 1 1 1 10 12 1 10 12 1 1 10 7 12 1 1 1 10 12 1 5 0 10 10 12 10 12 1 1 10 12 1 10 12 1 1 100 1 8 1 10 12 1 10 12 1 10 12 1 1 10 12 11 100 12 1 1 1 10 7 12 1 1 7 1 10 1 1 1 1 1 1 1 1 1 1 100 1 1 1 1 1 1 1 1 1 1 1 1 1 1 1 7 1 1 1 1 1 1 1 1 1 1 1 1 1 1 1
staticfield java/lang/ref/ReferenceQueue NULL Ljava/lang/ref/ReferenceQueue; java/lang/ref/ReferenceQueue$Null
staticfield java/lang/ref/ReferenceQueue ENQUEUED Ljava/lang/ref/ReferenceQueue; java/lang/ref/ReferenceQueue$Null
staticfield java/lang/ref/ReferenceQueue $assertionsDisabled Z 1
ciInstanceKlass java/lang/reflect/Method 1 1 472 9 7 12 1 1 1 10 7 12 1 1 1 10 7 12 1 1 9 12 1 1 10 12 1 1 10 12 1 1 10 7 12 1 1 10 7 12 1 1 1 9 12 1 1 9 12 1 9 12 1 1 9 12 1 9 12 1 9 12 1 1 9 12 1 9 12 1 1 9 12 1 9 12 1 9 12 1 1 100 1 8 1 10 12 1 10 12 1 9 12 1 1 8 1 10 7 12 1 1 10 7 12 1 1 1 10 12 1 1 10 12 1 1 10 12 1 10 12 1 1 10 12 1 1 9 7 12 1 1 1 10 12 1 1 10 12 10 7 12 1 1 10 12 1 1 10 12 1 10 12 1 10 12 1 10 7 12 1 1 1 10 12 1 1 10 7 1 10 7 12 1 1 1 10 7 12 1 1 10 12 1 1 10 12 1 1 10 12 1 10 7 12 1 1 1 10 12 1 10 8 1 10 12 1 10 12 1 7 1 8 1 8 1 8 1 10 12 1 10 12 1 1 10 12 1 1 10 10 12 1 1 10 12 1 11 7 1 10 12 1 9 12 1 1 10 12 1 1 10 12 1 10 12 1 1 10 12 1 1 11 7 12 1 1 1 11 12 1 9 12 1 1 10 12 1 10 12 1 10 12 1 10 12 1 10 12 1 10 12 1 9 12 1 1 10 7 12 1 1 1 10 7 12 1 1 10 12 1 1 10 7 12 1 1 1 10 7 12 1 1 1 10 7 12 1 1 1 11 7 12 1 1 1 10 7 12 1 1 1 7 1 100 1 100 1 10 12 1 10 12 1 1 10 12 1 100 1 8 1 10 12 1 10 10 12 1 1 10 12 1 1 10 12 1 1 10 12 1 1 8 1 10 12 1 1 1 1 1 1 1 1 1 1 1 1 1 1 1 1 1 1 1 1 1 1 1 1 1 1 1 1 1 1 1 1 1 1 1 1 1 1 1 1 1 1 1 1 1 1 1 1 1 1 1 1 1 100 1 100 1 100 1 1 1 1 1 1 1 1 1 1 1 1 1 1 1 1 1 1 1 1 1 1 1 1 1 1 1 1 1 1
ciInstanceKlass java/lang/reflect/Field 1 1 457 9 7 12 1 1 1 10 12 1 1 10 100 12 1 1 1 10 100 12 1 1 9 12 1 1 10 12 1 1 10 12 1 1 10 100 12 1 1 10 7 12 1 1 1 9 12 1 1 9 12 1 9 12 1 9 12 1 1 9 12 1 1 9 12 1 9 12 1 1 9 12 1 1 100 1 8 1 10 12 1 10 12 1 9 12 1 1 9 12 1 10 12 1 10 7 12 1 1 10 12 1 1 10 12 1 1 10 12 1 10 12 1 1 9 100 12 1 1 1 10 100 12 1 1 1 7 1 10 12 1 1 10 12 1 1 10 12 1 1 10 12 1 10 12 1 10 7 1 10 7 12 1 1 7 1 10 8 1 10 12 1 1 10 12 1 1 8 1 10 12 10 12 1 8 1 8 1 10 11 7 1 9 12 1 10 12 1 1 10 12 1 1 11 7 12 1 1 1 10 12 1 11 12 1 1 11 12 1 1 11 12 1 1 11 12 1 1 11 12 1 1 11 12 1 1 11 12 1 1 11 12 1 1 11 12 1 1 11 12 1 1 11 12 1 1 11 12 1 1 11 12 1 1 11 12 1 1 11 12 1 1 11 12 1 1 11 12 1 1 10 12 1 10 7 12 1 1 10 12 1 10 12 1 10 12 1 9 12 1 1 10 7 12 1 1 1 10 12 1 1 10 12 1 10 7 12 1 1 10 12 1 1 11 7 1 10 12 1 7 1 10 100 12 1 1 1 10 7 12 1 1 1 9 12 1 10 7 12 1 1 1 11 7 12 1 1 1 10 12 1 1 10 12 1 1 9 100 12 1 1 10 100 12 1 1 1 10 12 1 1 7 1 1 1 1 1 1 1 1 1 1 1 1 1 1 1 1 1 1 1 1 1 1 1 1 1 1 1 1 1 1 1 1 1 1 1 1 1 1 1 100 1 1 1 1 1 1 1 1 1 1 1 1 1 1 1 1 1 1 1 1 1 1 1 1 1 1 1 1 1 1 1 1 7 1 1 1 1 1 1 1 1 1 100 1 1
ciInstanceKlass java/lang/reflect/Parameter 0 0 243 10 7 12 1 1 1 9 7 12 1 1 1 9 12 1 1 9 12 1 1 9 12 1 10 12 1 1 10 12 1 1 10 7 12 1 1 1 7 1 10 10 12 1 1 11 7 12 1 1 1 10 12 1 10 100 12 1 1 1 10 12 1 1 10 12 1 10 12 1 8 1 8 1 10 7 12 1 1 1 10 12 1 10 12 9 100 12 1 1 1 10 100 12 1 1 1 10 12 1 8 1 10 12 1 9 12 1 1 10 12 1 1 9 12 1 1 10 12 1 1 10 12 1 1 10 12 1 1 10 12 1 10 10 12 1 10 100 12 1 1 1 10 12 1 1 11 7 12 1 1 10 7 12 1 1 7 1 10 100 12 1 1 1 10 12 1 1 10 12 1 1 10 12 1 1 10 12 1 1 9 12 1 100 1 10 11 12 1 1 11 12 1 1 7 1 1 1 1 1 1 1 1 1 1 1 1 1 1 1 1 1 1 1 1 1 1 1 1 1 1 1 1 1 1 1 1 1 1 1 1 1 1 1 1 1 100 1 1 1 1 1 1
ciInstanceKlass java/lang/reflect/RecordComponent 0 0 196 10 7 12 1 1 1 9 7 12 1 1 1 9 12 1 1 9 12 1 10 12 1 1 10 12 1 1 10 100 12 1 1 1 10 12 1 1 9 12 1 1 10 12 1 1 10 12 1 1 10 12 1 10 100 12 1 1 10 100 12 1 1 9 12 1 1 10 100 12 1 1 1 11 100 12 1 1 1 10 9 100 12 1 1 1 10 100 12 1 1 1 9 12 1 1 10 100 12 1 1 1 10 12 1 1 11 7 12 1 1 10 7 12 1 1 7 1 9 12 1 9 12 1 1 9 12 1 10 100 12 1 1 1 10 12 1 1 10 12 1 1 7 1 10 10 12 1 10 12 1 1 8 1 10 12 1 10 12 1 9 12 1 7 1 1 1 1 1 1 1 1 1 1 1 1 1 1 1 1 1 1 1 1 1 1 7 1 1 1 1 1 1 100 1 1
ciInstanceKlass java/lang/StringBuffer 1 1 483 10 7 12 1 1 1 10 12 1 10 12 1 10 12 1 1 9 7 12 1 1 1 10 12 1 1 10 12 1 10 12 1 1 9 12 1 1 10 12 1 10 12 1 1 10 12 1 1 10 12 1 10 12 1 1 10 12 1 10 12 1 1 10 12 1 1 10 7 12 1 1 1 10 12 1 1 10 12 1 10 12 1 10 12 1 10 12 1 10 12 1 10 12 1 10 12 1 10 12 1 10 12 1 10 12 1 10 12 1 10 12 1 10 12 1 10 12 1 1 10 12 1 10 12 1 1 10 12 1 1 10 10 12 1 1 10 12 1 10 12 1 10 12 1 10 12 1 10 12 1 10 12 1 10 12 10 12 1 10 12 1 10 12 1 10 12 1 1 10 12 1 10 12 1 10 10 12 1 1 10 12 1 10 12 1 10 12 1 10 10 100 12 1 1 1 10 10 12 1 1 9 12 1 1 10 100 12 1 1 10 100 1 8 10 100 12 1 1 1 8 10 12 1 8 1 10 12 1 10 12 1 10 100 12 1 1 1 10 100 12 1 1 1 7 1 10 12 100 1 8 1 10 10 12 1 1 10 12 1 1 10 12 1 10 12 1 10 12 1 1 10 12 1 10 12 1 10 12 1 10 12 1 10 12 1 10 12 10 12 1 10 12 1 10 12 1 10 12 1 10 12 1 10 12 1 10 12 1 10 12 1 10 12 1 10 12 1 10 12 10 12 10 12 1 10 12 1 10 12 1 10 12 10 12 1 10 12 1 10 12 1 10 12 1 10 12 1 10 12 1 10 12 1 10 12 1 10 12 1 10 12 1 10 12 1 7 1 10 12 1 9 7 12 1 1 1 9 7 1 9 12 1 1 7 1 7 1 7 1 7 1 1 1 1 5 0 1 1 1 1 1 1 1 1 1 1 1 1 1 1 1 1 1 1 1 1 1 1 1 1 1 1 1 1 1 1 1 1 1 1 1 1 1 1 1 1 1 1 1 1 1 1 1 1 1 1 1 1 1 1 1 1 1 1 1 1 1 100 1 1 1 1 1 7 1 1 1 1 1 1 1 1 1 1 1 1 1 1 1 1 1 1
staticfield java/lang/StringBuffer serialPersistentFields [Ljava/io/ObjectStreamField; 3 [Ljava/io/ObjectStreamField;
instanceKlass java/net/URLClassLoader
instanceKlass jdk/internal/loader/BuiltinClassLoader
ciInstanceKlass java/security/SecureClassLoader 1 1 102 10 7 12 1 1 1 7 1 10 12 1 9 7 12 1 1 1 10 12 1 10 12 1 10 12 1 1 10 12 1 1 10 12 1 7 1 10 7 1 10 12 1 7 1 10 12 1 11 7 12 1 1 1 7 1 11 12 1 10 12 1 1 1 1 1 1 1 1 1 1 1 1 1 1 1 1 1 1 1 1 1 1 1 1 1 1 1 1 1 1 1 1 1 1 1 1 100 1 1 1 1
ciMethod java/security/SecureClassLoader getProtectionDomain (Ljava/security/CodeSource;)Ljava/security/ProtectionDomain; 1004 0 6012 0 -1
ciMethod java/security/SecureClassLoader defineClass (Ljava/lang/String;Ljava/nio/ByteBuffer;Ljava/security/CodeSource;)Ljava/lang/Class; 0 0 73 0 -1
ciMethod java/security/SecureClassLoader defineClass (Ljava/lang/String;[BIILjava/security/CodeSource;)Ljava/lang/Class; 746 0 5937 0 0
ciInstanceKlass java/util/jar/Manifest 1 1 339 10 7 12 1 1 1 7 1 10 9 7 12 1 1 1 7 1 10 9 12 1 1 9 12 1 1 10 12 1 10 12 1 1 10 12 1 1 10 12 1 1 10 12 1 1 11 7 1 11 12 1 1 10 12 1 1 10 100 12 1 1 1 100 1 7 1 10 8 1 10 12 1 1 10 12 1 1 10 12 1 10 12 1 11 100 1 10 12 1 10 12 1 1 11 12 1 1 10 12 1 11 12 1 1 11 100 12 1 1 1 11 7 12 1 1 11 12 1 1 100 1 10 12 1 8 1 11 12 1 7 1 10 12 1 1 11 12 1 10 12 1 10 12 1 10 7 12 1 1 1 8 1 10 12 1 1 10 9 7 12 1 1 1 10 12 1 1 10 100 12 1 10 12 1 10 12 1 9 100 12 1 1 1 8 1 10 12 1 8 1 8 1 7 1 10 12 1 10 12 1 10 12 1 1 100 1 8 1 10 12 1 1 8 1 10 10 12 1 1 8 1 10 12 1 1 10 7 12 1 1 1 10 12 1 10 11 12 1 1 10 12 1 10 7 12 1 1 1 10 12 1 1 10 12 1 10 12 1 1 11 10 12 1 11 10 12 1 7 1 1 1 1 1 1 1 1 1 1 1 1 1 1 1 1 1 1 1 1 1 1 1 1 1 1 1 1 1 1 1 1 1 1 1 1 1 1 1 1 1 1 1 100 1 1 1 1 1 1 1 1 1 1 1 1 1 1 7 1 1 1 1 1 1 1 1 1 1 1
ciMethod java/util/jar/Manifest getMainAttributes ()Ljava/util/jar/Attributes; 256 0 128 0 0
ciMethod java/util/jar/Manifest getEntries ()Ljava/util/Map; 256 0 128 0 0
ciMethod java/util/jar/Manifest getAttributes (Ljava/lang/String;)Ljava/util/jar/Attributes; 788 0 10250 0 0
ciMethod java/util/jar/Manifest getTrustedAttributes (Ljava/lang/String;)Ljava/util/jar/Attributes; 786 0 5378 0 0
ciMethod java/util/jar/Manifest <init> (Ljava/util/jar/JarVerifier;Ljava/io/InputStream;Ljava/lang/String;)V 110 0 340 0 0
ciMethod java/util/jar/Manifest <init> (Ljava/io/InputStream;Ljava/lang/String;)V 90 0 149 0 0
ciMethod java/util/jar/Manifest read (Ljava/io/InputStream;Ljava/lang/String;)V 512 28 354 0 -1
ciMethod java/util/jar/Manifest parseName ([BI)Ljava/lang/String; 28 0 4785 0 -1
ciInstanceKlass java/io/File 1 1 649 9 7 12 1 1 1 9 12 1 1 10 7 12 1 1 1 9 7 12 1 1 9 12 1 9 12 1 1 10 7 12 1 1 1 9 12 1 1 9 12 1 1 100 1 10 10 7 12 1 1 1 10 12 1 1 100 1 10 10 12 1 1 10 12 1 10 12 1 1 10 7 12 1 1 100 1 8 1 10 12 1 10 12 1 8 1 10 12 1 8 1 10 12 1 1 8 1 10 12 1 8 1 10 12 1 8 1 10 12 1 8 1 10 12 1 8 1 10 12 1 9 12 1 1 10 12 1 1 10 12 1 1 10 12 1 1 10 12 1 1 10 12 1 10 12 1 10 12 1 1 10 12 1 10 12 10 12 1 10 12 1 10 12 7 1 8 1 10 10 12 1 10 12 1 8 1 10 12 1 7 1 10 10 12 1 1 10 12 1 10 12 1 7 1 10 7 1 8 1 10 12 1 10 12 1 1 10 12 1 10 12 1 1 10 8 1 10 12 1 100 1 7 1 10 12 1 10 7 12 1 1 1 10 7 12 1 1 10 12 1 1 10 12 1 10 12 1 10 12 1 1 10 12 1 10 12 1 10 12 1 10 12 1 10 100 12 1 1 10 12 1 1 10 12 1 1 7 1 10 11 100 12 1 1 1 11 7 12 1 1 11 12 1 11 12 1 1 100 1 10 12 1 10 10 10 7 1 11 7 12 1 10 12 1 10 12 1 10 12 1 10 12 1 10 12 1 10 12 1 10 12 1 1 8 1 10 12 1 1 10 12 1 10 12 1 1 10 12 1 1 10 12 1 10 12 1 10 12 1 10 12 1 1 100 1 8 1 10 10 12 1 1 10 12 1 1 7 1 5 0 8 1 8 1 8 1 10 7 12 1 1 10 12 1 1 100 1 8 1 10 10 12 1 10 12 1 1 10 12 1 1 10 12 1 10 100 12 1 1 10 12 1 1 10 7 12 1 1 1 8 10 7 12 1 1 1 10 12 1 1 9 12 1 1 9 12 1 1 10 7 12 1 1 1 9 12 1 10 12 1 1 9 12 1 1 10 7 12 1 1 1 10 7 12 1 1 10 7 12 1 1 10 7 12 1 1 1 10 12 1 10 12 1 1 9 12 1 10 12 1 9 12 1 9 12 1 10 12 1 1 10 12 1 1 8 7 1 7 1 1 1 5 0 1 1 1 1 1 1 1 1 1 1 1 1 1 1 1 1 1 1 1 1 1 1 1 1 1 1 1 1 1 1 1 1 1 1 1 1 1 1 1 1 1 1 1 1 1 1 1 1 1 1 1 1 1 1 1 1 1 1 1 1 1 1 1 1 1 1 1 1 1 1 1 1 1 1 1 1 1 1 1 1 1 1 1 1 1 1 1 1 1 1 1 1 1 1 1 1 1 1 1 1 1 1 1 1 1 7 1 1 1 100 1 7 1 1 1 1 1 1 1 1 1 1 1 1 1
staticfield java/io/File FS Ljava/io/FileSystem; java/io/WinNTFileSystem
staticfield java/io/File separatorChar C 92
staticfield java/io/File separator Ljava/lang/String; "\"
staticfield java/io/File pathSeparatorChar C 59
staticfield java/io/File pathSeparator Ljava/lang/String; ";"
staticfield java/io/File UNSAFE Ljdk/internal/misc/Unsafe; jdk/internal/misc/Unsafe
staticfield java/io/File PATH_OFFSET J 16
staticfield java/io/File PREFIX_LENGTH_OFFSET J 12
staticfield java/io/File $assertionsDisabled Z 1
ciInstanceKlass java/io/ByteArrayInputStream 1 1 117 10 7 12 1 1 1 9 7 12 1 1 1 9 12 1 1 9 12 1 9 12 1 10 7 12 1 1 1 10 7 12 1 1 1 10 7 12 1 1 1 10 100 12 1 1 1 10 12 1 1 3 10 100 1 10 100 12 1 1 1 9 12 1 1 100 1 10 10 7 12 1 1 1 1 1 1 1 1 1 1 1 1 1 1 1 1 1 1 1 1 1 1 1 1 1 1 1 1 1 1 1 100 1 1 1 1 1 1 1 1 1 1 1 1 1 1
staticfield java/io/ByteArrayInputStream $assertionsDisabled Z 1
ciMethod java/io/ByteArrayInputStream <init> ([B)V 16 0 234 0 0
instanceKlass java/nio/CharBuffer
instanceKlass java/nio/IntBuffer
instanceKlass java/nio/LongBuffer
instanceKlass java/nio/ByteBuffer
ciInstanceKlass java/nio/Buffer 1 1 256 100 1 10 7 12 1 1 1 9 7 12 1 1 1 9 12 1 9 12 1 1 9 12 1 9 12 1 1 10 12 1 1 10 12 1 1 10 12 100 1 7 1 10 8 1 10 12 1 1 10 12 1 8 1 8 1 10 12 1 1 10 12 1 8 1 9 12 1 1 100 1 8 1 10 12 1 8 1 8 1 9 12 10 12 1 8 1 8 1 8 1 10 12 1 8 1 8 1 8 1 100 1 10 100 1 10 100 1 10 9 12 1 1 10 7 12 1 1 1 100 1 10 12 1 1 10 12 1 10 100 12 1 1 10 7 12 1 1 1 10 7 12 1 1 1 9 12 1 1 10 7 12 1 1 1 9 12 1 1 7 1 10 10 12 1 1 7 1 10 10 7 12 1 1 1 1 1 3 1 1 1 1 1 1 1 1 1 1 1 1 1 1 100 1 1 1 1 1 1 1 7 1 1 1 1 1 1 1 1 1 1 1 1 1 1 1 1 1 1 1 1 1 1 1 1 1 1 1 1 1 1 1 1 1 1 1 1 1 1 1 100 1 100 1 100 1 100 1 100 1 100 1 100 1 1
staticfield java/nio/Buffer UNSAFE Ljdk/internal/misc/Unsafe; jdk/internal/misc/Unsafe
staticfield java/nio/Buffer SCOPED_MEMORY_ACCESS Ljdk/internal/misc/ScopedMemoryAccess; jdk/internal/misc/ScopedMemoryAccess
staticfield java/nio/Buffer IOOBE_FORMATTER Ljava/util/function/BiFunction; jdk/internal/util/Preconditions$4
staticfield java/nio/Buffer $assertionsDisabled Z 1
ciInstanceKlass java/util/Objects 1 1 184 10 7 12 1 1 1 100 1 8 1 10 12 1 10 12 1 1 10 7 12 1 1 1 10 12 1 1 10 12 1 10 7 12 1 1 1 10 12 1 1 10 7 12 1 1 1 7 1 10 10 12 1 1 10 7 12 1 1 10 12 1 1 8 1 10 7 12 1 1 1 10 7 12 1 1 1 10 11 100 12 1 1 1 100 1 10 10 12 1 8 1 10 12 1 8 1 100 1 11 12 1 1 8 1 10 7 12 1 1 1 10 12 1 1 10 12 1 10 12 1 10 12 1 10 12 1 1 1 1 1 1 1 1 1 1 1 1 1 1 1 1 1 1 1 1 1 1 1 1 1 1 1 1 1 1 1 1 1 1 1 1 1 1 1 1 1 1 1 1 1 1 1 1 1 1 1 1 1 1 1 1 1 1
ciInstanceKlass jdk/internal/util/Preconditions 1 1 194 10 7 12 1 1 1 11 7 12 1 1 1 11 100 12 1 1 1 7 1 100 1 10 7 12 1 1 1 10 12 1 8 1 7 1 10 7 12 1 1 1 10 12 1 1 8 1 8 1 10 7 12 1 1 7 1 10 12 1 8 1 10 7 12 1 1 1 8 1 10 12 1 1 10 12 1 1 11 12 1 8 1 8 1 11 12 1 1 8 1 8 1 8 1 10 12 1 1 10 12 1 1 10 12 1 10 12 1 10 12 1 10 12 7 1 10 10 12 1 1 9 12 1 1 7 1 10 9 12 1 7 1 10 9 12 1 1 1 1 1 1 1 1 1 1 1 1 1 1 1 1 1 1 1 1 1 1 1 1 1 1 1 1 1 1 1 1 1 1 1 1 1 1 1 1 1 1 1 1 1 1 1 1 1 1 1 1 1 1 1 1 1 1
staticfield jdk/internal/util/Preconditions SIOOBE_FORMATTER Ljava/util/function/BiFunction; jdk/internal/util/Preconditions$4
staticfield jdk/internal/util/Preconditions AIOOBE_FORMATTER Ljava/util/function/BiFunction; jdk/internal/util/Preconditions$4
staticfield jdk/internal/util/Preconditions IOOBE_FORMATTER Ljava/util/function/BiFunction; jdk/internal/util/Preconditions$4
ciMethod java/util/Objects equals (Ljava/lang/Object;Ljava/lang/Object;)Z 1024 0 39933 0 -1
ciMethod java/util/Objects requireNonNull (Ljava/lang/Object;Ljava/lang/String;)Ljava/lang/Object; 514 0 77082 0 -1
ciMethod java/util/Objects requireNonNull (Ljava/lang/Object;)Ljava/lang/Object; 1024 0 197469 0 -1
instanceKlass groovy/lang/Tuple
instanceKlass java/util/Collections$CopiesList
instanceKlass groovy/lang/EmptyRange
instanceKlass groovy/lang/ObjectRange
instanceKlass groovy/lang/IntRange
instanceKlass sun/security/jca/ProviderList$ServiceList
instanceKlass sun/security/jca/ProviderList$3
instanceKlass java/util/AbstractSequentialList
instanceKlass org/gradle/internal/classpath/DefaultClassPath$ImmutableUniqueList
instanceKlass java/util/Collections$SingletonList
instanceKlass java/util/Vector
instanceKlass java/util/Arrays$ArrayList
instanceKlass org/gradle/internal/classpath/DefaultClassPath$ImmutableUniqueList
instanceKlass java/util/ArrayList$SubList
instanceKlass java/util/Collections$EmptyList
instanceKlass java/util/ArrayList
ciInstanceKlass java/util/AbstractList 1 1 218 10 7 12 1 1 1 9 7 12 1 1 1 10 12 1 1 10 12 1 1 100 1 10 10 12 1 1 11 100 12 1 1 1 11 12 1 1 11 12 1 10 7 12 1 1 1 10 12 1 11 12 1 11 12 1 11 12 1 10 12 1 1 10 12 1 1 11 7 12 1 1 1 11 7 1 11 7 1 10 12 1 100 1 10 12 1 10 12 1 1 7 1 100 1 10 12 1 100 1 10 100 1 7 1 10 8 1 10 12 1 1 10 12 1 10 12 1 1 10 12 1 8 1 100 1 8 1 8 1 8 1 10 7 1 11 10 10 12 1 11 12 1 10 12 1 1 8 1 8 1 1 1 1 1 1 1 1 1 1 1 1 1 1 1 1 1 1 1 1 1 1 1 1 1 1 1 1 1 1 1 1 1 1 1 1 1 1 1 1 1 1 1 1 1 1 1 1 1 1 1 1 1 1 1 1 1 1 100 1 100 1 1 1 1 1 1 1
ciInstanceKlass java/util/List 1 1 251 10 100 12 1 1 1 11 7 12 1 1 1 11 7 12 1 1 1 11 12 1 1 11 100 12 1 1 11 12 1 1 11 12 1 1 10 7 12 1 1 1 100 1 100 1 10 12 1 1 100 1 10 100 12 1 1 1 11 12 1 1 11 12 1 11 12 1 100 1 10 12 1 11 12 1 1 11 12 1 1 11 12 1 10 100 12 1 1 1 9 7 12 1 1 1 7 1 10 12 10 12 1 7 1 10 12 1 1 10 12 1 10 12 1 1 11 12 1 1 100 1 1 1 1 1 1 1 1 1 1 1 1 1 1 1 1 1 1 1 1 1 1 1 1 1 1 1 1 1 1 1 1 1 1 1 1 1 1 1 1 1 1 1 1 100 1 100 1 1 1 1 1 1 1 1 1 1 1 1 1 1 1 1 1 1 1 1 1 1 1 1 1 1 1 1 1 1 1 1 1 1 1 1 1 1 1 1 1 1 1 1 1 1 1 1 1 1 1 1 1 1 1 1 1 1 1 1 1 1 1 1 1 1 1 1 1 1 1 1 1 1 1 1 100 1 1 100 1 1 1
ciInstanceKlass java/util/SequencedCollection 1 1 109 100 1 10 12 1 1 11 7 12 1 1 1 11 7 12 1 1 1 11 12 1 1 11 12 1 7 1 7 1 1 1 1 1 1 1 1 1 1 1 1 1 1 1 1 1 1 1 1 1 1 1 1 1 1 1 1 1 100 1 8 1 1 12 10 1 1 1 8 1 1 1 8 1 1 1 8 1 1 1 8 1 1 8 1 1 1 8 1 1 8 1 1 1 8 1 1 8 1 1 1 8 1 1 8 1 1 8 1
ciInstanceKlass java/util/Collection 1 1 115 11 100 12 1 1 1 100 1 11 7 12 1 1 1 10 7 12 1 1 1 11 12 1 1 11 7 12 1 1 1 11 12 1 1 11 7 12 1 1 1 11 12 1 1 10 100 12 1 1 1 11 12 1 10 7 12 1 1 1 100 1 100 1 1 1 1 1 1 1 1 1 1 1 1 1 1 1 1 1 1 1 1 1 1 1 1 1 1 1 1 1 1 1 1 1 1 1 1 1 1 1 1 1 1 1 1 1 1 1 1 1 1 1 1
ciInstanceKlass java/lang/Iterable 1 1 62 10 7 12 1 1 1 11 7 12 1 1 1 11 7 12 1 1 1 11 12 1 1 11 7 12 1 1 1 10 100 12 1 1 1 100 1 1 1 1 1 1 1 1 1 1 1 1 1 1 1 1 1 1 1 1 1 1 1 1 1 1
ciMethod java/util/List add (Ljava/lang/Object;)Z 0 0 1 0 -1
ciMethod java/util/List iterator ()Ljava/util/Iterator; 0 0 1 0 -1
instanceKlass it/unimi/dsi/fastutil/objects/AbstractReferenceCollection
instanceKlass com/google/common/collect/AbstractMultiset
instanceKlass org/gradle/tooling/provider/model/internal/DefaultToolingModelBuilderRegistry$1
instanceKlass org/gradle/api/internal/DefaultDomainObjectCollection
instanceKlass com/google/common/collect/AbstractMapBasedMultimap$WrappedCollection
instanceKlass java/util/TreeMap$Values
instanceKlass com/google/common/collect/ImmutableCollection
instanceKlass java/util/IdentityHashMap$Values
instanceKlass java/util/LinkedHashMap$LinkedValues
instanceKlass java/util/AbstractQueue
instanceKlass java/util/HashMap$Values
instanceKlass java/util/ArrayDeque
instanceKlass java/util/AbstractSet
instanceKlass java/util/ImmutableCollections$AbstractImmutableCollection
instanceKlass java/util/AbstractList
ciInstanceKlass java/util/AbstractCollection 1 1 160 10 7 12 1 1 1 10 7 12 1 1 1 10 12 1 1 11 7 12 1 1 1 11 12 1 1 10 12 1 1 10 100 12 1 1 1 10 12 1 1 10 12 1 1 10 7 12 1 1 10 7 12 1 1 1 7 1 10 7 12 1 1 1 10 100 12 1 1 1 100 1 10 11 12 1 11 7 1 10 12 1 10 12 1 10 7 12 1 1 1 11 8 1 7 1 10 10 12 1 1 8 1 10 12 1 10 12 1 1 1 1 1 1 1 1 1 1 1 1 1 1 1 1 1 1 1 1 1 1 1 1 1 1 1 1 1 1 1 1 1 1 1 1 1 1 1 1 1 1 1 1 1 1 1 1 1 1 1 1
ciMethod java/util/AbstractCollection <init> ()V 858 0 58465 0 0
ciMethod java/util/AbstractList <init> ()V 512 0 33982 0 0
ciInstanceKlass java/lang/AssertionStatusDirectives 0 0 24 10 100 12 1 1 1 100 1 1 1 1 1 1 1 1 1 1 1 1 1 1 1 1
instanceKlass org/gradle/internal/resource/transport/http/HttpErrorStatusCodeException
instanceKlass org/gradle/util/internal/ConfigureUtil$IncompleteInputException
instanceKlass java/time/DateTimeException
instanceKlass java/nio/file/FileSystemNotFoundException
instanceKlass java/nio/file/FileSystemAlreadyExistsException
instanceKlass org/codehaus/groovy/vmplugin/v9/ClassFindFailedException
instanceKlass org/codehaus/groovy/control/ConfigurationException
instanceKlass org/w3c/dom/DOMException
instanceKlass groovy/lang/StringWriterIOException
instanceKlass java/lang/IllegalCallerException
instanceKlass java/lang/reflect/MalformedParameterizedTypeException
instanceKlass org/gradle/internal/execution/OutputSnapshotter$OutputFileSnapshottingException
instanceKlass org/gradle/internal/execution/InputFingerprinter$InputFileFingerprintingException
instanceKlass org/gradle/internal/execution/InputFingerprinter$InputFingerprintingException
instanceKlass org/gradle/api/internal/attributes/AttributeMatchException
instanceKlass org/gradle/api/internal/artifacts/ivyservice/resolveengine/result/GraphValidationException
instanceKlass org/gradle/tooling/GradleConnectionException
instanceKlass org/gradle/api/GradleException
instanceKlass org/gradle/tooling/internal/protocol/InternalUnsupportedModelException
instanceKlass org/gradle/cache/internal/btree/CorruptedCacheException
instanceKlass org/gradle/cli/CommandLineArgumentException
instanceKlass org/gradle/internal/tools/api/ApiClassExtractionException
instanceKlass groovy/lang/GroovyRuntimeException
instanceKlass org/gradle/internal/snapshot/impl/WorkSerializationException
instanceKlass org/gradle/tooling/internal/protocol/InternalBuildActionFailureException
instanceKlass org/gradle/tooling/internal/protocol/test/InternalTestExecutionException
instanceKlass kotlin/NoWhenBranchMatchedException
instanceKlass kotlin/KotlinNothingValueException
instanceKlass org/gradle/internal/snapshot/impl/IsolationException
instanceKlass org/gradle/internal/snapshot/ValueSnapshottingException
instanceKlass org/apache/tools/ant/BuildException
instanceKlass org/gradle/api/internal/attributes/AttributeMergingException
instanceKlass org/gradle/api/internal/provider/AbstractProperty$PropertyQueryException
instanceKlass java/util/ConcurrentModificationException
instanceKlass java/lang/TypeNotPresentException
instanceKlass org/gradle/internal/reflect/NoSuchPropertyException
instanceKlass org/gradle/internal/typeconversion/TypeConversionException
instanceKlass com/google/common/util/concurrent/UncheckedExecutionException
instanceKlass com/google/common/cache/CacheLoader$InvalidCacheLoadException
instanceKlass org/gradle/internal/work/NoAvailableWorkerLeaseException
instanceKlass org/gradle/launcher/daemon/server/BadlyFormedRequestException
instanceKlass java/security/ProviderException
instanceKlass org/gradle/internal/remote/internal/MessageIOException
instanceKlass org/gradle/cache/InsufficientLockModeException
instanceKlass org/gradle/cache/LockTimeoutException
instanceKlass org/gradle/launcher/daemon/registry/DaemonRegistry$EmptyRegistryException
instanceKlass org/gradle/cache/FileIntegrityViolationException
instanceKlass org/gradle/internal/file/FileException
instanceKlass java/io/UncheckedIOException
instanceKlass org/gradle/launcher/daemon/server/api/DaemonStoppedException
instanceKlass org/gradle/launcher/daemon/server/api/DaemonUnavailableException
instanceKlass java/util/MissingResourceException
instanceKlass org/gradle/internal/jvm/JavaHomeException
instanceKlass kotlin/UninitializedPropertyAccessException
instanceKlass org/gradle/api/reflect/ObjectInstantiationException
instanceKlass org/gradle/api/internal/classpath/UnknownModuleException
instanceKlass java/util/NoSuchElementException
instanceKlass org/gradle/internal/reflect/NoSuchMethodException
instanceKlass org/gradle/internal/nativeintegration/NativeIntegrationException
instanceKlass org/gradle/internal/service/ServiceLookupException
instanceKlass net/rubygrapefruit/platform/NativeException
instanceKlass com/esotericsoftware/kryo/KryoException
instanceKlass java/lang/reflect/UndeclaredThrowableException
instanceKlass org/gradle/internal/operations/BuildOperationInvocationException
instanceKlass org/gradle/internal/UncheckedException
instanceKlass org/gradle/api/GradleException
instanceKlass java/lang/UnsupportedOperationException
instanceKlass java/lang/SecurityException
instanceKlass org/gradle/api/UncheckedIOException
instanceKlass org/gradle/internal/service/ServiceLookupException
instanceKlass java/lang/IndexOutOfBoundsException
instanceKlass org/gradle/api/GradleException
instanceKlass java/lang/IllegalStateException
instanceKlass org/gradle/api/UncheckedIOException
instanceKlass org/gradle/api/internal/classpath/UnknownModuleException
instanceKlass java/lang/IllegalArgumentException
instanceKlass java/lang/ArithmeticException
instanceKlass java/lang/NullPointerException
instanceKlass java/lang/IllegalMonitorStateException
instanceKlass java/lang/ArrayStoreException
instanceKlass java/lang/ClassCastException
ciInstanceKlass java/lang/RuntimeException 1 1 40 10 7 12 1 1 1 10 12 1 10 12 1 10 12 1 10 12 1 100 1 1 1 1 5 0 1 1 1 1 1 1 1 1 1 1 1 1 1 1
instanceKlass java/lang/reflect/Executable$ParameterData
instanceKlass sun/security/pkcs/SignerInfo$AlgorithmInfo
instanceKlass java/nio/DirectByteBuffer$Deallocator
instanceKlass jdk/net/UnixDomainPrincipal
instanceKlass java/lang/reflect/Proxy$ProxyBuilder$ProxyClassContext
instanceKlass jdk/internal/misc/ThreadTracker$ThreadRef
instanceKlass java/security/SecureClassLoader$CodeSourceKey
instanceKlass jdk/internal/module/ModuleReferenceImpl$CachedHash
instanceKlass java/util/stream/Collectors$CollectorImpl
instanceKlass jdk/internal/reflect/ReflectionFactory$Config
instanceKlass jdk/internal/foreign/abi/UpcallLinker$CallRegs
instanceKlass jdk/internal/foreign/abi/VMStorage
ciInstanceKlass java/lang/Record 1 1 22 10 7 12 1 1 1 100 1 1 1 1 1 1 1 1 1 1 1 1 1 1
ciInstanceKlass java/lang/invoke/MethodType 1 1 780 7 1 10 7 12 1 1 1 9 12 1 1 9 12 1 1 9 12 1 1 10 7 12 1 1 1 9 7 12 1 1 8 1 10 100 12 1 1 1 9 7 1 9 7 1 10 12 1 1 7 1 10 8 1 10 12 1 1 10 12 1 10 12 1 1 7 1 8 1 10 12 1 100 1 10 10 12 1 10 12 1 1 10 12 1 1 11 7 12 1 1 1 9 12 1 11 12 1 1 7 10 12 1 1 10 12 1 1 7 1 7 1 10 7 12 1 1 1 10 12 1 10 12 1 9 12 1 1 10 7 12 1 1 10 12 1 1 10 7 12 1 1 1 10 7 12 1 1 1 10 12 1 9 12 1 1 10 12 1 1 10 12 1 1 10 12 1 1 10 12 1 1 10 12 1 1 10 12 1 10 12 1 10 12 1 1 10 12 1 8 1 8 1 10 12 1 1 9 12 1 1 100 1 10 10 12 1 1 10 12 1 10 12 1 1 10 12 1 1 10 12 1 10 12 1 10 12 1 8 1 10 12 1 1 10 100 12 1 1 1 10 12 1 10 12 1 1 10 12 1 10 12 1 10 12 1 1 10 12 1 10 12 1 9 12 1 10 12 1 10 10 12 1 1 10 12 1 9 12 1 1 10 12 1 1 11 12 1 1 10 12 1 1 10 12 1 10 12 1 100 1 8 1 8 1 8 1 10 12 1 10 12 1 10 12 1 1 10 10 12 1 11 12 1 1 11 12 1 10 100 12 1 1 1 9 12 1 10 12 1 10 12 1 1 10 12 1 1 10 12 1 10 12 1 10 100 12 1 1 1 10 12 1 1 10 12 1 10 12 1 10 12 1 10 9 12 1 1 7 1 10 12 1 10 12 1 1 9 100 12 1 1 1 10 7 12 1 1 1 10 7 12 1 1 1 10 12 1 1 10 7 12 1 1 1 10 12 1 1 8 1 10 7 12 1 1 1 11 12 1 1 9 12 1 1 10 12 1 1 10 12 1 10 12 1 1 10 12 1 1 10 100 12 1 1 100 1 10 12 1 1 11 100 12 1 1 18 12 1 1 11 12 1 1 18 12 1 11 12 1 100 1 11 100 12 1 1 10 12 1 100 1 10 12 1 10 100 12 1 1 10 12 1 1 9 12 1 1 9 100 12 1 1 1 10 7 12 1 1 1 9 12 1 10 100 12 1 1 10 12 1 100 10 12 1 1 10 12 1 7 1 10 10 12 1 1 7 1 7 1 9 12 1 1 7 1 7 1 7 1 1 1 5 0 1 1 1 1 1 1 1 3 1 3 1 3 1 1 1 1 1 1 1 1 1 1 1 1 1 1 1 1 1 1 1 1 1 1 1 1 1 1 1 1 1 1 1 1 1 1 1 1 1 1 1 1 1 1 1 1 1 1 1 1 1 1 1 1 1 1 1 1 1 1 1 1 1 1 1 1 1 1 1 1 1 1 1 1 1 1 1 1 1 1 1 1 1 1 1 1 1 1 1 1 1 1 1 1 1 1 1 1 1 1 1 1 1 1 1 1 1 1 1 1 1 1 1 1 1 1 1 1 1 1 1 1 1 1 1 1 1 1 1 1 1 1 100 1 100 1 1 1 1 1 1 1 1 1 1 1 1 1 100 1 1 1 7 1 1 1 1 1 1 1 1 1 1 1 1 1 1 1 1 1 1 1 1 1 1 16 15 10 12 16 16 15 10 12 16 15 10 100 12 1 1 1 1 1 7 1 1 7 1 1 100 1 100 1 1
staticfield java/lang/invoke/MethodType internTable Ljdk/internal/util/ReferencedKeySet; jdk/internal/util/ReferencedKeySet
staticfield java/lang/invoke/MethodType NO_PTYPES [Ljava/lang/Class; 0 [Ljava/lang/Class;
staticfield java/lang/invoke/MethodType objectOnlyTypes [Ljava/lang/invoke/MethodType; 20 [Ljava/lang/invoke/MethodType;
staticfield java/lang/invoke/MethodType METHOD_HANDLE_ARRAY [Ljava/lang/Class; 1 [Ljava/lang/Class;
staticfield java/lang/invoke/MethodType serialPersistentFields [Ljava/io/ObjectStreamField; 0 [Ljava/io/ObjectStreamField;
staticfield java/lang/invoke/MethodType $assertionsDisabled Z 1
ciInstanceKlass java/lang/invoke/TypeDescriptor$OfMethod 1 0 43 100 1 100 1 100 1 1 1 1 1 1 1 1 1 1 1 1 1 1 1 1 1 1 1 1 1 1 1 1 1 1 1 1 1 1 1 1 1 1 100 1 1
instanceKlass java/lang/InstantiationException
instanceKlass java/lang/reflect/InvocationTargetException
instanceKlass java/lang/IllegalAccessException
instanceKlass java/lang/NoSuchFieldException
instanceKlass java/lang/NoSuchMethodException
instanceKlass java/lang/ClassNotFoundException
ciInstanceKlass java/lang/ReflectiveOperationException 1 1 34 10 7 12 1 1 1 10 12 1 10 12 1 10 12 1 100 1 1 1 1 5 0 1 1 1 1 1 1 1 1 1 1 1
instanceKlass java/lang/invoke/DelegatingMethodHandle
instanceKlass java/lang/invoke/BoundMethodHandle
instanceKlass java/lang/invoke/DirectMethodHandle
ciInstanceKlass java/lang/invoke/MethodHandle 1 1 733 100 1 9 7 12 1 1 1 10 7 12 1 1 1 10 7 12 1 1 1 7 1 7 1 10 12 1 1 9 12 1 1 10 12 1 10 12 1 1 10 12 1 1 10 7 12 1 1 1 10 12 1 1 10 12 1 1 11 7 12 1 1 1 10 12 1 1 10 12 1 10 12 1 10 12 1 1 9 12 1 1 9 12 1 1 10 7 12 1 1 1 10 12 1 1 10 12 1 10 12 1 100 1 7 1 10 8 1 10 12 1 1 10 12 1 8 1 10 12 1 1 10 12 1 10 7 12 1 1 1 10 12 1 1 10 12 1 1 10 12 1 1 10 7 12 1 1 1 10 12 1 1 10 12 1 1 10 12 1 10 12 1 1 10 7 12 1 1 10 7 12 1 1 10 12 1 10 12 1 10 12 1 1 10 12 1 1 10 12 1 1 10 12 1 1 10 7 12 1 1 1 10 7 12 1 1 1 10 12 1 1 10 12 1 1 10 12 1 1 8 1 10 7 12 1 1 1 8 1 10 12 1 10 12 1 1 10 12 1 1 10 12 1 8 1 10 12 1 1 8 1 10 12 1 8 1 10 7 12 1 1 1 9 12 1 1 100 1 10 9 7 12 1 1 1 9 7 1 8 1 10 12 1 1 10 12 1 10 12 1 1 10 12 1 10 12 1 1 10 12 1 10 12 1 1 10 12 1 10 12 1 1 10 12 1 1 8 1 10 12 1 1 8 1 10 12 1 10 12 1 1 10 12 1 10 12 1 10 12 1 1 9 100 12 1 1 1 10 12 1 1 11 12 1 10 12 1 10 12 1 1 10 100 12 1 1 100 1 11 12 1 10 100 1 11 12 1 7 1 10 12 1 11 12 1 9 100 12 1 1 1 11 12 1 1 11 100 12 1 1 1 10 12 1 1 9 12 1 11 12 1 9 12 1 9 12 1 9 12 1 11 12 1 1 9 12 1 9 12 1 9 12 1 9 12 1 9 12 1 9 12 1 9 12 1 8 1 10 12 1 10 12 1 8 1 10 12 1 10 12 1 10 12 1 1 10 10 10 7 12 1 1 10 12 1 1 100 1 100 1 8 1 8 1 10 10 12 1 1 10 12 1 10 12 1 7 1 10 100 12 1 1 1 10 9 7 12 1 1 1 10 12 1 1 10 12 1 1 8 1 8 1 10 7 12 1 1 9 12 1 9 12 1 1 9 12 1 1 10 12 1 7 1 10 12 1 10 12 1 1 9 12 1 1 9 12 1 1 10 7 12 1 1 1 11 7 12 1 1 9 12 1 10 12 1 1 9 12 1 10 12 1 8 10 12 1 1 8 1 1 1 1 1 1 1 1 7 1 1 1 1 1 1 1 1 1 1 1 1 1 1 1 1 1 1 1 1 1 1 1 1 1 1 1 1 1 1 100 1 1 1 1 1 1 1 1 1 1 1 1 1 1 1 1 1 1 1 1 1 1 1 1 1 1 1 1 1 1 1 1 1 1 1 1 1 1 1 1 1 1 1 1 1 1 1 1 1 1 1 1 1 1 1 1 1 1 1 1 1 1 1 1 1 1 1 1 1 1 1 1 1 1 1 1 1 1 1 1 1 1 1 1 1 1 100 1 1 100 1 7 1 100 1 1 100 1 1 100 1 1 1 1
staticfield java/lang/invoke/MethodHandle FORM_OFFSET J 20
staticfield java/lang/invoke/MethodHandle UPDATE_OFFSET J 13
staticfield java/lang/invoke/MethodHandle $assertionsDisabled Z 1
ciInstanceKlass java/util/concurrent/ConcurrentHashMap 1 1 1210 7 1 7 1 3 10 12 1 1 3 7 1 10 7 12 1 1 1 7 1 10 7 12 1 1 1 100 1 11 12 1 1 11 12 1 11 12 1 1 9 12 1 1 9 12 1 1 9 12 1 10 7 12 1 1 1 7 1 10 12 1 1 10 12 1 1 10 7 12 1 1 1 4 10 12 1 9 12 1 10 12 1 1 100 1 10 5 0 10 12 1 10 12 1 1 5 0 10 12 1 1 10 12 1 9 12 1 1 10 12 1 1 9 12 1 9 12 1 1 10 12 1 1 9 12 1 10 12 1 1 9 12 1 1 10 12 1 1 100 1 10 100 1 10 12 1 10 12 1 1 10 12 1 1 10 12 1 1 10 12 1 10 12 1 1 10 12 1 1 100 1 10 12 1 1 7 1 100 1 8 1 10 12 1 10 12 1 1 10 12 1 1 11 7 12 1 1 10 12 1 1 11 12 1 1 11 7 12 1 1 1 11 7 12 1 1 1 11 12 1 7 1 11 12 1 11 12 1 10 12 1 1 10 12 1 1 9 12 1 1 10 100 12 1 1 1 9 10 12 1 1 9 12 1 10 12 1 1 5 0 9 12 1 1 7 1 10 12 1 9 12 1 1 7 1 10 12 1 9 12 1 7 1 10 7 1 10 10 12 1 1 8 1 10 12 1 10 12 1 1 11 100 1 10 12 1 10 100 12 1 1 1 8 1 10 100 12 1 1 1 8 1 10 12 1 8 1 10 12 1 10 12 1 1 10 100 12 1 1 10 12 1 10 12 1 10 12 1 9 12 1 9 10 12 1 9 12 1 1 11 100 12 1 1 1 11 7 12 1 1 1 100 1 10 12 11 100 12 1 1 10 11 7 12 1 10 12 1 100 1 10 12 1 100 1 10 10 9 7 12 1 1 1 10 12 3 10 7 12 1 1 9 12 1 10 12 1 1 9 12 1 1 9 12 1 10 12 1 1 10 100 12 1 1 9 12 1 9 7 12 1 1 10 12 1 1 10 12 1 3 9 12 1 9 12 1 10 12 1 1 7 1 9 3 9 12 1 7 1 10 12 1 9 12 1 10 12 1 9 12 1 10 12 1 9 12 1 10 100 12 1 1 1 100 10 12 1 7 1 5 0 10 100 12 1 1 100 1 10 12 1 1 10 12 1 10 12 1 100 1 10 12 1 10 100 1 100 1 10 10 12 1 10 100 1 10 12 1 10 100 1 10 12 1 10 7 1 10 12 1 1 100 1 10 12 1 10 10 12 1 100 1 10 12 1 10 10 12 1 100 1 10 12 1 10 100 1 10 12 1 10 100 1 10 12 1 10 100 1 10 12 1 10 100 1 10 12 1 10 100 1 10 12 1 10 100 1 10 12 1 10 100 1 10 12 1 10 100 1 10 10 100 1 10 10 100 1 10 10 100 1 10 12 1 10 100 1 10 12 1 10 100 1 10 12 1 10 100 1 10 12 1 10 100 1 10 12 1 10 100 1 10 10 100 1 10 10 100 1 10 10 100 1 10 12 1 10 100 1 10 12 1 10 100 1 10 12 1 10 100 1 10 12 1 10 100 1 10 12 1 10 10 12 1 10 7 12 1 1 1 10 12 1 7 1 7 1 10 12 1 9 12 1 1 9 12 1 1 10 12 1 1 8 10 12 1 1 8 8 8 8 7 10 12 1 1 10 12 1 100 1 8 1 10 7 1 7 1 7 1 1 1 5 0 1 1 3 1 3 1 1 1 1 3 1 3 1 3 1 1 1 1 1 3 1 3 1 3 1 1 1 1 1 1 1 1 1 1 1 1 1 1 1 1 1 1 1 1 1 1 1 1 1 100 1 1 1 1 1 1 1 1 1 1 1 1 1 1 1 1 1 1 1 1 1 1 1 1 1 1 1 1 1 1 1 1 1 1 1 1 1 1 1 1 1 1 1 1 1 1 1 1 1 1 1 1 1 1 1 1 1 1 1 1 1 1 1 1 1 1 1 1 1 1 1 1 1 1 1 1 1 1 1 1 1 1 1 1 100 1 1 1 1 1 1 1 1 1 1 1 7 1 1 1 1 1 1 1 1 1 1 1 1 1 1 1 1 1 1 1 1 1 1 1 1 1 1 1 1 1 1 1 1 1 1 1 1 1 1 1 1 1 1 1 1 1 1 1 1 1 1 1 1 1 1 1 1 1 1 1 1 1 1 1 1 1 1 1 1 1 1 1 1 1 1 1 1 1 1 1 1 1 1 1 1 1 1 1 1 1 1 1 1 1 1 1 1 1 1 1 1 1 1 1 1 1 1 1 1 1 1 1 1 1 1 1 1 1 1 1 1 1 1 1 1 1 1 1 1 1 1 1 1 1 1 1 1 1 1 1 1 1 1 1 1 1 1 1 1 1 1 1 1 1 1 1 1 1 1 1 1 1 1 1 1 1 1 1 1 1 1 1 1 1 1 1 1 1 1 1 1 1 1 1 1 1 1 1 1 1 1 1 1 1 1 1 1 1 1 1 1 1 1 1 1 1 1 1 1 1 1 1 1 1 1 1 1 1 1 1 1 1 1 1 100 1 100 1 100 1 100 1 100 1 100 1 100 1 100 1 100 1 1 1 1 1 1 1 1 1 1 1 1 1 1 1 1 1 1 1 1 1 1 1 1 1 1 1 1 1 1 1 1 1 1 1 1 1 1 1 1 1 1 1 1 1 1 1 1 1 1 1 1 1 1 1 1 1 1
staticfield java/util/concurrent/ConcurrentHashMap NCPU I 12
staticfield java/util/concurrent/ConcurrentHashMap serialPersistentFields [Ljava/io/ObjectStreamField; 3 [Ljava/io/ObjectStreamField;
staticfield java/util/concurrent/ConcurrentHashMap U Ljdk/internal/misc/Unsafe; jdk/internal/misc/Unsafe
staticfield java/util/concurrent/ConcurrentHashMap SIZECTL J 20
staticfield java/util/concurrent/ConcurrentHashMap TRANSFERINDEX J 32
staticfield java/util/concurrent/ConcurrentHashMap BASECOUNT J 24
staticfield java/util/concurrent/ConcurrentHashMap CELLSBUSY J 36
staticfield java/util/concurrent/ConcurrentHashMap CELLVALUE J 144
staticfield java/util/concurrent/ConcurrentHashMap ABASE I 16
staticfield java/util/concurrent/ConcurrentHashMap ASHIFT I 2
instanceKlass java/util/Collections$SingletonMap
instanceKlass com/google/common/collect/MapMakerInternalMap
instanceKlass com/google/common/cache/LocalCache
instanceKlass java/util/concurrent/ConcurrentSkipListMap
instanceKlass java/util/TreeMap
instanceKlass java/util/IdentityHashMap
instanceKlass java/util/EnumMap
instanceKlass java/util/WeakHashMap
instanceKlass java/util/Collections$EmptyMap
instanceKlass java/util/HashMap
instanceKlass sun/util/PreHashedMap
instanceKlass java/util/ImmutableCollections$AbstractImmutableMap
instanceKlass java/util/concurrent/ConcurrentHashMap
ciInstanceKlass java/util/AbstractMap 1 1 196 10 7 12 1 1 1 10 7 12 1 1 1 11 7 12 1 1 1 10 11 12 1 1 11 7 12 1 1 1 11 12 1 1 7 1 11 12 1 10 12 1 1 11 12 1 100 1 10 11 12 1 11 7 1 10 12 1 1 11 12 1 9 12 1 1 100 1 10 12 1 9 12 1 1 100 1 10 11 11 12 1 1 11 12 1 7 1 100 1 11 12 1 8 1 7 1 10 10 12 1 1 8 1 10 12 1 10 12 1 1 10 12 1 1 1 1 1 1 1 1 1 1 1 1 1 1 1 1 1 1 1 1 1 1 1 1 1 1 1 1 1 1 1 1 1 1 1 1 1 1 1 1 7 1 1 1 1 1 1 1 7 1 1 1 1 1 1 1 1 1 7 1 1 1 1 1 1 1 1 1 100 1 100 1 100 1 100 1 100 1 1 1 1 1 1
ciMethod java/util/concurrent/ConcurrentHashMap get (Ljava/lang/Object;)Ljava/lang/Object; 520 0 10570 0 688
ciMethod java/util/concurrent/ConcurrentHashMap putIfAbsent (Ljava/lang/Object;Ljava/lang/Object;)Ljava/lang/Object; 522 0 19534 0 -1
ciMethod java/util/concurrent/ConcurrentHashMap compute (Ljava/lang/Object;Ljava/util/function/BiFunction;)Ljava/lang/Object; 20 2 91 0 0
ciInstanceKlass java/util/concurrent/ConcurrentMap 1 1 208 11 7 12 1 1 1 10 100 12 1 1 11 12 1 1 11 100 12 1 1 1 11 7 12 1 1 1 11 12 1 1 100 1 11 12 1 11 12 1 100 1 11 100 12 1 1 1 18 12 1 11 12 1 1 11 100 12 1 1 11 12 1 1 11 100 12 1 11 12 1 1 11 12 1 1 7 1 7 1 1 1 1 1 1 1 1 1 1 1 1 1 1 1 1 1 1 1 1 1 1 1 1 1 1 1 1 1 1 1 1 1 1 1 1 1 1 1 1 1 1 1 1 1 1 1 1 1 1 1 1 1 1 1 1 1 1 1 1 16 15 11 12 15 10 100 12 1 1 1 1 1 100 1 100 1 1 1 100 1 8 1 1 12 10 1 1 1 8 1 1 1 8 1 1 8 1 1 1 8 1 1 1 8 1 1 1 8 1 1 1 8 1 1 1 8 1 1 1 8 1 1 1 8 1 1 8 1
ciInstanceKlass jdk/internal/loader/ClassLoaders 1 1 183 10 7 12 1 1 1 10 7 12 1 1 1 10 12 1 1 10 100 12 1 1 1 9 7 12 1 1 1 9 12 1 1 9 12 1 1 7 1 11 100 12 1 1 1 100 1 11 12 1 1 11 12 1 1 10 100 12 1 1 1 10 100 12 1 1 1 100 1 100 1 10 7 12 1 1 1 9 12 1 1 10 12 1 1 7 1 10 12 1 1 10 12 1 7 1 8 1 10 7 12 1 1 1 10 12 1 1 7 1 10 12 1 10 12 1 10 12 1 8 1 10 7 12 1 1 8 1 8 1 10 12 1 7 1 10 12 1 10 12 1 10 12 1 1 1 1 1 1 1 1 1 1 1 1 1 1 1 1 1 1 1 1 7 1 1 1 1 1 1 1 1 1 1 1 1 1 1 1 1 1 1 1
staticfield jdk/internal/loader/ClassLoaders JLA Ljdk/internal/access/JavaLangAccess; java/lang/System$2
staticfield jdk/internal/loader/ClassLoaders BOOT_LOADER Ljdk/internal/loader/ClassLoaders$BootClassLoader; jdk/internal/loader/ClassLoaders$BootClassLoader
staticfield jdk/internal/loader/ClassLoaders PLATFORM_LOADER Ljdk/internal/loader/ClassLoaders$PlatformClassLoader; jdk/internal/loader/ClassLoaders$PlatformClassLoader
staticfield jdk/internal/loader/ClassLoaders APP_LOADER Ljdk/internal/loader/ClassLoaders$AppClassLoader; jdk/internal/loader/ClassLoaders$AppClassLoader
instanceKlass jdk/internal/loader/ClassLoaders$BootClassLoader
instanceKlass jdk/internal/loader/ClassLoaders$PlatformClassLoader
instanceKlass jdk/internal/loader/ClassLoaders$AppClassLoader
ciInstanceKlass jdk/internal/loader/BuiltinClassLoader 1 1 737 9 7 12 1 1 1 10 7 12 1 1 1 10 7 12 1 1 1 9 12 1 1 9 12 1 1 7 1 10 12 1 9 12 1 10 12 1 9 12 1 10 7 12 1 1 1 10 7 12 1 1 1 10 7 12 1 1 1 11 7 12 1 1 1 7 1 7 1 10 10 12 1 1 8 1 10 12 1 10 12 7 1 10 12 1 10 12 1 1 11 7 12 1 1 1 11 7 12 1 1 1 11 12 1 1 7 1 8 1 8 1 10 9 12 1 1 10 7 12 1 1 11 12 1 1 10 12 1 1 10 12 1 1 10 12 1 1 10 7 12 1 1 1 10 12 1 10 7 12 1 1 1 10 12 1 1 11 7 12 1 1 1 10 7 12 1 1 7 1 10 7 12 1 1 1 10 12 1 100 1 8 1 10 12 1 1 10 8 1 10 12 1 1 10 12 1 1 10 12 1 1 11 7 12 1 1 11 12 1 7 1 10 11 12 1 1 11 10 12 1 1 7 1 10 12 1 10 7 12 1 10 12 1 7 1 10 12 1 10 7 12 1 1 1 100 1 10 12 1 1 11 12 1 100 1 100 1 10 12 1 10 12 1 1 100 1 100 1 10 12 1 10 12 1 18 12 1 1 10 12 1 10 12 1 1 18 100 1 10 7 12 1 1 1 7 1 10 10 12 1 1 10 12 1 1 10 12 1 1 10 12 1 9 12 1 1 100 1 10 10 12 1 1 10 12 1 1 10 12 1 10 12 10 12 1 1 10 12 1 1 10 12 1 1 10 12 1 10 12 1 1 18 12 1 7 1 10 12 1 1 10 12 1 10 12 1 1 10 12 1 100 1 10 12 1 7 1 10 12 1 10 7 12 1 1 1 10 12 1 11 12 1 7 1 10 12 1 7 1 100 1 10 12 1 10 12 1 11 12 1 1 10 12 1 1 10 12 1 1 10 12 1 1 10 12 1 1 10 12 1 10 12 1 10 12 1 10 12 1 8 1 10 12 1 1 10 7 12 1 1 10 12 1 100 1 8 1 8 1 10 10 12 1 8 1 8 1 10 7 12 1 1 1 11 7 12 1 1 1 9 7 12 1 1 1 10 7 12 1 1 1 9 12 1 9 12 1 9 12 1 9 12 1 9 12 1 9 12 1 10 7 12 1 1 1 8 1 10 12 1 7 1 10 12 1 1 10 12 1 7 1 10 11 12 1 1 10 12 10 12 1 10 12 1 100 1 10 12 1 10 12 1 10 10 12 1 10 7 12 1 1 8 1 10 7 12 1 1 10 12 1 1 1 1 1 1 1 1 1 1 1 1 1 1 1 1 1 1 1 1 1 1 1 1 1 1 1 1 1 1 1 1 1 1 1 1 1 1 1 1 1 1 1 1 1 1 1 1 1 1 1 1 1 1 1 1 7 1 1 1 1 1 1 1 1 1 1 1 1 1 1 1 1 1 1 7 1 7 1 1 1 1 1 1 1 1 1 1 1 1 1 1 1 1 1 1 1 1 1 1 1 1 1 1 1 1 1 1 1 1 1 1 1 1 1 1 1 1 1 1 1 1 1 1 1 1 1 1 1 100 1 1 16 15 10 12 16 15 10 12 16 15 10 12 16 1 15 10 100 12 1 1 1 1 1 100 1 1 1 1 1 100 1 100 1 1
staticfield jdk/internal/loader/BuiltinClassLoader packageToModule Ljava/util/Map; java/util/concurrent/ConcurrentHashMap
staticfield jdk/internal/loader/BuiltinClassLoader $assertionsDisabled Z 1
ciInstanceKlass jdk/internal/loader/ClassLoaders$AppClassLoader 1 1 119 8 1 10 7 12 1 1 1 10 7 12 1 1 1 10 7 12 1 1 1 10 12 1 1 10 7 12 1 1 1 10 12 1 1 10 12 1 1 7 1 8 1 10 12 10 7 12 1 1 1 10 7 12 1 1 10 12 1 1 10 12 1 1 10 7 12 1 1 1 7 1 10 12 1 1 1 1 1 1 1 1 1 1 1 1 1 1 1 1 1 1 1 1 1 7 1 1 1 1 1 1 1 1 1 1 1 1 1 1 1 1 1 1 1 7 1 1 1
ciInstanceKlass jdk/internal/loader/ClassLoaders$PlatformClassLoader 1 1 42 8 1 10 7 12 1 1 1 10 7 12 1 1 1 7 1 10 12 1 7 1 1 1 1 1 1 1 1 1 1 1 1 1 1 7 1 1 1 100 1 1
ciInstanceKlass java/lang/ArithmeticException 1 1 26 10 100 12 1 1 1 10 12 1 100 1 1 1 1 5 0 1 1 1 1 1 1 1 1 1
ciInstanceKlass java/lang/ArrayStoreException 1 1 26 10 100 12 1 1 1 10 12 1 100 1 1 1 1 5 0 1 1 1 1 1 1 1 1 1
instanceKlass org/codehaus/groovy/runtime/typehandling/GroovyCastException
ciInstanceKlass java/lang/ClassCastException 1 1 26 10 100 12 1 1 1 10 12 1 100 1 1 1 1 5 0 1 1 1 1 1 1 1 1 1
ciInstanceKlass java/lang/ClassNotFoundException 1 1 96 7 1 10 7 12 1 1 1 10 12 1 10 12 1 1 10 100 12 1 1 1 8 1 10 100 12 1 1 1 10 7 12 1 1 10 100 12 1 1 1 10 100 12 1 1 1 10 12 1 1 7 1 10 12 1 9 12 1 1 1 1 1 5 0 1 1 1 1 1 1 1 1 1 1 1 1 1 1 1 1 1 1 100 1 1 1 1 1 1 1 1 1 1 1 1
staticfield java/lang/ClassNotFoundException serialPersistentFields [Ljava/io/ObjectStreamField; 1 [Ljava/io/ObjectStreamField;
instanceKlass java/util/regex/PatternSyntaxException
instanceKlass java/nio/file/InvalidPathException
instanceKlass java/nio/file/ProviderMismatchException
instanceKlass java/security/InvalidParameterException
instanceKlass java/lang/NumberFormatException
instanceKlass org/gradle/internal/service/UnknownServiceException
instanceKlass org/gradle/internal/service/UnknownServiceException
ciInstanceKlass java/lang/IllegalArgumentException 1 1 35 10 100 12 1 1 1 10 12 1 10 12 1 10 12 1 100 1 1 1 1 5 0 1 1 1 1 1 1 1 1 1 1 1 1
ciInstanceKlass java/lang/IllegalMonitorStateException 1 1 26 10 100 12 1 1 1 10 12 1 100 1 1 1 1 5 0 1 1 1 1 1 1 1 1 1
ciInstanceKlass java/lang/BootstrapMethodError 0 0 45 10 100 12 1 1 1 10 12 1 10 12 1 10 100 12 1 1 1 10 100 12 1 1 1 1 1 1 5 0 1 1 1 1 1 1 1 1 1 1 1 100 1 1 1
instanceKlass java/lang/ClassFormatError
instanceKlass java/lang/UnsatisfiedLinkError
instanceKlass java/lang/IncompatibleClassChangeError
instanceKlass java/lang/BootstrapMethodError
instanceKlass java/lang/NoClassDefFoundError
ciInstanceKlass java/lang/LinkageError 1 1 31 10 7 12 1 1 1 10 12 1 10 12 1 100 1 1 1 1 5 0 1 1 1 1 1 1 1 1 1 1 1
instanceKlass kotlin/KotlinNullPointerException
ciInstanceKlass java/lang/NullPointerException 1 1 52 10 100 12 1 1 1 10 12 1 9 100 12 1 1 1 10 12 1 1 9 12 1 1 10 12 1 1 10 12 1 1 1 1 5 0 1 1 1 1 1 1 1 1 100 1 100 1 100 1 1 1
ciInstanceKlass java/lang/NoClassDefFoundError 1 1 26 10 7 12 1 1 1 10 12 1 100 1 1 1 1 5 0 1 1 1 1 1 1 1 1 1
ciInstanceKlass java/lang/StackOverflowError 1 1 26 10 100 12 1 1 1 10 12 1 100 1 1 1 1 5 0 1 1 1 1 1 1 1 1 1
ciInstanceKlass java/lang/StackTraceElement 0 0 235 10 7 12 1 1 1 10 7 12 1 1 9 12 1 1 9 12 1 1 9 12 1 9 12 1 8 1 10 100 12 1 1 1 7 1 9 12 1 8 1 9 12 1 9 12 1 9 12 1 1 10 12 1 1 10 12 1 8 1 10 100 12 1 1 1 7 1 10 12 1 10 12 1 1 10 12 1 10 12 1 1 10 12 1 10 12 1 10 10 12 1 8 1 10 12 1 10 12 1 1 10 12 1 1 10 12 1 10 12 1 10 12 1 9 12 1 1 10 7 12 1 1 1 10 12 1 1 7 1 10 12 1 1 10 100 12 1 1 10 100 12 1 1 1 10 7 12 1 1 10 100 12 1 1 10 10 12 1 1 10 12 1 1 10 12 1 1 10 12 1 7 1 1 1 1 1 1 1 3 1 3 1 1 5 0 1 1 1 1 1 1 1 1 1 1 1 1 1 1 1 1 1 1 1 1 1 1 1 1 1 1 1 1 1 7 1 7 1 1 1 1 1 1 1 100 1 1 1 1 1 1 1 1 1
instanceKlass java/util/concurrent/locks/AbstractQueuedSynchronizer
ciInstanceKlass java/util/concurrent/locks/AbstractOwnableSynchronizer 1 1 32 10 7 12 1 1 1 9 7 12 1 1 1 100 1 1 1 1 5 0 1 1 1 1 1 1 1 1 1 1 1 1
instanceKlass sun/util/calendar/ZoneInfoFile$Checksum
ciInstanceKlass java/util/zip/CRC32 1 1 175 10 7 12 1 1 1 9 7 12 1 1 1 10 12 1 1 100 1 10 9 7 12 1 1 1 10 12 1 1 10 12 1 1 10 100 12 1 1 1 10 12 1 9 12 1 1 100 1 10 10 12 1 1 9 7 12 1 1 1 11 100 12 1 1 1 100 1 11 12 1 1 10 12 1 1 11 12 1 10 12 1 10 12 1 1 10 12 1 10 12 1 10 100 12 1 1 10 12 1 10 12 1 1 10 12 1 10 12 1 5 0 10 12 1 10 12 1 10 7 12 1 1 1 10 12 1 1 10 12 1 1 10 12 1 10 7 12 1 1 10 12 1 100 1 1 1 1 1 1 1 1 1 1 1 1 1 1 1 1 1 1 100 1 100 1 1 1 1 1 1 1 1 1 1
staticfield java/util/zip/CRC32 $assertionsDisabled Z 1
ciInstanceKlass java/util/zip/Checksum 1 1 86 11 7 12 1 1 1 10 100 12 1 1 1 10 12 1 9 7 12 1 1 1 100 1 10 12 1 1 10 12 1 1 10 12 1 1 10 12 1 10 12 1 10 100 12 1 1 1 10 12 1 10 12 1 1 10 12 1 100 1 1 1 1 1 1 1 1 1 1 1 1 1 1 1 1 1 1 100 1 1 1 1 1 1 1 1
ciMethod java/util/zip/Checksum update ([B)V 1004 0 6267 0 -1
ciMethod java/util/zip/CRC32 getValue ()J 1004 0 5920 0 -1
ciMethod java/util/zip/CRC32 <init> ()V 1004 0 5920 0 -1
ciInstanceKlass jdk/internal/vm/Continuation 0 0 549 9 100 12 1 1 1 9 12 1 9 12 1 100 1 7 1 10 12 1 1 8 1 10 12 1 1 10 12 1 10 12 1 1 10 12 1 9 7 12 1 1 1 11 100 12 1 1 1 10 7 1 9 12 1 1 9 12 1 1 10 8 1 10 12 1 9 12 1 1 10 11 12 1 1 100 1 10 100 12 1 1 1 10 12 1 1 10 12 1 10 12 1 1 11 12 1 1 9 12 1 1 10 12 1 1 18 12 1 1 10 7 12 1 1 1 100 1 10 12 1 11 100 12 1 1 1 10 12 1 9 12 1 10 12 1 1 100 1 8 1 10 12 1 10 12 1 1 9 12 1 1 11 12 1 1 9 12 1 1 8 1 10 11 12 1 1 11 12 1 1 10 12 1 1 10 12 1 1 9 12 1 10 12 1 10 10 12 1 8 1 10 12 1 8 1 8 1 10 7 12 1 1 1 10 7 12 1 1 1 10 12 1 9 12 1 11 12 1 7 1 10 12 1 10 12 1 1 9 12 1 1 7 1 10 12 1 1 9 12 1 1 10 12 1 10 12 1 11 7 12 1 1 10 7 1 10 12 1 8 1 9 12 1 10 12 1 1 9 12 1 1 10 7 12 1 1 8 1 8 1 8 1 8 1 10 12 1 1 10 12 1 10 12 1 10 12 1 10 12 1 1 10 12 1 1 8 1 10 12 1 1 9 12 1 1 10 12 1 1 9 12 1 8 1 10 7 12 1 1 1 10 12 1 8 1 100 1 8 1 10 9 12 1 1 8 1 10 7 12 1 1 10 100 12 1 1 8 1 8 1 10 12 10 100 12 1 1 1 10 7 1 10 7 12 1 1 1 18 11 100 12 1 1 1 18 12 1 11 12 1 1 7 1 10 7 12 1 1 10 12 1 1 8 10 12 1 1 10 100 12 1 1 1 10 100 12 1 1 10 12 1 8 1 10 12 1 7 1 7 1 10 12 1 1 1 1 1 1 1 1 1 1 1 1 1 1 1 1 1 1 1 1 1 1 1 1 1 1 1 1 1 1 1 1 1 1 1 1 1 1 1 1 1 1 1 1 1 1 1 1 1 1 1 1 1 1 1 1 1 1 1 1 1 1 1 1 1 1 1 1 1 1 1 1 1 1 1 100 1 1 16 1 15 10 12 16 15 11 7 12 1 1 1 16 1 16 1 15 10 12 16 15 10 100 12 1 1 1 1 1 1 1 1 100 1 100 1 1
ciInstanceKlass jdk/internal/misc/UnsafeConstants 1 1 34 10 100 12 1 1 1 9 7 12 1 1 1 9 12 1 9 12 1 1 9 12 1 9 12 1 1 1 1 1 1 1 1 1
staticfield jdk/internal/misc/UnsafeConstants ADDRESS_SIZE0 I 8
staticfield jdk/internal/misc/UnsafeConstants PAGE_SIZE I 4096
staticfield jdk/internal/misc/UnsafeConstants BIG_ENDIAN Z 0
staticfield jdk/internal/misc/UnsafeConstants UNALIGNED_ACCESS Z 1
staticfield jdk/internal/misc/UnsafeConstants DATA_CACHE_LINE_FLUSH_SIZE I 0
ciInstanceKlass java/lang/invoke/MethodHandleStatics 1 1 320 10 7 12 1 1 1 9 7 12 1 1 1 9 12 1 1 10 7 12 1 1 1 9 12 1 9 12 1 9 12 1 9 12 1 9 7 12 1 1 1 7 1 10 8 1 10 12 1 1 10 7 12 1 1 1 8 1 10 7 12 1 1 1 10 12 1 1 8 1 8 1 10 12 1 10 100 12 1 1 1 10 7 12 1 1 8 1 10 12 1 1 8 1 8 1 8 1 8 1 10 12 1 1 7 1 10 12 10 12 1 10 12 1 100 1 10 10 12 1 1 100 1 10 10 12 1 7 1 7 1 8 1 8 1 10 12 1 8 1 10 7 12 1 1 1 9 12 1 1 10 7 12 1 1 1 10 12 1 1 9 12 1 1 10 7 12 1 1 1 8 1 10 7 12 1 1 10 7 12 1 1 1 8 1 8 1 8 1 8 1 8 1 10 12 1 10 7 12 1 1 1 9 12 1 8 1 8 1 8 1 8 1 9 12 1 8 1 9 12 1 8 1 8 1 9 12 1 8 1 8 1 9 12 1 8 1 9 12 1 8 1 9 12 1 8 1 8 1 9 12 1 8 1 8 1 10 12 1 1 8 1 10 12 1 1 1 1 1 1 1 1 1 1 1 1 1 1 1 1 1 1 1 1 1 1 1 7 1 7 1 7 1 1 1 1 1 1 1 1 1 1 1 1 1 1 1 1 1 1 1 1 1 1 1 1 1 1 1 1
staticfield java/lang/invoke/MethodHandleStatics UNSAFE Ljdk/internal/misc/Unsafe; jdk/internal/misc/Unsafe
staticfield java/lang/invoke/MethodHandleStatics CLASSFILE_VERSION I 65
staticfield java/lang/invoke/MethodHandleStatics DEBUG_METHOD_HANDLE_NAMES Z 0
staticfield java/lang/invoke/MethodHandleStatics TRACE_INTERPRETER Z 0
staticfield java/lang/invoke/MethodHandleStatics TRACE_METHOD_LINKAGE Z 0
staticfield java/lang/invoke/MethodHandleStatics TRACE_RESOLVE Z 0
staticfield java/lang/invoke/MethodHandleStatics COMPILE_THRESHOLD I 0
staticfield java/lang/invoke/MethodHandleStatics LOG_LF_COMPILATION_FAILURE Z 0
staticfield java/lang/invoke/MethodHandleStatics DONT_INLINE_THRESHOLD I 30
staticfield java/lang/invoke/MethodHandleStatics PROFILE_LEVEL I 0
staticfield java/lang/invoke/MethodHandleStatics PROFILE_GWT Z 1
staticfield java/lang/invoke/MethodHandleStatics CUSTOMIZE_THRESHOLD I 127
staticfield java/lang/invoke/MethodHandleStatics VAR_HANDLE_GUARDS Z 1
staticfield java/lang/invoke/MethodHandleStatics MAX_ARITY I 255
staticfield java/lang/invoke/MethodHandleStatics VAR_HANDLE_IDENTITY_ADAPT Z 0
staticfield java/lang/invoke/MethodHandleStatics DUMP_CLASS_FILES Ljdk/internal/util/ClassFileDumper; jdk/internal/util/ClassFileDumper
instanceKlass groovy/lang/SpreadMap
instanceKlass java/lang/ProcessEnvironment
instanceKlass java/util/LinkedHashMap
ciInstanceKlass java/util/HashMap 1 1 629 10 7 12 1 1 1 7 1 10 12 1 1 7 1 10 7 12 1 1 1 100 1 11 12 1 1 11 12 1 11 12 1 1 10 7 12 1 1 1 7 1 3 10 7 12 1 1 1 100 1 7 1 10 8 1 10 12 1 1 10 12 1 10 12 1 1 10 12 1 10 7 12 1 1 1 8 1 10 12 1 9 12 1 1 10 12 1 9 12 1 1 4 10 12 1 10 12 1 1 11 7 12 1 1 9 12 1 1 10 7 12 1 1 1 6 0 10 12 1 1 11 12 1 1 11 7 12 1 1 1 11 7 12 1 1 1 11 12 1 1 7 1 11 12 1 11 12 1 10 12 1 10 12 1 1 9 12 10 12 1 1 9 7 12 1 1 1 9 12 9 12 1 10 12 1 1 9 12 1 7 1 10 12 1 1 10 12 1 1 10 12 1 1 10 12 1 1 10 12 1 1 9 12 1 10 12 1 1 3 4 10 12 1 1 10 12 1 1 9 12 1 1 9 10 12 1 1 10 12 1 1 10 12 1 1 10 12 1 9 12 1 1 7 1 10 12 1 10 12 1 10 7 12 1 1 1 7 1 9 12 1 1 7 1 10 9 12 7 1 10 100 1 10 11 7 12 1 1 1 100 1 10 11 7 12 1 1 11 100 12 1 1 1 10 12 1 100 1 7 1 10 12 1 10 12 1 10 12 1 10 100 12 1 1 10 12 1 1 10 12 1 1 10 7 12 1 1 1 8 10 7 12 1 1 1 100 1 10 4 4 10 12 1 1 10 7 12 1 1 1 10 12 1 8 1 6 0 10 7 12 1 1 1 7 1 11 7 12 1 1 1 10 12 1 10 12 1 10 10 12 1 1 6 0 8 1 10 12 1 10 12 7 1 7 1 1 1 1 5 0 1 3 1 1 1 3 1 3 1 3 1 1 1 1 1 1 1 1 1 1 1 1 1 1 1 1 1 1 1 1 1 1 100 1 1 1 1 1 1 1 1 1 1 1 1 1 1 1 1 1 1 1 1 1 1 1 1 1 1 1 1 1 1 1 1 1 100 1 1 1 1 1 1 1 1 1 1 1 1 1 1 1 1 1 1 1 1 1 1 1 1 1 1 1 1 1 1 1 1 1 1 1 1 1 1 1 1 1 1 1 1 1 1 1 1 1 1 1 7 1 1 1 1 1 1 1 1 1 1 1 1 1 1 1 1 1 1 1 1 1 1 1 1 1 1 1 1 1 1 1 1 1 1 1 1 1 1 1 1 1 1 1 1 1 1 1 1 7 1 1 1 1 1 1 1 1 7 1 1 1 1 1 1 1 1 1 1 1 1 1 1 1 1 1 1 100 1 100 1 100 1 100 1 100 1 100 1 100 1 100 1 1 1 1 1 1 1 1 1 1 1 1 1 1 1 1 1 1
ciMethod java/util/HashMap get (Ljava/lang/Object;)Ljava/lang/Object; 1024 0 9657 0 0
ciInstanceKlass java/lang/invoke/LambdaForm 1 1 1059 7 1 100 1 10 7 12 1 1 1 9 12 1 1 9 12 1 9 12 1 9 12 1 1 9 12 1 1 9 12 1 1 9 12 1 1 9 12 1 1 9 12 1 10 7 12 1 1 9 12 1 10 12 1 1 100 1 10 10 12 1 1 10 12 1 10 12 1 10 12 1 1 10 12 1 9 12 1 9 12 1 10 12 1 1 10 7 12 1 1 1 10 12 1 1 9 100 12 1 1 1 10 12 1 1 9 7 12 1 1 10 12 1 10 12 1 1 10 12 1 1 10 12 1 1 7 1 10 7 12 1 1 1 10 12 1 1 10 12 1 10 12 1 1 9 12 1 1 9 12 1 9 12 1 1 10 12 1 9 12 1 10 100 12 1 1 1 10 12 1 1 7 1 10 12 1 9 12 1 1 10 7 12 1 1 1 10 12 1 10 12 1 7 1 10 12 1 10 12 1 10 12 1 1 10 12 1 1 10 12 1 10 12 1 10 12 1 10 12 1 1 8 1 10 12 1 10 12 1 10 10 12 1 8 1 8 1 9 12 1 9 12 1 1 10 12 1 1 10 12 1 9 12 1 10 12 1 1 10 7 12 1 1 1 10 12 1 1 10 12 1 10 12 1 10 100 12 1 1 1 9 12 1 10 12 1 8 1 8 1 8 1 8 1 8 1 8 1 8 1 8 1 10 12 1 9 12 1 7 1 10 12 1 1 9 12 1 10 12 1 10 12 1 1 10 12 10 12 1 10 12 1 1 10 12 1 1 10 10 12 1 1 10 12 1 1 7 1 8 1 10 12 1 1 10 12 1 10 12 1 1 10 8 1 10 12 1 1 8 1 8 1 8 1 10 12 1 10 12 1 10 12 1 1 100 1 10 12 1 1 10 12 1 1 10 7 12 1 1 1 10 12 1 1 9 12 1 1 8 1 10 100 12 1 1 1 10 7 12 1 1 10 12 10 12 1 1 10 12 1 1 9 12 1 8 10 12 1 1 100 1 10 12 1 1 10 12 1 9 7 12 1 1 9 7 12 1 1 1 8 1 10 100 12 1 1 10 12 1 1 7 1 7 1 10 10 12 1 1 10 12 1 1 8 1 8 1 7 1 8 1 10 12 10 12 1 10 12 1 10 12 1 1 8 1 8 1 10 12 1 10 12 1 1 8 1 8 1 8 1 7 1 8 1 7 1 8 1 7 1 8 1 10 12 1 8 1 9 10 7 12 1 1 1 10 12 1 9 12 1 1 10 12 1 10 10 12 1 10 12 1 10 12 1 10 12 1 1 10 12 1 10 12 1 1 10 12 1 1 10 12 1 1 10 12 1 1 8 1 100 10 12 1 10 12 1 9 12 1 1 10 7 12 1 1 8 1 8 1 7 1 8 1 8 1 8 1 8 1 8 1 8 1 8 1 8 1 10 12 1 1 10 12 1 1 10 12 1 10 12 1 10 12 1 10 12 1 8 1 8 1 8 1 10 12 1 8 1 10 12 1 8 1 8 1 8 1 8 1 8 1 10 12 1 10 12 1 10 12 1 1 10 7 12 1 1 1 10 12 1 10 12 1 10 12 1 10 12 1 10 12 1 10 12 1 10 12 1 9 12 1 1 8 1 10 12 1 1 9 12 1 1 10 12 1 1 9 12 1 9 12 1 1 9 12 1 9 12 1 1 7 1 10 7 12 1 1 1 9 12 1 10 12 1 10 12 1 8 1 10 12 1 9 12 1 1 7 1 10 7 12 1 1 1 8 1 100 1 10 12 1 9 12 1 9 12 1 10 12 1 10 12 1 10 7 12 1 1 1 10 12 1 9 7 12 1 1 10 12 1 1 10 12 1 10 12 1 10 12 1 9 12 10 12 1 10 10 12 1 9 12 1 9 9 12 1 7 9 12 1 1 10 12 1 1 9 12 1 10 12 1 10 7 1 9 1 1 1 1 3 1 3 1 1 3 1 3 1 1 1 1 1 1 1 1 1 1 1 1 1 1 1 1 1 1 1 1 1 1 1 1 1 1 1 1 1 1 1 1 1 1 1 1 1 1 1 1 1 1 1 1 1 1 1 1 1 1 1 100 1 1 1 1 1 1 1 1 1 1 1 1 1 1 1 1 1 1 1 1 1 1 1 1 1 1 1 1 1 1 1 1 1 1 1 1 1 1 1 1 1 1 1 1 1 1 1 1 1 1 1 1 1 1 1 1 1 1 1 1 1 1 100 1 1 1 1 1 1 1 1 1 1 1 1 1 1 1 1 1 1 1 1 1 1 1 1 1 1 1 1 1 1 1 1 1 1 7 1 1 1 1 1 1 1 1 1 1 1 1 1 1 1 1 1 1 1 1 1 1 100 1 1 1 100 1 1 7 1 1 1 1 1 1 1 1 1 1 1
staticfield java/lang/invoke/LambdaForm DEFAULT_CUSTOMIZED Ljava/lang/invoke/MethodHandle; 
staticfield java/lang/invoke/LambdaForm DEFAULT_KIND Ljava/lang/invoke/LambdaForm$Kind; java/lang/invoke/LambdaForm$Kind
staticfield java/lang/invoke/LambdaForm COMPILE_THRESHOLD I 0
staticfield java/lang/invoke/LambdaForm INTERNED_ARGUMENTS [[Ljava/lang/invoke/LambdaForm$Name; 5 [[Ljava/lang/invoke/LambdaForm$Name;
staticfield java/lang/invoke/LambdaForm IMPL_NAMES Ljava/lang/invoke/MemberName$Factory; java/lang/invoke/MemberName$Factory
staticfield java/lang/invoke/LambdaForm LF_identity [Ljava/lang/invoke/LambdaForm; 6 [Ljava/lang/invoke/LambdaForm;
staticfield java/lang/invoke/LambdaForm LF_zero [Ljava/lang/invoke/LambdaForm; 6 [Ljava/lang/invoke/LambdaForm;
staticfield java/lang/invoke/LambdaForm NF_identity [Ljava/lang/invoke/LambdaForm$NamedFunction; 6 [Ljava/lang/invoke/LambdaForm$NamedFunction;
staticfield java/lang/invoke/LambdaForm NF_zero [Ljava/lang/invoke/LambdaForm$NamedFunction; 6 [Ljava/lang/invoke/LambdaForm$NamedFunction;
staticfield java/lang/invoke/LambdaForm createFormsLock Ljava/lang/Object; java/lang/Object
staticfield java/lang/invoke/LambdaForm DEBUG_NAME_COUNTERS Ljava/util/HashMap; 
staticfield java/lang/invoke/LambdaForm DEBUG_NAMES Ljava/util/HashMap; 
staticfield java/lang/invoke/LambdaForm TRACE_INTERPRETER Z 0
staticfield java/lang/invoke/LambdaForm $assertionsDisabled Z 1
ciInstanceKlass java/lang/invoke/MemberName 1 1 724 7 1 7 1 100 1 9 12 1 1 10 7 12 1 1 1 9 12 1 1 10 12 1 1 10 12 1 1 10 12 1 1 10 12 1 10 12 1 1 10 7 12 1 1 1 10 12 1 9 7 12 1 1 10 12 1 7 1 7 1 10 12 1 8 1 10 12 1 1 10 12 1 10 12 1 1 10 12 1 9 12 1 1 8 1 10 100 12 1 1 1 7 1 10 10 12 1 1 100 1 100 1 10 12 1 9 12 1 1 100 1 8 1 10 12 1 10 12 1 10 12 1 10 12 1 10 12 1 1 10 12 1 10 12 1 10 12 1 1 8 1 8 1 10 12 1 8 1 9 12 1 1 3 10 12 1 10 12 1 10 12 1 10 10 7 12 1 1 1 10 12 1 10 12 1 10 12 1 10 12 1 7 1 8 10 12 1 1 10 12 1 1 8 1 9 7 1 8 9 7 1 10 12 1 1 10 12 1 10 12 1 8 1 10 12 1 1 10 12 1 10 12 1 10 12 1 10 12 1 1 7 1 10 12 1 1 10 12 1 8 1 10 12 1 10 12 1 8 1 10 12 1 1 10 12 1 1 7 1 10 12 1 1 10 12 8 1 8 1 7 1 10 12 1 10 100 12 1 1 1 100 1 10 12 10 12 1 10 12 1 10 12 1 10 12 1 10 10 12 1 10 12 1 10 12 1 3 10 12 1 3 10 12 1 3 3 3 3 3 3 10 12 1 3 9 12 1 10 12 1 1 3 10 12 1 10 10 7 12 1 1 1 10 12 1 1 10 7 12 1 1 10 10 12 1 10 12 1 1 10 12 1 10 10 12 1 1 10 12 1 10 12 1 10 12 1 7 1 10 10 10 12 100 1 10 10 10 12 1 1 10 12 1 1 10 10 12 1 8 10 7 1 10 12 1 10 7 1 10 12 1 10 12 1 10 12 1 10 10 12 1 10 12 1 1 10 12 1 1 10 12 1 10 12 1 10 12 1 100 1 10 12 1 1 100 1 8 1 10 7 1 10 12 1 10 12 10 12 1 1 10 12 1 10 12 1 8 1 8 1 8 1 8 1 10 12 1 10 12 1 10 7 12 1 1 1 8 1 8 1 10 12 1 8 1 10 10 10 12 1 10 12 1 8 1 8 1 10 10 12 1 8 1 10 100 12 1 1 1 8 1 100 1 10 12 1 10 12 1 1 10 12 1 8 1 8 1 8 1 8 1 100 1 10 8 1 8 1 8 1 8 1 10 12 1 100 1 100 1 100 1 10 100 1 10 7 1 10 7 12 1 1 1 9 7 12 1 1 1 7 1 7 1 1 1 1 1 1 1 3 1 3 1 3 1 3 1 3 1 3 1 1 1 1 1 1 1 1 3 1 3 1 1 1 1 1 1 1 1 1 1 1 1 1 1 1 1 1 1 1 1 1 1 1 1 1 1 1 1 1 1 1 1 1 1 1 1 1 1 1 1 1 1 1 1 1 1 1 1 1 1 1 1 1 1 1 1 1 1 1 1 1 1 1 1 1 1 1 1 1 1 1 1 1 1 1 1 1 1 1 1 1 1 1 1 1 1 1 1 1 1 1 1 1 1 1 1 7 1 1 1 1 1 1 1 1 1 1 1 1 1 1 1
staticfield java/lang/invoke/MemberName $assertionsDisabled Z 1
instanceKlass java/lang/invoke/VarHandleReferences$Array
instanceKlass java/lang/invoke/VarHandleReferences$FieldStaticReadOnly
instanceKlass java/lang/invoke/VarHandleLongs$FieldInstanceReadOnly
instanceKlass java/lang/invoke/VarHandleBooleans$FieldInstanceReadOnly
instanceKlass java/lang/invoke/VarHandleInts$FieldInstanceReadOnly
instanceKlass java/lang/invoke/VarHandleByteArrayAsDoubles$ByteArrayViewVarHandle
instanceKlass java/lang/invoke/VarHandleByteArrayAsLongs$ByteArrayViewVarHandle
instanceKlass java/lang/invoke/VarHandleByteArrayAsFloats$ByteArrayViewVarHandle
instanceKlass java/lang/invoke/VarHandleByteArrayAsInts$ByteArrayViewVarHandle
instanceKlass java/lang/invoke/VarHandleByteArrayAsChars$ByteArrayViewVarHandle
instanceKlass java/lang/invoke/VarHandleByteArrayAsShorts$ByteArrayViewVarHandle
instanceKlass java/lang/invoke/VarHandleReferences$FieldInstanceReadOnly
ciInstanceKlass java/lang/invoke/VarHandle 1 1 474 10 7 12 1 1 1 10 7 12 1 1 9 12 1 1 9 12 1 1 100 1 10 8 1 10 12 1 1 10 7 12 1 1 1 10 12 1 1 10 7 12 1 1 1 9 100 12 1 1 1 10 12 1 1 10 7 12 1 1 1 10 12 1 1 9 12 1 10 12 1 9 12 1 1 10 7 12 1 1 10 12 1 9 100 12 1 1 1 9 12 1 1 10 12 1 1 100 1 7 1 10 8 1 10 12 1 1 10 12 1 8 1 10 12 1 10 12 1 9 12 1 1 9 12 1 10 12 1 10 12 1 1 10 12 1 10 10 100 12 1 1 1 10 12 1 1 10 12 1 1 10 7 12 1 1 1 10 100 12 1 1 1 10 100 12 1 1 1 9 12 1 1 9 10 12 1 10 12 1 1 10 12 1 1 10 12 1 10 7 12 1 1 1 9 12 1 1 10 12 1 1 9 12 1 10 12 1 10 12 1 10 7 12 1 1 100 1 10 9 7 12 1 1 1 9 12 1 1 10 7 12 1 1 1 10 12 1 10 12 1 10 12 1 10 12 1 10 12 1 10 12 1 1 8 10 12 1 1 7 1 10 12 1 1 7 1 1 1 1 1 1 1 1 1 1 1 1 1 1 1 1 1 1 1 1 1 1 1 1 1 1 1 1 1 1 1 1 1 1 1 1 1 1 1 1 1 1 1 1 1 1 1 1 1 1 1 1 1 1 1 1 1 1 1 1 1 1 1 1 1 1 1 1 100 1 1 1 1 1 1 1 1 100 1 1 1 1 1 1 1 1 1 1 1 1 100 1 100 1 1 100 1 100 1 100 1 100 1 100 1 100 1 100 1 100 1 100 1 100 1 100 1 100 1 100 1 100 1 100 1 100 1 100 1 100 1 100 1 100 1 100 1 100 1 100 1 100 1 100 1 100 1 100 1 100 1 100 1 100 1 100 1 100 1 100 1 100 1 100 1 1 1 1 1 1 100 1 1 1 100 1 1 100 1 100 1 100 1 100 1 100 1 100 1 1 1 1 100 1 100 1 100 1 100 1 100 1 100 1 100 1 100 1
staticfield java/lang/invoke/VarHandle VFORM_OFFSET J 16
staticfield java/lang/invoke/VarHandle $assertionsDisabled Z 1
instanceKlass jdk/internal/reflect/FieldAccessorImpl
instanceKlass jdk/internal/reflect/ConstructorAccessorImpl
instanceKlass jdk/internal/reflect/MethodAccessorImpl
ciInstanceKlass jdk/internal/reflect/MagicAccessorImpl 1 1 16 10 7 12 1 1 1 100 1 1 1 1 1 1 1 1
instanceKlass jdk/internal/reflect/DirectMethodHandleAccessor
ciInstanceKlass jdk/internal/reflect/MethodAccessorImpl 1 1 38 10 7 12 1 1 1 10 100 12 1 1 1 100 1 1 1 1 1 1 1 100 1 100 1 1 1 1 1 1 1 1 1 1 1 1 1 1
ciInstanceKlass jdk/internal/reflect/MethodAccessor 1 0 17 100 1 100 1 1 1 1 100 1 100 1 1 1 1 1 1
instanceKlass jdk/internal/reflect/SerializationConstructorAccessorImpl
instanceKlass jdk/internal/reflect/DirectConstructorHandleAccessor$NativeAccessor
instanceKlass jdk/internal/reflect/DirectConstructorHandleAccessor
instanceKlass jdk/internal/reflect/NativeConstructorAccessorImpl
ciInstanceKlass jdk/internal/reflect/ConstructorAccessorImpl 1 1 27 10 7 12 1 1 1 100 1 100 1 1 1 1 1 1 1 1 1 100 1 100 1 100 1 1 1
ciInstanceKlass jdk/internal/reflect/ConstructorAccessor 1 0 16 100 1 100 1 1 1 1 100 1 100 1 100 1 1 1
ciInstanceKlass jdk/internal/reflect/DelegatingClassLoader 1 1 18 10 7 12 1 1 1 100 1 1 1 1 1 1 1 1 1 1
ciInstanceKlass jdk/internal/reflect/CallerSensitive 0 0 17 100 1 100 1 100 1 1 1 1 1 1 1 1 1 1 1
ciInstanceKlass jdk/internal/reflect/NativeConstructorAccessorImpl 0 0 125 10 7 12 1 1 1 9 7 12 1 1 1 100 1 10 12 1 9 12 1 1 9 12 1 1 10 100 12 1 1 1 10 7 12 1 1 1 10 7 12 1 1 1 9 12 1 9 12 1 1 9 12 1 1 10 7 12 1 1 1 100 1 10 10 12 1 1 10 12 1 10 12 1 1 10 12 1 7 1 10 12 1 1 10 12 1 1 8 10 12 1 1 1 1 1 1 1 1 1 1 1 1 1 1 1 1 1 1 1 1 1 1 100 1 100 1 100 1 1 1 1 1 1 1
ciInstanceKlass jdk/internal/reflect/ConstantPool 1 1 142 10 7 12 1 1 1 9 7 12 1 1 1 10 12 1 1 10 12 1 1 10 12 1 10 12 1 1 10 12 1 1 10 12 1 10 12 1 1 10 12 1 10 12 1 1 10 12 1 10 12 1 10 12 1 10 12 1 1 10 12 1 1 10 12 1 1 10 12 1 1 10 12 1 10 12 1 1 10 100 12 1 1 1 8 11 7 12 1 1 1 10 7 12 1 1 1 1 1 1 1 1 1 1 1 1 1 1 1 1 1 1 1 1 1 1 1 1 1 1 1 1 1 1 1 1 1 1 1 1 1 1 1 1 1 1 1 1 1 1 1 1
ciInstanceKlass jdk/internal/reflect/UnsafeStaticFieldAccessorImpl 0 0 47 10 7 12 1 1 1 9 7 12 1 1 1 10 7 12 1 1 1 9 12 1 1 8 11 100 12 1 1 1 10 100 12 1 1 1 1 1 1 1 1 1 1 1 1 1 1
ciInstanceKlass jdk/internal/reflect/FieldAccessor 1 0 48 100 1 100 1 1 1 1 100 1 1 1 1 1 1 1 1 1 1 1 1 1 1 1 1 1 1 1 100 1 1 1 1 1 1 1 1 1 1 1 1 1 1 1 1 1 1 1
instanceKlass jdk/internal/reflect/MethodHandleFieldAccessorImpl
instanceKlass jdk/internal/reflect/UnsafeFieldAccessorImpl
ciInstanceKlass jdk/internal/reflect/FieldAccessorImpl 1 1 269 10 7 12 1 1 1 9 7 12 1 1 1 10 7 12 1 1 1 10 7 12 1 1 10 7 12 1 1 1 10 12 1 1 7 1 10 10 12 1 1 10 12 1 1 8 1 10 10 12 1 100 1 8 1 10 12 1 8 1 10 12 1 8 1 10 12 1 100 1 10 12 1 1 10 8 1 10 12 1 1 8 1 10 7 12 1 1 8 1 10 7 12 1 1 8 1 10 7 12 1 1 8 1 10 7 12 1 1 8 1 10 7 12 1 1 8 1 10 7 12 1 1 8 1 10 7 12 1 1 8 1 10 7 12 1 1 10 12 1 1 8 1 10 12 1 1 10 100 12 1 1 1 8 1 10 12 1 8 1 8 1 8 1 8 1 10 7 12 1 1 1 8 1 8 1 8 1 10 12 7 1 1 1 1 1 1 1 1 1 1 1 1 1 1 1 1 1 1 1 1 1 1 1 1 1 1 1 1 1 1 1 1 1 1 1 1 1 1 1 1 1 1 1 1 1 1 1 1 1 1 1 1 1 1 1 1 1 1 1 1 1 1 1 1 1 1 1 1 1 1 1 1 1 1 1 1 1 1 1 1 1 1 1 1 1 1 1 1
instanceKlass jdk/internal/reflect/UnsafeStaticFieldAccessorImpl
ciInstanceKlass jdk/internal/reflect/UnsafeFieldAccessorImpl 0 0 62 10 100 12 1 1 1 10 100 12 1 1 1 10 100 12 1 1 1 9 100 12 1 1 10 12 1 9 12 1 1 10 100 12 1 1 1 9 12 1 1 10 12 1 10 12 1 1 1 1 1 1 1 1 1 1 1 1 1 1 1 1
instanceKlass java/lang/invoke/VolatileCallSite
instanceKlass java/lang/invoke/MutableCallSite
instanceKlass java/lang/invoke/ConstantCallSite
ciInstanceKlass java/lang/invoke/CallSite 1 1 296 10 7 12 1 1 1 10 7 12 1 1 1 9 12 1 1 10 7 12 1 1 1 10 12 1 7 1 10 12 1 1 10 12 1 1 9 100 12 1 1 1 10 7 12 1 1 10 12 1 1 100 1 7 1 10 10 7 12 1 1 1 10 12 1 1 8 1 10 12 1 10 12 1 1 10 12 1 10 12 1 1 10 12 1 1 10 10 100 12 1 1 10 12 1 1 9 12 1 9 100 12 1 1 1 8 1 10 7 12 1 1 1 10 12 1 1 7 1 10 12 1 1 9 12 1 8 1 100 1 10 12 1 10 12 1 100 1 8 1 10 10 12 1 10 12 1 1 100 1 10 12 1 1 10 12 1 10 12 1 10 12 1 1 10 12 1 1 9 12 1 1 8 10 12 1 1 9 12 1 1 100 1 10 10 12 1 10 7 12 1 1 1 10 12 1 1 10 12 1 1 10 12 1 10 7 12 1 1 1 7 1 8 1 10 10 12 10 12 1 1 7 1 7 1 7 1 8 1 10 12 1 10 7 12 1 1 1 1 1 1 1 1 1 1 1 1 1 1 1 1 1 1 1 1 1 1 1 1 1 1 1 1 1 1 1 1 1 1 1 1 1 1 1 1 1 1 1 1 1 1 1 1 1 1 1 1 1 1 1 7 1 7 1 1 1
staticfield java/lang/invoke/CallSite $assertionsDisabled Z 1
ciInstanceKlass java/lang/invoke/ConstantCallSite 1 1 65 10 7 12 1 1 1 9 7 12 1 1 1 9 12 1 1 10 7 12 1 1 1 10 12 1 100 1 10 12 9 12 1 1 100 1 10 10 12 1 1 10 12 1 1 1 1 1 1 1 1 1 1 1 1 1 100 1 1 1 1 1 1 1 1
staticfield java/lang/invoke/ConstantCallSite UNSAFE Ljdk/internal/misc/Unsafe; jdk/internal/misc/Unsafe
instanceKlass java/lang/invoke/DirectMethodHandle$StaticAccessor
instanceKlass java/lang/invoke/DirectMethodHandle$Special
instanceKlass java/lang/invoke/DirectMethodHandle$Interface
instanceKlass java/lang/invoke/DirectMethodHandle$Constructor
instanceKlass java/lang/invoke/DirectMethodHandle$Accessor
ciInstanceKlass java/lang/invoke/DirectMethodHandle 1 1 923 7 1 7 1 100 1 7 1 7 1 10 7 12 1 1 1 10 7 12 1 1 1 7 1 10 12 1 10 12 1 1 10 7 12 1 1 10 12 1 1 10 12 1 10 12 1 7 1 10 12 1 1 10 12 1 1 10 12 1 10 12 1 1 10 7 12 1 1 1 10 12 1 9 12 1 1 100 1 10 9 12 1 1 9 12 1 10 12 1 10 12 1 10 12 1 1 10 12 1 10 12 1 10 12 1 10 7 12 1 1 1 10 12 1 10 12 1 1 8 1 10 12 1 1 7 1 10 12 1 7 1 10 10 12 1 10 12 1 10 12 1 10 7 12 1 1 1 10 12 1 1 7 1 10 12 1 10 12 1 7 1 10 12 1 10 12 1 1 10 12 1 1 10 12 1 8 10 7 12 1 1 1 10 12 1 10 12 1 10 12 1 1 10 12 1 9 7 12 1 1 1 7 1 10 12 1 10 7 12 1 1 1 10 12 1 10 12 1 1 9 12 1 1 7 1 10 8 1 10 12 1 1 10 12 1 1 8 1 10 12 1 10 12 1 10 10 12 1 10 12 1 10 12 1 10 12 1 10 12 1 1 10 12 1 10 12 1 1 10 12 1 10 12 1 1 10 10 7 12 1 1 1 10 12 1 10 12 1 1 10 12 1 10 12 1 1 8 1 9 7 12 1 1 1 8 1 9 12 1 9 12 1 8 1 9 12 1 9 12 1 8 1 9 12 1 9 12 1 8 1 10 12 1 10 12 1 1 9 12 1 1 7 1 10 12 1 1 7 1 10 7 12 1 1 1 10 12 1 1 10 12 1 10 12 1 1 7 1 10 12 1 1 10 12 1 10 12 1 1 7 1 10 12 1 1 10 12 1 10 7 12 1 1 1 10 12 1 10 12 1 1 10 12 1 9 12 1 1 10 7 1 9 12 9 12 1 10 7 12 1 1 1 10 12 1 7 1 7 1 7 1 9 12 1 1 10 7 12 1 1 1 10 12 10 12 1 100 1 10 12 1 10 12 1 1 8 1 9 12 1 9 12 1 10 12 1 1 9 12 1 1 10 7 12 1 1 1 9 12 1 1 9 12 1 1 10 12 1 10 12 1 10 12 1 10 12 1 1 10 12 1 9 12 1 10 12 1 10 12 1 10 12 1 10 12 1 1 10 12 1 1 9 12 1 1 10 12 1 1 9 7 12 1 1 1 9 12 1 9 12 1 9 12 1 9 12 1 9 12 1 9 12 1 9 12 1 9 12 1 9 12 1 9 12 1 9 12 1 9 12 1 9 12 1 9 12 1 9 12 1 9 12 1 9 12 1 9 12 1 9 12 1 9 12 1 9 12 1 9 12 1 9 12 1 9 12 1 9 12 1 9 12 1 9 12 1 9 12 1 9 12 1 9 12 1 9 12 1 9 12 1 9 12 1 9 12 1 9 12 1 9 12 1 8 1 9 12 1 1 9 12 1 1 10 12 1 10 12 1 1 9 7 1 10 12 1 9 12 1 1 10 12 10 12 1 10 12 1 10 12 1 10 12 1 10 8 1 8 1 8 1 8 1 10 12 1 1 9 12 1 1 10 12 1 10 100 12 1 1 1 8 9 12 1 1 10 12 1 1 8 1 8 8 9 12 1 8 1 8 8 8 8 8 1 8 10 12 1 7 1 10 12 1 8 1 8 1 10 12 1 10 12 1 10 12 1 10 12 1 1 7 1 1 1 1 3 1 3 1 3 1 3 1 3 1 3 1 3 1 3 1 3 1 3 1 1 1 1 1 1 1 1 1 1 3 1 3 1 1 1 1 3 1 1 1 1 1 1 1 1 1 1 1 1 1 1 1 1 1 1 1 1 1 1 1 1 1 1 1 1 1 1 1 1 1 1 1 1 1 1 1 1 1 1 1 1 1 1 1 1 1 1 1 1 1 1 1 1 1 100 1 1 1 1 1 1 1 1 1 100 1 1 1 1 1 1 1 1 1 1 1 1 1 1 1 1 1 1 1 1 1 1 1 1 1 1 1 1 1 1 1 1 1 1 1 1 1 1 1 1 1 1 1 1 1 1 1 1 1 1 1 1
staticfield java/lang/invoke/DirectMethodHandle IMPL_NAMES Ljava/lang/invoke/MemberName$Factory; java/lang/invoke/MemberName$Factory
staticfield java/lang/invoke/DirectMethodHandle FT_UNCHECKED_REF I 8
staticfield java/lang/invoke/DirectMethodHandle ACCESSOR_FORMS [Ljava/lang/invoke/LambdaForm; 132 [Ljava/lang/invoke/LambdaForm;
staticfield java/lang/invoke/DirectMethodHandle ALL_WRAPPERS [Lsun/invoke/util/Wrapper; 10 [Lsun/invoke/util/Wrapper;
staticfield java/lang/invoke/DirectMethodHandle NFS [Ljava/lang/invoke/LambdaForm$NamedFunction; 12 [Ljava/lang/invoke/LambdaForm$NamedFunction;
staticfield java/lang/invoke/DirectMethodHandle OBJ_OBJ_TYPE Ljava/lang/invoke/MethodType; java/lang/invoke/MethodType
staticfield java/lang/invoke/DirectMethodHandle LONG_OBJ_TYPE Ljava/lang/invoke/MethodType; java/lang/invoke/MethodType
staticfield java/lang/invoke/DirectMethodHandle $assertionsDisabled Z 1
ciMethod java/lang/invoke/DirectMethodHandle allocateInstance (Ljava/lang/Object;)Ljava/lang/Object; 512 0 26793 0 0
ciMethod java/lang/invoke/DirectMethodHandle constructorMethod (Ljava/lang/Object;)Ljava/lang/Object; 518 0 26238 0 128
instanceKlass org/codehaus/groovy/vmplugin/v8/CacheableCallSite
ciInstanceKlass java/lang/invoke/MutableCallSite 0 0 63 10 100 12 1 1 1 10 12 1 9 100 12 1 1 1 10 12 1 10 12 1 1 9 12 1 1 10 100 12 1 1 1 10 100 12 1 1 1 10 12 1 1 1 1 1 1 1 1 1 1 1 1 1 1 1 1 1 1 100 1 1 1
ciInstanceKlass java/lang/invoke/VolatileCallSite 0 0 37 10 100 12 1 1 1 10 12 1 10 100 12 1 1 1 10 12 1 10 12 1 1 1 1 1 1 1 1 1 1 1 1 1 1 1 1
ciInstanceKlass java/lang/invoke/ResolvedMethodName 1 1 16 10 100 12 1 1 1 100 1 1 1 1 1 1 1 1
ciInstanceKlass java/lang/invoke/MethodHandleNatives 1 1 685 100 1 10 7 12 1 1 1 9 7 12 1 1 1 10 12 1 1 100 1 10 10 12 1 1 10 12 1 10 12 1 8 1 8 1 8 1 8 1 8 1 8 1 8 1 8 1 8 1 8 1 10 12 1 1 7 1 10 7 12 1 1 1 10 7 12 1 1 1 7 1 10 10 12 1 1 8 1 10 12 1 8 1 10 12 1 1 8 1 10 12 1 1 9 7 12 1 1 1 8 1 10 100 12 1 1 1 7 1 10 12 100 1 100 1 8 1 7 1 10 10 12 1 7 1 9 7 12 1 1 10 12 1 1 10 12 1 10 7 12 1 1 1 10 12 1 1 9 12 1 8 1 10 12 1 1 10 12 1 8 1 10 12 1 1 7 1 10 12 1 10 7 12 1 1 1 10 12 1 10 12 1 1 10 12 1 1 8 1 10 12 1 1 8 1 10 12 1 8 1 8 1 8 1 7 1 10 12 1 8 1 10 7 12 1 1 1 10 12 1 1 10 7 12 1 1 10 10 12 1 1 10 12 1 10 100 12 1 1 1 100 1 8 1 10 100 12 1 1 1 7 1 8 1 10 12 1 8 1 8 1 8 1 8 1 8 1 10 12 1 1 10 12 1 1 10 12 1 10 12 1 1 10 12 1 1 7 1 10 12 1 7 1 7 1 10 12 1 10 12 1 8 1 8 1 10 10 12 1 1 10 12 1 1 8 1 10 7 12 1 1 8 1 8 1 10 12 1 1 10 7 12 1 1 1 100 1 10 12 1 1 7 1 9 12 1 1 10 7 12 1 1 1 10 10 12 1 9 12 1 10 12 1 9 12 1 9 12 1 10 12 1 1 10 12 1 10 12 1 1 7 1 7 1 10 12 1 1 10 12 1 10 12 1 1 10 7 12 1 1 1 10 12 1 8 1 10 12 1 10 12 1 10 12 1 1 10 12 1 10 7 12 1 1 1 10 12 1 1 100 1 8 1 10 9 7 12 1 1 1 10 12 1 1 10 12 1 1 7 1 10 12 1 1 10 12 1 1 100 1 100 1 10 10 100 1 100 1 10 100 1 10 10 12 1 1 10 7 1 10 12 1 10 12 1 1 10 12 1 1 10 12 1 1 10 12 1 10 12 1 1 10 8 1 10 12 1 10 12 1 10 12 1 10 12 1 10 12 1 1 10 12 1 10 12 1 10 12 1 10 10 7 12 1 1 10 12 1 1 1 1 1 1 1 1 1 1 1 1 1 7 1 1 1 1 1 1 1 1 1 1 1 1 1 1 1 1 1 1 1 1 1 1 1 1 1 1 1 1 1 1 1 1 1 1 1 1 1 1 1 1 1 1 1 1 1 1 1 1 1 1 1 1 1 1 1 1 1 1 1 1 1 1 1 100 1 1 1 1 1 1 1 1 1 1 1 1 1 1 1 1 1 1 1 1 1 1 1 1 1 1 1 1 1 1 1 1 1 100 1 1 1 1 1 1 1 1 1 1 1 1 1 1 1 1 1 1 1 1 1 1 1 1 1 1 1 1 1 1 1 1 100 1 1
staticfield java/lang/invoke/MethodHandleNatives $assertionsDisabled Z 1
ciInstanceKlass jdk/internal/foreign/abi/NativeEntryPoint 0 0 194 10 7 12 1 1 1 9 7 12 1 1 1 9 12 1 1 100 1 8 1 10 12 1 10 12 1 1 100 1 10 100 12 1 1 1 10 12 1 9 12 1 1 18 12 1 1 10 100 12 1 1 1 10 7 12 1 1 1 9 7 12 1 1 1 7 1 10 8 1 10 12 1 1 10 12 1 10 12 1 1 8 1 10 12 1 1 7 1 8 1 10 12 1 10 12 1 1 10 12 1 9 12 1 1 18 12 1 1 10 100 12 1 1 1 10 12 1 1 10 12 1 10 100 12 1 1 1 10 1 1 1 1 1 1 1 1 1 1 1 1 1 1 1 1 1 1 1 1 1 1 1 1 1 1 1 1 1 1 1 1 1 1 1 1 1 16 1 15 10 12 16 1 16 15 10 12 15 10 100 12 1 1 1 1 1 100 1 1 100 1 100 1 1
ciInstanceKlass jdk/internal/foreign/abi/ABIDescriptor 0 0 55 10 100 12 1 1 1 9 100 12 1 1 1 9 12 1 1 9 12 1 9 12 1 9 12 1 1 9 12 1 9 12 1 1 9 12 1 9 12 1 9 12 1 9 12 1 1 1 1 1 1 1 1 1 1
ciInstanceKlass jdk/internal/foreign/abi/VMStorage 0 0 91 10 7 12 1 1 1 9 7 12 1 1 1 9 12 1 1 9 12 1 1 9 12 1 1 7 1 10 8 1 10 12 1 1 10 12 1 10 12 1 1 10 12 1 18 12 1 18 12 1 1 18 12 1 1 1 1 1 1 1 1 1 1 1 1 1 1 1 1 1 1 1 8 1 15 15 15 15 15 10 100 12 1 1 1 1 100 1 100 1 1
ciInstanceKlass jdk/internal/foreign/abi/UpcallLinker$CallRegs 0 0 66 10 7 12 1 1 1 9 7 12 1 1 1 9 12 1 18 12 1 1 18 12 1 1 18 12 1 1 1 1 1 1 1 1 1 1 1 1 1 1 1 1 1 1 100 1 1 1 8 1 15 15 15 10 100 12 1 1 1 1 1 100 1 100 1 1
ciInstanceKlass java/lang/StackWalker 0 0 271 9 7 12 1 1 1 100 1 10 100 12 1 1 1 10 12 1 1 10 100 12 1 1 1 10 12 1 1 10 12 1 11 100 12 1 1 1 10 12 1 1 10 12 1 1 10 12 1 1 100 1 8 1 10 12 1 10 12 1 10 12 1 10 7 12 1 1 9 12 1 1 9 12 1 1 9 12 1 1 9 12 1 1 10 12 1 1 9 12 1 1 9 12 1 1 9 12 1 1 10 7 12 1 1 1 11 12 1 1 100 1 8 1 10 10 7 12 1 1 9 12 1 1 10 12 1 1 10 100 12 1 1 1 10 100 12 1 1 1 18 12 1 1 100 1 8 1 10 8 1 10 12 1 1 10 100 12 1 1 1 10 12 1 1 9 100 12 1 1 11 100 12 1 1 1 10 12 1 1 1 1 1 1 1 1 1 1 1 1 1 1 1 1 1 1 1 1 1 1 1 1 1 1 1 1 1 1 1 1 1 1 1 1 1 1 1 1 1 1 1 1 1 1 1 1 1 1 1 1 1 1 1 1 1 1 1 1 1 1 1 1 1 1 7 1 1 16 15 10 12 16 1 15 10 100 12 1 1 1 1 1 1 1 1 1 100 1 100 1 1
ciInstanceKlass java/lang/StackWalker$StackFrame 0 0 41 100 1 10 12 1 1 100 1 100 1 1 1 1 1 1 1 1 1 1 1 1 1 1 1 1 1 1 1 1 1 1 1 1 1 1 1 100 1 1 1
instanceKlass java/lang/LiveStackFrameInfo
ciInstanceKlass java/lang/StackFrameInfo 0 0 142 10 7 12 1 1 1 9 7 12 1 1 1 9 7 1 9 12 1 1 11 100 12 1 1 1 9 12 1 1 11 12 1 1 10 12 1 1 10 7 12 1 1 1 10 12 1 11 12 1 11 12 1 1 11 12 1 10 12 1 1 9 12 1 1 10 12 1 1 10 7 12 1 1 10 12 1 1 11 12 1 1 9 12 1 1 10 7 1 10 12 1 9 12 1 1 10 12 1 1 100 1 8 1 10 12 1 10 100 12 1 1 1 7 1 1 1 1 1 1 1 1 1 1 1 1 1 1 1 1 1 1 7 1 1 7 1 1 1 1 1 1
ciInstanceKlass java/lang/LiveStackFrameInfo 0 0 97 10 7 12 1 1 1 9 7 12 1 1 1 9 12 1 9 12 1 9 12 1 9 12 1 1 7 1 10 12 1 1 10 12 1 8 1 10 12 1 1 8 1 8 1 8 1 10 100 1 10 12 1 100 1 10 12 1 7 1 7 1 1 1 3 1 3 1 1 1 1 1 1 1 1 1 1 1 1 1 1 1 1 1 1 1 1 1 1 1 1 1 1 1 100 1 1
ciInstanceKlass java/lang/LiveStackFrame 0 0 135 100 1 10 100 12 1 1 1 11 7 12 1 1 1 11 12 1 10 7 12 1 1 1 100 1 8 1 10 12 1 1 10 7 12 1 1 1 9 100 12 1 1 1 10 7 12 1 1 1 10 7 12 1 1 1 11 12 1 10 12 1 7 1 7 1 1 1 1 1 1 1 1 1 1 1 1 1 1 1 1 1 1 1 1 1 1 1 1 1 1 1 1 100 1 1 1 1 1 1 1 100 1 8 1 1 12 10 1 1 1 8 1 1 1 8 1 1 1 8 1 1 1 8 1 1 8 1 1 1 8 1 1 8 1
ciInstanceKlass java/lang/StackStreamFactory$AbstractStackWalker 1 0 375 100 1 7 1 3 10 7 12 1 1 1 10 7 12 1 1 10 7 12 1 1 1 9 12 1 1 10 12 1 1 9 12 1 1 9 12 1 1 9 12 1 1 9 12 1 10 7 12 1 1 1 10 12 1 1 10 7 12 1 1 9 12 1 1 9 12 1 1 10 12 1 1 9 100 12 1 1 1 10 12 1 1 10 12 1 9 12 1 1 10 100 12 1 1 1 10 12 1 1 9 12 1 1 9 7 12 1 1 1 7 1 10 8 1 10 12 1 1 10 12 1 8 1 10 12 1 1 10 100 12 1 1 1 100 1 8 1 10 12 1 8 1 10 12 10 100 12 1 1 9 12 1 8 1 5 0 8 1 8 1 9 12 1 1 10 12 1 1 18 12 1 1 10 7 12 1 1 1 10 12 1 1 10 12 1 10 12 1 9 12 1 10 12 1 10 12 1 10 12 1 10 12 1 10 12 1 10 12 1 1 8 1 10 12 1 10 12 1 10 12 1 10 12 1 1 8 1 10 12 1 1 10 12 1 1 10 12 1 1 10 12 1 10 12 1 10 100 12 1 1 1 10 12 1 10 12 1 9 12 1 8 1 10 12 1 10 12 1 10 12 1 1 10 12 1 10 12 1 10 12 1 1 10 12 1 10 12 1 10 12 1 10 12 1 10 12 1 10 12 1 1 10 12 1 1 10 12 1 8 1 1 1 1 1 1 1 1 1 1 1 1 1 7 1 1 1 1 1 1 1 7 1 1 1 1 7 1 1 1 1 1 1 1 1 1 1 1 1 1 1 1 1 1 1 1 16 15 15 10 100 12 1 1 1 1 1 1 1 1 100 1 100 1 1
ciInstanceKlass jdk/internal/module/Modules 1 1 504 10 7 12 1 1 1 9 7 12 1 1 1 11 7 12 1 1 1 11 12 1 1 11 12 1 1 11 12 1 1 11 12 1 11 12 1 11 12 1 11 12 1 11 12 1 1 10 7 12 1 1 1 10 100 12 1 1 1 18 12 1 1 10 7 12 1 1 1 7 1 10 7 12 1 1 1 10 100 12 1 1 1 10 100 12 1 1 10 12 1 1 11 12 1 9 12 1 1 11 7 12 1 1 1 10 12 1 1 10 10 12 1 10 9 12 1 1 10 7 12 1 1 10 12 1 1 10 100 12 1 1 100 1 11 100 12 1 1 1 10 100 12 1 1 1 11 100 12 1 1 10 12 1 1 10 100 12 1 1 10 100 12 1 1 1 10 12 1 1 10 12 1 1 11 12 1 1 18 12 1 1 11 100 12 1 1 10 100 12 1 1 1 11 100 12 1 1 1 7 1 11 12 1 1 11 7 12 1 1 1 11 12 1 1 10 12 1 1 10 100 12 1 1 18 12 1 1 11 12 1 1 18 12 1 1 11 12 1 1 10 12 1 18 18 10 12 1 1 9 12 1 1 11 7 12 1 1 1 100 1 10 11 12 1 11 12 1 1 11 12 1 1 10 100 1 10 12 1 1 10 100 12 1 1 10 12 1 1 11 12 10 12 1 1 7 1 10 18 12 1 10 12 1 1 7 1 8 1 10 12 1 10 100 12 1 1 18 12 1 11 11 12 10 12 1 10 10 100 1 18 12 1 10 10 10 7 12 1 1 10 7 12 1 1 1 10 12 1 1 1 1 1 1 1 1 1 1 1 1 1 1 1 1 1 1 1 1 1 1 1 1 1 1 1 1 1 1 1 1 1 100 1 1 1 1 1 1 1 1 1 1 1 1 1 1 1 1 1 1 1 1 1 1 1 1 1 1 1 1 1 1 1 1 1 1 1 7 1 1 1 1 1 1 1 1 1 1 1 1 1 1 1 1 1 1 1 1 1 1 1 16 15 10 12 1 16 16 15 10 12 1 16 1 16 1 15 10 12 1 16 1 16 1 15 10 12 16 1 15 10 16 1 15 10 12 16 1 15 10 12 16 15 10 12 16 15 10 12 15 10 100 12 1 1 1 1 1 1 100 1 100 1 1
staticfield jdk/internal/module/Modules JLA Ljdk/internal/access/JavaLangAccess; java/lang/System$2
staticfield jdk/internal/module/Modules JLMA Ljdk/internal/access/JavaLangModuleAccess; java/lang/module/ModuleDescriptor$1
staticfield jdk/internal/module/Modules $assertionsDisabled Z 1
ciInstanceKlass java/lang/invoke/Invokers$Holder 1 1 128 1 100 1 100 1 1 1 1 1 1 1 7 1 7 1 7 1 1 12 10 1 1 12 10 1 1 12 10 1 1 100 1 1 12 9 1 1 1 12 10 1 1 1 12 10 1 1 12 10 1 1 12 10 1 12 10 1 1 1 12 10 1 1 100 1 1 12 10 1 12 10 1 1 12 10 1 12 10 1 1 12 10 1 1 12 10 1 12 10 1 1 12 10 1 1 12 10 1 1 12 10 1 12 10 12 10 12 10 12 10 12 10 1 1 12 10 1 1 12 10 1 1 12 10 1 1 1
ciMethod java/lang/invoke/Invokers$Holder linkToTargetMethod (Ljava/lang/Object;Ljava/lang/Object;Ljava/lang/Object;)Ljava/lang/Object; 512 0 7955 0 -1
ciInstanceKlass java/lang/invoke/DirectMethodHandle$Holder 1 1 548 1 100 1 100 1 1 1 1 1 1 1 7 1 1 12 10 1 12 10 1 7 1 7 1 1 12 10 1 1 1 1 12 10 1 1 12 10 1 1 12 10 1 1 12 10 1 1 12 10 1 1 12 10 1 1 12 10 1 1 12 10 1 1 12 10 1 1 12 10 1 1 12 10 1 1 12 10 1 1 12 10 1 1 12 10 1 1 12 10 1 1 12 10 1 1 12 10 1 1 12 10 1 1 12 10 1 1 12 10 1 1 12 10 1 1 12 10 1 1 12 10 1 1 12 10 1 1 12 10 1 1 12 10 1 1 12 10 1 1 12 10 1 1 12 10 1 1 12 10 1 1 12 10 1 1 12 10 1 1 12 10 1 1 12 10 1 1 12 10 1 1 12 10 1 1 12 10 1 1 12 10 1 1 12 10 1 1 12 10 1 1 12 10 1 1 12 10 1 1 12 10 1 1 12 10 1 1 12 10 1 1 12 10 1 1 12 10 1 1 12 10 1 1 12 10 1 1 12 10 1 1 12 10 12 10 12 10 1 1 12 10 12 10 1 1 12 10 1 1 12 10 12 10 12 10 12 10 1 1 12 10 12 10 1 1 12 10 12 10 1 1 12 10 1 1 12 10 12 10 12 10 12 10 12 10 1 1 12 10 1 1 12 10 1 1 12 10 1 1 12 10 1 1 12 10 1 1 12 10 1 1 12 10 1 1 12 10 1 1 12 10 1 1 12 10 1 1 12 10 1 1 12 10 1 1 12 10 1 1 12 10 12 10 12 10 12 10 1 12 10 1 1 12 10 1 1 12 10 1 1 1 1 12 10 12 10 1 1 12 10 1 12 10 12 10 1 1 12 10 1 12 10 12 10 1 1 1 12 10 1 12 10 1 7 1 1 12 9 1 7 1 12 10 1 12 10 1 1 1 12 10 1 12 10 1 1 12 10 1 12 10 1 1 1 12 10 1 12 10 1 1 12 10 1 12 10 1 1 12 10 1 12 10 1 1 12 10 1 12 10 1 1 12 10 1 12 10 1 1 12 10 1 12 10 1 1 12 10 1 12 10 1 1 12 10 1 12 10 1 1 1 12 10 1 12 10 1 1 1 12 10 1 12 10 1 1 1 1 12 10 1 12 10 1 1 1 12 10 1 12 10 1 1 1 1 1 12 10 1 12 10 1 1 1 12 10 1 12 10 1 1 1 12 10 1 12 10 1 1 12 10 1 12 10 1 1 1
ciMethod java/lang/invoke/DirectMethodHandle$Holder newInvokeSpecial (Ljava/lang/Object;Ljava/lang/Object;Ljava/lang/Object;)Ljava/lang/Object; 512 0 7946 0 -1
ciInstanceKlass java/util/ArrayList 1 1 509 10 7 12 1 1 1 7 1 9 7 12 1 1 1 9 12 1 100 1 7 1 10 8 1 10 12 1 1 10 12 1 10 12 1 1 10 12 1 9 12 1 11 7 12 1 1 1 9 12 1 1 11 12 1 1 7 10 7 12 1 1 1 9 12 1 10 12 1 10 12 1 1 10 7 12 1 1 1 10 7 12 1 1 1 10 12 1 1 10 12 1 1 10 12 1 1 10 12 1 10 12 1 1 100 1 7 1 10 12 1 10 10 7 12 1 1 1 10 7 12 1 1 10 12 1 100 1 10 10 12 10 12 1 1 10 12 1 1 10 12 1 10 12 10 12 1 1 7 1 10 12 1 1 10 12 1 1 10 12 1 100 1 10 11 12 1 1 11 7 12 1 1 1 11 12 1 10 12 1 10 12 1 10 12 1 1 100 1 10 12 1 1 10 10 12 1 1 10 12 1 8 1 8 1 8 1 8 1 10 12 1 1 10 12 1 1 11 12 1 7 1 10 100 12 1 1 10 12 1 10 12 1 1 10 7 12 1 1 10 12 1 10 7 12 1 1 1 11 7 12 1 1 1 10 12 1 100 1 8 1 10 7 1 10 12 1 7 1 10 12 1 10 12 1 1 7 1 10 12 1 10 12 1 1 11 7 12 1 1 7 1 10 12 1 10 12 1 1 11 100 12 1 1 10 12 1 1 10 12 1 1 10 12 1 1 10 12 1 1 11 100 12 1 1 10 12 1 1 7 1 7 1 7 1 1 1 1 5 0 1 3 1 1 1 1 1 1 1 1 1 1 1 1 1 1 1 1 1 1 1 1 1 1 1 1 1 1 1 1 1 1 1 1 1 1 1 1 1 1 1 1 1 1 1 1 1 1 1 1 1 1 1 1 1 1 1 1 1 1 1 1 1 1 1 1 1 1 1 1 1 1 1 1 1 1 1 1 1 1 1 1 1 1 1 1 1 1 1 1 1 1 1 1 1 1 1 1 1 1 1 1 1 1 1 1 7 1 1 1 1 7 1 1 1 1 1 1 1 1 1 1 1 1 1 1 1 1 1 1 1 1 1 1 1 1 1 1 1 1 1 100 1 1 1 1 1 1 1 1 1 1 1 1 1 1 1 1 1 1 100 1 100 1 1 1 1 1 1
staticfield java/util/ArrayList EMPTY_ELEMENTDATA [Ljava/lang/Object; 0 [Ljava/lang/Object;
staticfield java/util/ArrayList DEFAULTCAPACITY_EMPTY_ELEMENTDATA [Ljava/lang/Object; 0 [Ljava/lang/Object;
ciInstanceKlass java/util/RandomAccess 1 0 7 100 1 100 1 1 1
ciMethod java/util/ArrayList <init> ()V 514 0 17441 0 112
ciMethod java/util/ArrayList <init> (I)V 204 0 5273 0 -1
instanceKlass java/nio/MappedByteBuffer
instanceKlass java/nio/HeapByteBuffer
ciInstanceKlass java/nio/ByteBuffer 1 1 446 10 7 12 1 1 1 9 7 12 1 1 1 10 7 12 1 1 1 9 12 1 1 9 12 1 9 12 1 1 9 12 1 1 10 12 1 10 12 1 7 1 10 12 1 10 12 1 1 7 1 10 12 1 10 12 1 100 1 100 1 10 12 1 10 12 1 1 10 7 12 1 1 1 10 12 1 1 10 12 1 100 1 10 10 12 1 1 10 12 1 10 12 1 10 12 100 1 5 0 9 12 1 1 9 12 1 9 12 1 1 10 12 1 1 10 12 1 1 10 7 12 1 1 1 10 7 12 1 1 1 10 12 1 10 12 1 1 10 12 1 1 100 1 10 100 1 10 10 12 1 1 9 12 1 10 12 1 100 1 10 10 12 1 10 12 1 10 12 10 12 1 9 12 100 1 10 10 12 1 10 12 10 12 1 1 10 12 1 10 12 1 10 12 1 10 12 1 7 1 10 10 7 12 1 1 1 10 7 12 1 1 1 10 12 1 1 8 1 10 12 1 8 1 8 1 10 12 1 8 1 10 12 1 10 7 12 1 1 1 10 100 12 1 1 1 10 12 1 1 10 7 1 9 12 1 8 1 10 12 1 8 1 8 1 10 10 12 1 10 12 1 1 10 12 1 1 10 12 10 12 1 1 10 12 10 12 10 12 10 12 10 12 10 12 10 12 1 1 10 12 1 9 12 1 1 7 10 7 12 1 1 1 7 1 1 1 1 1 1 1 1 1 1 1 1 100 1 1 1 1 1 1 1 1 1 1 1 1 1 1 1 1 1 1 1 1 1 7 1 1 1 1 1 1 1 1 1 1 1 1 1 1 1 1 1 1 1 1 1 1 1 1 1 1 1 1 1 1 1 1 1 1 1 1 1 1 1 1 1 1 1 1 1 1 1 1 1 1 1 1 1 1 1 1 1 1 1 1 1 1 1 1 1 1 1 1 1 1 1 1 1 1 1 1 1 1 1 1 1 1 1 1 1 1 1 1 1 1 1 1 1 1 1 100 1
staticfield java/nio/ByteBuffer ARRAY_BASE_OFFSET J 16
staticfield java/nio/ByteBuffer $assertionsDisabled Z 1
ciInstanceKlass java/util/Optional 1 1 187 9 7 12 1 1 1 10 7 12 1 1 1 9 12 1 1 10 7 12 1 1 1 10 12 1 100 1 8 1 10 12 1 11 7 12 1 1 11 7 12 1 1 10 12 1 1 11 7 12 1 1 1 10 12 1 1 11 7 12 1 1 10 12 1 1 10 12 1 11 7 12 1 1 1 11 7 12 1 1 11 12 1 1 7 1 10 12 1 1 10 12 1 1 7 1 10 8 1 10 12 1 1 10 12 1 8 1 10 12 1 1 8 1 1 1 1 1 1 1 1 1 1 1 1 1 1 1 1 1 1 1 1 1 1 1 1 1 1 1 1 1 1 1 1 1 1 1 1 1 1 1 1 1 1 1 1 1 1 1 1 1 1 1 1 1 1 1 1 1 1 1 1 1 1 1 1 1 1 7 1 1 1 1 1 1 1
staticfield java/util/Optional EMPTY Ljava/util/Optional; java/util/Optional
ciMethod java/util/Optional get ()Ljava/lang/Object; 518 0 258 0 -1
ciMethod java/util/Optional orElse (Ljava/lang/Object;)Ljava/lang/Object; 772 0 1632 0 -1
ciInstanceKlass java/lang/module/ModuleDescriptor 1 1 516 10 7 12 1 1 1 9 7 12 1 1 1 100 1 10 9 12 1 1 9 12 1 1 9 12 1 11 7 12 1 1 1 9 12 1 1 9 7 12 1 1 1 11 12 1 1 9 12 1 9 12 1 9 12 1 11 12 1 1 18 12 1 1 11 100 12 1 1 1 11 12 1 11 12 1 1 11 12 1 1 9 12 1 9 12 1 9 12 1 9 12 1 9 12 1 9 12 1 9 12 1 9 12 1 1 11 12 1 1 11 7 12 1 1 1 11 12 1 1 10 12 1 9 100 12 1 1 1 10 100 12 1 1 1 10 7 12 1 1 1 10 100 12 1 1 1 10 12 1 7 1 10 10 12 10 12 1 1 8 1 10 12 1 10 10 7 12 1 1 1 10 12 1 1 10 12 1 10 12 1 1 10 7 12 1 1 10 12 1 10 12 1 11 10 100 12 1 1 10 12 1 10 12 1 1 11 10 12 1 10 12 1 8 1 8 1 10 12 1 11 12 1 8 1 8 1 8 1 8 1 8 1 8 1 7 1 10 12 1 100 1 8 1 10 12 1 7 1 10 12 1 11 12 11 12 1 10 12 1 1 100 1 10 100 12 1 1 1 10 100 12 1 1 1 10 12 1 10 12 1 1 8 1 10 12 1 1 18 11 12 1 11 12 1 1 8 1 10 100 12 1 1 1 11 12 1 1 11 7 1 7 1 10 7 1 11 12 11 12 1 1 10 100 12 1 1 1 10 12 1 10 12 1 10 12 1 10 9 100 12 1 1 1 10 12 1 1 10 7 12 1 1 7 1 10 10 7 12 1 1 1 1 1 1 1 1 1 1 1 1 1 1 1 1 1 1 1 1 1 1 1 1 1 1 1 1 1 1 1 1 1 1 1 1 1 1 1 1 1 1 1 1 1 1 1 1 1 1 1 1 1 1 1 1 1 1 1 1 1 100 1 1 1 1 1 1 1 1 1 1 1 1 1 1 1 1 1 1 1 1 1 1 1 1 1 1 1 1 1 1 1 1 1 1 1 1 1 1 1 1 1 1 1 1 1 1 1 1 1 100 1 100 1 100 1 100 1 100 1 100 1 100 1 1 16 15 10 16 1 15 10 12 16 15 10 100 12 1 1 1 1 1 1 1 1 1 1 1 1 1 100 1 100 1 1
staticfield java/lang/module/ModuleDescriptor $assertionsDisabled Z 1
ciInstanceKlass java/lang/annotation/Annotation 1 0 17 100 1 100 1 1 1 1 1 1 1 1 1 1 1 1 1
ciInstanceKlass java/util/LinkedHashMap 1 1 386 9 7 12 1 1 1 9 12 1 1 9 12 1 9 7 12 1 1 9 12 1 10 7 12 1 1 1 10 12 1 1 10 12 1 1 9 12 1 9 12 1 1 9 12 1 10 12 1 1 100 1 10 10 12 1 1 10 12 1 10 12 1 1 9 12 1 1 9 12 1 10 12 1 1 10 100 12 1 1 1 10 12 1 10 12 1 10 12 10 12 1 1 10 7 12 1 1 1 10 12 1 1 10 12 1 1 9 7 1 10 12 1 10 12 1 1 9 12 1 1 7 1 10 12 1 7 1 100 1 10 10 12 1 1 10 12 1 1 9 12 1 1 7 1 10 7 1 10 12 1 9 12 1 7 1 10 100 1 10 11 100 12 1 1 1 100 1 10 11 100 12 1 1 100 1 7 1 10 8 1 10 12 1 1 10 12 1 10 12 1 1 10 12 1 10 12 1 1 10 100 1 10 12 1 7 1 1 1 1 5 0 1 1 1 3 1 3 1 3 1 1 1 1 1 1 1 1 1 1 1 1 1 1 1 1 1 1 1 1 1 1 1 1 1 1 1 1 1 1 1 1 1 1 1 1 1 1 1 1 1 1 1 1 1 1 1 7 1 1 1 1 1 1 1 1 100 1 1 1 1 1 1 1 1 1 1 1 1 1 1 1 1 1 1 1 1 1 1 1 1 1 1 1 1 100 1 1 1 1 1 1 1 1 1 1 1 1 1 1 100 1 1 1 1 1 1 1 1 1 7 1 1 1 1 1 1 1 1 1 1 1 1 1 1 1 1 1 1 1 1 1 1 1 1 1 1 1 1 1 1 1 100 1 100 1 100 1 100 1 1 1 1 1 100 1 7 1 1 1 1 1 1 1 1 1
ciInstanceKlass java/util/SequencedMap 1 1 157 11 7 12 1 1 1 11 100 12 1 1 1 11 7 12 1 1 1 100 1 11 12 1 1 100 1 10 12 1 1 11 12 1 1 11 12 1 1 100 1 10 12 100 1 10 12 1 100 1 10 100 1 10 7 1 7 1 1 1 1 1 1 1 1 1 1 1 1 1 1 1 1 1 1 1 1 1 1 1 1 1 1 1 1 1 1 1 1 1 1 1 1 1 1 1 1 1 1 1 1 1 1 1 1 1 1 100 1 8 1 1 12 10 1 1 1 8 1 1 1 8 1 1 8 1 1 1 8 1 1 1 8 1 1 1 8 1 1 1 8 1 1 1 8 1 1 1 8 1 1 1 8 1 1 8 1
ciMethod java/util/LinkedHashMap get (Ljava/lang/Object;)Ljava/lang/Object; 512 0 18887 0 728
ciMethod java/util/LinkedHashMap afterNodeAccess (Ljava/util/HashMap$Node;)V 0 0 5741 0 0
ciMethod java/util/LinkedHashMap <init> (I)V 512 0 5218 0 0
ciMethod java/util/LinkedHashMap newLinkedHashMap (I)Ljava/util/LinkedHashMap; 28 0 5183 0 0
instanceKlass java/security/cert/X509Certificate
ciInstanceKlass java/security/cert/Certificate 1 1 124 10 7 12 1 1 1 9 7 12 1 1 1 9 12 1 1 10 7 12 1 1 1 10 7 12 1 1 1 100 1 10 12 1 1 100 1 10 100 1 10 12 1 1 10 12 1 100 1 7 1 10 8 1 10 12 1 1 8 1 10 12 1 1 10 12 1 10 12 1 7 1 1 1 1 5 0 1 1 1 1 1 1 1 1 1 1 1 1 1 1 1 1 1 1 100 1 1 1 100 1 100 1 100 1 100 1 1 1 1 1 1 1 1 1 1 1 100 1 1 1 1 1 1
ciInstanceKlass jdk/internal/perf/PerfCounter 1 1 158 10 7 12 1 1 1 9 7 12 1 1 1 9 12 1 1 10 7 12 1 1 1 10 7 12 1 1 1 10 7 12 1 1 1 10 12 1 1 9 12 1 1 10 12 1 10 7 12 1 1 1 10 12 1 1 10 12 1 10 12 1 1 10 7 12 1 1 7 1 10 10 12 1 1 8 1 10 12 1 10 12 1 1 9 7 12 1 1 1 9 12 1 9 12 1 9 12 1 9 12 1 9 12 1 7 1 10 10 7 12 1 1 1 1 1 1 3 1 3 1 3 1 1 1 1 1 1 1 1 1 1 1 1 1 1 1 1 1 1 1 1 1 1 1 1 1 1 1 1 1 1 1 1 1 1 1 1
staticfield jdk/internal/perf/PerfCounter perf Ljdk/internal/perf/Perf; jdk/internal/perf/Perf
ciMethod jdk/internal/perf/PerfCounter get ()J 1024 0 5648 0 -1
ciMethod jdk/internal/perf/PerfCounter add (J)V 1022 0 5648 0 -1
ciMethod jdk/internal/perf/PerfCounter addElapsedTimeFrom (J)V 512 0 5380 0 544
ciMethod jdk/internal/perf/PerfCounter getReadClassBytesTime ()Ljdk/internal/perf/PerfCounter; 522 0 5089 0 0
ciInstanceKlass java/lang/ModuleLayer 1 1 559 10 7 12 1 1 1 9 7 12 1 1 1 9 12 1 1 11 7 12 1 1 1 11 7 12 1 1 1 10 7 12 1 1 1 9 12 1 1 11 12 1 10 12 1 1 10 7 12 1 1 1 10 12 1 10 12 1 11 12 1 1 10 12 1 1 10 12 1 10 12 1 100 1 10 7 12 1 1 1 10 12 1 10 12 1 1 18 12 1 1 10 12 1 10 12 1 100 1 100 1 100 1 10 7 12 1 1 1 10 12 1 100 1 10 12 1 10 7 12 1 1 1 18 12 1 10 12 1 10 12 1 1 10 12 1 11 12 1 1 8 1 10 11 12 1 1 11 7 12 1 1 11 12 1 1 10 12 1 1 11 12 1 1 8 1 10 7 12 1 1 1 9 100 12 1 1 1 10 7 12 1 1 1 9 12 1 100 1 10 11 7 1 100 1 10 12 1 1 10 100 12 1 1 1 10 100 12 1 1 11 100 12 1 7 1 18 12 1 11 12 1 1 10 12 1 7 1 11 12 1 1 8 1 10 12 1 1 10 12 1 1 9 12 1 11 12 1 1 7 1 10 100 1 10 100 1 10 11 100 12 1 1 1 11 11 12 1 11 10 100 12 1 1 1 9 12 1 11 12 1 1 11 12 1 9 12 1 1 10 7 12 1 1 1 11 12 10 12 1 10 12 1 11 7 12 1 1 1 18 12 1 11 12 1 1 18 12 1 1 11 12 1 1 11 12 1 10 12 1 1 10 12 1 10 12 10 12 1 1 7 1 10 8 1 10 12 1 1 8 1 10 12 1 10 11 18 8 1 10 100 12 1 1 1 11 12 1 1 9 12 1 9 12 1 1 10 7 12 1 1 1 11 7 1 10 12 1 1 9 12 1 1 10 7 12 1 1 7 1 10 10 12 1 1 11 12 10 7 12 1 1 1 10 12 11 12 10 1 1 1 1 1 1 1 1 1 1 1 1 1 1 1 1 1 1 1 1 1 1 1 1 1 1 1 1 1 1 1 1 1 1 1 1 1 1 1 1 1 1 1 1 1 1 1 1 1 1 1 1 1 1 1 1 1 1 1 1 1 1 1 1 1 1 1 1 1 1 1 1 1 7 1 1 1 1 1 1 1 1 1 1 1 1 1 1 1 1 1 1 1 1 1 16 15 10 12 16 15 10 12 1 1 15 10 12 16 15 10 12 16 1 16 15 10 12 1 16 1 15 10 12 1 16 1 15 10 100 12 1 1 1 1 1 100 1 100 1 1
staticfield java/lang/ModuleLayer CLV Ljdk/internal/loader/ClassLoaderValue; jdk/internal/loader/ClassLoaderValue
ciMethod java/lang/ModuleLayer configuration ()Ljava/lang/module/Configuration; 2 0 1 0 -1
ciInstanceKlass sun/security/util/Debug 1 1 561 10 7 12 1 1 1 9 7 12 1 1 1 10 100 12 1 1 8 1 10 12 1 8 1 8 1 8 1 8 1 8 1 8 1 8 1 8 1 8 1 8 1 8 1 8 1 8 1 8 1 8 1 8 1 8 1 8 1 8 1 8 1 8 1 8 1 8 1 8 1 8 1 8 1 8 1 8 1 8 1 8 1 8 1 8 1 8 1 8 1 8 1 8 1 8 1 8 1 8 1 8 1 8 1 8 1 8 1 8 1 8 1 8 1 8 1 8 1 8 1 8 1 8 1 8 1 8 1 10 12 1 1 10 7 12 1 1 1 10 12 1 1 10 9 12 1 1 10 12 1 10 7 12 1 1 18 12 1 1 10 12 1 1 7 1 9 12 1 1 9 12 1 9 12 1 9 12 1 9 12 1 10 12 1 1 10 12 1 1 10 12 1 1 10 12 1 1 8 1 10 12 1 1 8 1 8 1 8 1 7 1 10 10 12 1 1 10 12 1 1 8 1 10 12 1 8 1 10 12 1 1 10 7 12 1 1 8 1 10 12 1 1 10 12 1 8 1 8 1 8 1 8 1 10 7 12 1 1 1 10 12 1 1 10 7 12 1 1 1 9 100 12 1 1 1 10 12 1 1 8 1 10 12 1 10 12 1 10 12 1 1 9 100 12 1 1 1 10 100 12 1 1 1 10 100 12 1 1 1 8 1 8 1 10 100 12 1 1 10 12 8 1 10 12 1 8 1 10 12 8 1 8 1 8 1 8 1 10 12 8 1 8 1 8 1 10 100 12 1 1 1 10 12 1 1 10 100 12 1 1 10 12 1 10 12 1 1 8 1 10 12 1 1 10 12 1 1 8 1 8 1 8 1 9 12 1 10 12 1 8 1 10 100 12 1 1 1 10 12 1 1 10 12 1 1 10 12 18 12 1 1 11 100 12 1 1 1 18 11 12 1 1 11 12 1 1 8 1 10 100 12 1 1 1 11 7 12 1 1 11 12 1 11 12 1 8 1 8 1 10 7 12 1 1 1 8 1 8 1 10 12 1 8 1 10 12 1 1 10 12 1 1 1 1 1 1 1 1 1 1 1 1 1 1 1 1 1 1 1 1 1 1 1 1 1 1 1 1 1 1 1 1 1 1 1 1 1 1 1 1 1 1 1 1 1 1 1 1 1 1 1 1 1 1 1 1 1 1 1 1 1 16 15 10 12 16 16 15 10 12 16 15 10 12 16 15 10 100 12 1 1 1 1 1 1 100 1 100 1 1
ciMethod sun/security/util/Debug println (Ljava/lang/String;)V 0 0 1 0 -1
ciInstanceKlass java/security/PrivilegedExceptionAction 1 0 17 100 1 100 1 1 1 1 100 1 1 1 1 1 1 1 1
ciInstanceKlass java/util/Hashtable$Entry 1 1 98 10 7 12 1 1 1 9 7 12 1 1 1 9 12 1 1 9 12 1 9 12 1 1 10 12 1 1 10 12 1 100 1 10 7 1 11 12 1 10 12 1 1 11 12 1 10 100 12 1 1 1 7 1 10 10 12 1 1 10 12 1 1 8 1 10 1 1 1 1 1 1 1 1 1 1 1 1 1 1 1 1 1 1 1 1 1 1 1 1 1 1 7 1 1 1 7 1
ciInstanceKlass java/util/function/BiFunction 1 1 65 10 100 12 1 1 1 18 12 1 1 11 7 12 1 1 11 100 12 1 7 1 1 1 1 1 1 1 1 1 1 1 1 1 1 1 1 1 1 1 1 1 1 1 1 1 1 1 16 15 11 12 15 10 100 12 1 1 1 1 100 1 100 1 1
ciMethod java/util/function/BiFunction apply (Ljava/lang/Object;Ljava/lang/Object;)Ljava/lang/Object; 0 0 1 0 -1
ciInstanceKlass java/lang/module/Configuration 1 1 430 9 7 12 1 1 1 10 7 12 1 1 1 11 7 12 1 1 1 9 12 1 1 11 7 12 1 1 9 12 1 1 11 7 12 1 1 9 12 1 1 9 12 1 10 7 12 1 1 1 11 12 1 1 7 1 7 1 11 12 1 11 12 1 1 11 7 12 1 1 1 11 12 1 1 10 12 1 1 11 12 1 1 11 12 1 1 11 12 1 11 12 1 1 10 12 7 1 11 7 12 1 1 1 10 7 12 1 1 1 100 1 9 12 1 1 100 1 10 100 1 10 12 1 1 10 100 1 10 12 1 11 12 1 11 10 12 1 1 11 12 1 10 12 1 1 10 12 1 7 1 11 12 1 10 12 1 10 12 1 10 12 1 1 10 12 1 10 7 12 1 1 7 1 10 12 1 11 12 1 100 1 8 1 10 12 1 10 12 1 9 12 1 1 10 12 1 10 12 1 1 11 100 12 1 1 1 18 12 1 1 11 12 1 1 18 12 1 1 11 12 1 1 11 12 1 1 10 12 11 11 12 1 18 12 1 18 10 100 12 1 1 1 11 12 1 1 7 1 11 12 1 9 12 1 10 100 1 10 100 1 10 11 12 1 1 11 100 12 1 1 1 11 11 12 1 11 11 11 12 1 11 10 12 18 8 1 10 12 1 1 10 7 12 1 1 10 7 12 1 1 1 10 1 1 1 1 1 1 1 1 1 1 1 1 1 1 1 1 1 1 1 1 1 1 1 1 1 100 100 1 1 1 1 1 1 1 1 1 1 1 1 1 1 1 1 1 1 1 1 1 1 1 1 1 1 1 1 1 1 1 1 1 1 1 1 1 1 1 1 1 1 1 1 1 1 1 1 1 1 1 1 1 1 1 1 16 15 10 12 16 1 16 15 10 12 1 16 1 15 10 12 1 1 16 1 15 10 12 1 1 16 1 15 16 1 15 10 100 12 1 1 1 1 1 100 1 100 1 1
staticfield java/lang/module/Configuration $assertionsDisabled Z 1
ciMethod java/lang/module/Configuration findModule (Ljava/lang/String;)Ljava/util/Optional; 14 0 7 0 -1
ciInstanceKlass java/lang/module/ResolvedModule 1 1 91 10 7 12 1 1 1 10 7 12 1 1 1 7 1 9 7 12 1 1 1 7 1 9 12 1 1 10 12 1 1 10 7 12 1 1 1 10 12 1 1 10 12 1 1 10 12 1 1 7 1 10 10 7 12 1 1 1 10 12 1 1 8 1 10 12 1 10 10 12 1 1 1 1 1 1 1 1 1 1 1 1 1 1 1 1 1 1 1 1 1
ciMethod java/lang/module/ResolvedModule reference ()Ljava/lang/module/ModuleReference; 348 0 174 0 -1
instanceKlass jdk/internal/module/ModuleReferenceImpl
ciInstanceKlass java/lang/module/ModuleReference 1 1 48 10 7 12 1 1 1 10 7 12 1 1 1 7 1 9 7 12 1 1 1 9 12 1 1 10 7 12 1 1 1 1 1 1 1 1 1 1 1 1 1 1 1 1 100 1 1 1
ciMethod java/lang/module/ModuleReference location ()Ljava/util/Optional; 244 0 122 0 -1
ciInstanceKlass java/net/URI 1 1 740 7 1 10 7 12 1 1 1 9 12 1 1 7 1 10 12 1 10 12 1 1 10 12 1 1 10 12 1 1 10 12 1 9 12 1 1 10 12 1 1 100 1 10 9 12 1 1 9 12 1 7 1 10 10 12 1 1 10 12 1 10 12 1 10 12 1 10 7 12 1 1 1 7 1 100 1 10 12 1 10 12 1 9 12 1 9 12 1 10 10 12 1 1 10 12 1 1 10 12 1 1 10 12 10 12 1 10 7 12 1 1 1 9 12 1 9 12 1 10 12 1 1 9 12 1 10 12 1 1 10 12 1 10 12 1 10 12 1 10 12 1 10 12 1 1 9 12 1 10 12 1 10 12 1 1 9 12 1 9 12 1 9 12 1 9 12 1 9 12 1 9 12 1 10 12 1 9 12 1 10 12 1 1 10 12 1 10 12 1 9 12 1 10 12 1 1 10 12 10 12 1 1 10 12 1 10 12 1 8 1 10 12 1 1 8 1 10 12 1 1 8 1 10 12 1 10 12 1 10 12 1 10 100 12 1 1 10 7 12 1 1 100 1 8 1 10 10 7 12 1 1 1 10 12 1 1 10 12 1 1 10 12 1 1 10 12 1 10 12 1 10 12 1 10 12 1 1 10 100 12 1 1 1 10 12 1 8 1 10 12 1 5 0 5 0 10 12 1 1 10 12 1 10 12 1 5 0 8 1 5 0 10 12 1 1 5 0 5 0 10 12 1 1 10 12 1 8 1 10 12 1 8 1 10 12 10 10 12 1 10 12 1 1 7 1 10 10 12 1 10 12 1 1 10 12 1 1 10 12 1 10 12 1 10 12 1 1 10 12 1 9 12 1 1 10 100 12 1 1 1 10 100 12 1 1 100 1 10 100 12 1 1 10 12 1 1 10 12 1 1 10 12 1 1 10 7 12 1 1 1 10 12 1 9 100 12 1 1 1 10 12 1 1 10 12 1 1 9 100 12 1 1 1 10 100 12 1 1 10 12 1 10 12 10 12 1 10 12 1 1 10 12 1 10 12 1 1 9 100 12 1 1 1 10 100 12 1 1 1 10 12 1 10 12 1 1 10 12 1 10 12 1 1 10 12 1 10 12 1 10 12 1 10 12 1 10 100 12 1 1 10 12 1 1 10 12 10 10 12 1 10 7 12 1 1 7 1 10 10 7 12 1 1 1 7 1 7 1 1 1 1 5 0 1 5 0 1 5 0 1 1 5 0 1 1 5 0 1 1 5 0 1 1 1 1 5 0 1 5 0 1 5 0 1 5 0 1 1 5 0 1 5 0 1 5 0 1 1 1 1 5 0 1 1 1 1 5 0 1 1 5 0 1 1 1 1 1 1 1 1 5 0 1 1 5 0 1 1 5 0 1 5 0 1 1 1 1 1 1 1 1 1 1 1 1 1 1 1 1 1 1 1 1 1 7 1 1 1 1 1 1 1 1 1 1 1 1 1 1 1 1 1 1 1 1 1 1 1 1 1 1 1 1 1 1 1 1 1 1 1 1 7 1 1 1 1 1 1 1 1 1 1 1 1 1 1 1 1 1 1 1 1 1 1 1 1 1 1 1 1 1 1 1 1 1 1 100 100 1 1 1 1 1 1 1 1 1 1 1 1 1 1 1 1 1 1 1 1 1 1 1 1 1 1 1 1 1 1 1
staticfield java/net/URI hexDigits [C 16
staticfield java/net/URI $assertionsDisabled Z 1
ciMethod java/net/URI toURL ()Ljava/net/URL; 786 0 546 0 -1
ciInstanceKlass java/lang/invoke/DirectMethodHandle$Constructor 1 1 91 10 7 12 1 1 1 9 7 12 1 1 1 9 12 1 1 9 12 1 1 10 100 12 1 1 1 100 1 10 12 1 9 12 1 9 12 1 10 12 1 10 12 1 1 9 12 1 1 10 12 1 1 10 7 12 1 1 1 1 1 1 1 1 1 1 1 1 1 1 100 1 100 1 1 1 1 1 1 1 1 1 1 1 1 1 1 1 1 1 1
staticfield java/lang/invoke/DirectMethodHandle$Constructor $assertionsDisabled Z 1
ciInstanceKlass java/lang/ref/Cleaner$Cleanable 1 0 14 100 1 100 1 1 1 1 1 1 100 1 1 1
ciMethod java/lang/ref/Cleaner$Cleanable clean ()V 0 0 1 0 -1
ciInstanceKlass java/util/jar/Attributes 1 1 316 10 7 12 1 1 1 10 7 12 1 1 10 7 12 1 1 1 9 12 1 1 10 12 1 11 7 12 1 1 1 10 7 12 1 1 1 10 7 1 11 12 1 1 10 11 12 1 11 12 1 1 11 12 1 10 7 12 1 1 7 1 10 11 12 1 1 11 100 12 1 1 1 11 7 12 1 1 1 11 12 1 1 100 1 11 12 1 11 12 1 11 12 1 11 12 1 1 11 12 1 11 12 1 11 12 1 1 11 12 1 11 12 1 10 12 1 7 1 10 10 10 12 1 10 12 1 1 10 12 1 1 8 1 10 12 1 10 10 7 12 1 1 1 10 12 1 1 9 12 1 1 10 10 12 1 9 12 1 9 7 12 1 1 1 10 12 1 1 10 100 12 1 1 1 10 12 1 1 10 12 1 1 7 1 10 10 7 12 1 1 1 100 1 10 8 1 10 12 1 1 8 1 10 12 1 8 1 10 12 1 10 12 1 1 10 12 1 10 12 1 8 1 10 12 1 10 12 1 1 8 1 10 100 12 1 1 1 8 1 8 1 10 12 1 100 1 8 1 8 1 7 1 1 1 1 1 1 1 1 1 1 1 1 1 1 1 1 1 1 1 1 1 1 1 1 1 1 1 1 1 1 1 1 1 1 1 1 1 1 1 1 1 1 1 1 1 1 1 1 1 1 1 1 1 1 1 100 1 1 1 1 1 1 1 1
ciMethod java/util/jar/Attributes size ()I 28 0 4785 0 -1
ciMethod java/util/jar/Attributes get (Ljava/lang/Object;)Ljava/lang/Object; 270 0 9965 0 0
ciMethod java/util/jar/Attributes getValue (Ljava/util/jar/Attributes$Name;)Ljava/lang/String; 256 0 9779 0 0
ciMethod java/util/jar/Attributes read (Ljava/util/jar/Manifest$FastInputStream;[BLjava/lang/String;I)I 226 30822 5136 0 -1
ciMethod java/util/jar/Attributes <init> (I)V 28 0 5149 0 0
ciMethod java/util/jar/Attributes <init> ()V 28 0 359 0 0
ciInstanceKlass java/util/jar/JarVerifier 1 1 394 10 7 12 1 1 1 9 7 12 1 1 1 9 12 1 9 12 1 9 12 1 1 9 12 1 1 7 1 10 9 12 1 1 9 12 1 10 12 1 9 12 1 7 1 10 9 12 1 1 7 1 10 9 12 1 1 9 12 1 1 7 1 10 9 12 1 1 9 12 1 1 7 1 10 8 1 10 12 1 1 10 7 12 1 1 1 10 12 1 10 7 12 1 1 1 10 7 12 1 1 1 10 12 1 1 10 7 12 1 1 1 9 7 12 1 1 1 10 7 12 1 1 1 100 1 8 1 10 12 1 1 8 1 10 12 1 10 12 1 10 12 1 8 1 10 12 1 10 12 1 1 8 1 10 12 1 10 12 1 1 10 12 1 10 12 1 1 10 12 1 1 10 12 1 10 12 10 12 1 1 9 12 1 1 10 12 1 1 10 12 1 1 9 12 1 1 8 1 8 1 10 12 1 10 12 1 1 10 12 1 10 12 1 1 10 12 1 1 10 12 1 1 11 7 12 1 1 11 12 1 1 10 12 1 8 1 10 12 1 1 10 12 1 1 10 12 1 1 9 12 1 9 12 1 1 7 1 10 12 10 12 1 10 12 1 7 8 1 10 12 1 100 1 100 1 100 1 100 1 8 1 10 12 1 10 12 1 1 7 10 7 12 1 1 1 10 7 12 1 1 1 10 12 1 1 10 12 1 7 1 10 12 1 1 7 10 12 1 10 12 1 8 1 10 12 1 1 1 1 8 1 1 1 1 1 1 1 1 1 1 1 1 1 1 1 1 1 1 1 1 1 1 1 1 1 1 1 1 1 1 1 1 1 1 1 1 1 1 7 1 7 1 1 1 1 1 1 1 1 1 1 1 1 1 1 1 1 1 1 100 1 1 1
staticfield java/util/jar/JarVerifier debug Lsun/security/util/Debug; 
ciMethod java/util/jar/JarVerifier update (I[BIILsun/security/util/ManifestEntryVerifier;)V 480 0 240 0 -1
ciMethod java/util/jar/JarVerifier isTrustedManifestEntry (Ljava/lang/String;)Z 0 0 1 0 0
ciMethod java/util/jar/JarVerifier beginEntry (Ljava/util/jar/JarEntry;Lsun/security/util/ManifestEntryVerifier;)V 190 0 95 0 -1
ciMethod java/util/jar/JarVerifier doneWithMeta ()V 8 0 4 0 -1
ciMethod java/util/jar/JarVerifier nothingToVerify ()Z 8 0 4 0 -1
ciMethod java/util/jar/JarVerifier <init> (Ljava/lang/String;[B)V 20 0 191 0 0
ciInstanceKlass java/util/jar/Manifest$FastInputStream 1 1 96 10 7 12 1 1 1 10 7 12 1 1 9 12 1 1 9 12 1 9 12 1 1 10 12 1 1 10 100 12 1 1 1 9 12 1 1 10 7 12 1 1 1 10 7 12 1 1 1 10 12 1 10 12 1 1 10 12 1 1 10 12 1 1 1 1 1 1 1 1 1 100 1 1 1 1 1 1 1 1 1 1 1 1 100 1 1 1 1 1 1 1 100 1 1 1
ciMethod java/util/jar/Manifest$FastInputStream readLine ([B)I 784 0 24662 0 -1
ciMethod java/util/jar/Manifest$FastInputStream peek ()B 812 0 8429 0 -1
ciMethod java/util/jar/Manifest$FastInputStream <init> (Ljava/io/InputStream;)V 28 0 371 0 -1
ciInstanceKlass jdk/internal/loader/URLClassPath 1 1 495 10 7 12 1 1 1 7 1 10 9 7 12 1 1 1 7 1 10 9 12 1 1 9 12 1 1 10 12 1 7 1 10 10 12 1 1 10 9 12 1 9 12 1 1 8 1 11 100 12 1 1 1 9 12 1 1 9 12 1 9 12 1 1 10 12 1 9 7 12 1 1 1 10 7 12 1 1 1 10 12 1 1 10 12 1 10 12 1 1 10 12 1 1 10 12 1 1 10 12 1 1 7 1 7 1 10 10 100 12 1 1 1 10 12 1 1 11 7 12 1 1 11 12 1 1 7 1 10 12 1 100 1 11 7 1 10 12 1 10 12 1 1 10 12 1 1 10 12 1 10 12 1 1 10 7 12 1 1 1 10 12 1 1 7 1 10 12 1 1 10 12 1 1 9 12 1 9 7 12 1 1 1 7 1 10 8 1 10 12 1 1 8 1 10 12 1 1 10 100 12 1 1 10 12 1 1 7 1 10 12 1 10 100 1 10 10 12 1 1 10 12 1 10 7 12 1 1 1 10 12 1 10 12 1 10 12 1 1 10 12 1 1 100 1 8 1 10 12 1 8 1 10 12 1 1 7 1 10 12 1 10 7 12 1 1 1 100 1 10 12 1 1 9 12 1 1 11 100 12 1 1 1 10 12 1 10 12 1 7 1 10 12 1 1 10 12 1 1 10 100 12 1 1 1 10 7 12 1 1 1 100 1 10 100 12 1 1 8 1 10 12 1 10 12 1 10 12 1 100 1 8 1 100 1 10 12 1 1 10 12 1 10 12 1 10 12 1 1 10 7 12 1 1 1 8 1 10 7 12 1 1 1 9 12 1 8 1 8 1 8 1 10 12 1 9 12 1 8 1 8 1 9 12 1 8 1 9 12 1 10 7 12 1 1 1 1 1 8 1 1 1 1 1 1 1 1 1 1 1 1 1 1 1 1 1 1 7 1 1 1 1 1 1 1 1 1 1 1 1 1 1 1 1 1 1 7 1 1 1 1 1 1 1 1 1 1 1 1 1 1 1 1 1 1 1 1 1 1 1 1 1 1 1 1 1 1 1 1 1 1 1 1 1 1 1 1 1 1 100 1 100 1 100 1 100 1 100 1 100 1 1 1 1 1
staticfield jdk/internal/loader/URLClassPath JAVA_VERSION Ljava/lang/String; "21.0.10"
staticfield jdk/internal/loader/URLClassPath DEBUG Z 0
staticfield jdk/internal/loader/URLClassPath DISABLE_JAR_CHECKING Z 0
staticfield jdk/internal/loader/URLClassPath DISABLE_ACC_CHECKING Z 0
staticfield jdk/internal/loader/URLClassPath DISABLE_CP_URL_CHECK Z 0
staticfield jdk/internal/loader/URLClassPath DEBUG_CP_URL_CHECK Z 0
staticfield jdk/internal/loader/URLClassPath JNUA Ljdk/internal/access/JavaNetURLAccess; java/net/URL$3
ciMethod jdk/internal/loader/URLClassPath getResource (Ljava/lang/String;Z)Ljdk/internal/loader/Resource; 202 4158 862 0 6592
ciMethod jdk/internal/loader/URLClassPath getLoader (I)Ljdk/internal/loader/URLClassPath$Loader; 7918 86 11733 0 -1
instanceKlass sun/net/www/protocol/jrt/JavaRuntimeURLConnection$1
instanceKlass jdk/internal/loader/URLClassPath$FileLoader$1
instanceKlass jdk/internal/loader/URLClassPath$JarLoader$2
ciInstanceKlass jdk/internal/loader/Resource 1 1 117 10 7 12 1 1 1 9 7 12 1 1 1 10 12 1 1 10 12 1 10 7 12 1 1 1 10 12 1 1 100 1 7 1 3 10 7 12 1 1 1 10 7 12 1 1 1 10 7 12 1 1 1 100 1 8 1 10 12 1 10 12 1 100 1 10 12 1 1 10 12 1 7 1 11 12 1 1 1 1 1 1 1 1 1 1 1 1 1 1 1 1 1 1 1 1 1 1 1 1 1 1 1 1 100 7 1 1 1 1 1 1 1 1 1 1 1
ciMethod jdk/internal/loader/Resource getBytes ()[B 1004 1810 5641 0 3344
ciMethod jdk/internal/loader/Resource getByteBuffer ()Ljava/nio/ByteBuffer; 746 0 5305 0 0
ciMethod jdk/internal/loader/Resource getCodeSourceURL ()Ljava/net/URL; 0 0 1 0 -1
ciMethod jdk/internal/loader/Resource getManifest ()Ljava/util/jar/Manifest; 0 0 1 0 -1
ciMethod jdk/internal/loader/Resource getCodeSigners ()[Ljava/security/CodeSigner; 38 0 15 0 0
ciMethod jdk/internal/loader/Resource getContentLength ()I 0 0 1 0 -1
ciMethod jdk/internal/loader/Resource getDataError ()Ljava/lang/Exception; 0 0 1 0 -1
ciMethod jdk/internal/loader/Resource cachedInputStream ()Ljava/io/InputStream; 516 0 10948 0 -1
ciInstanceKlass jdk/internal/access/JavaUtilJarAccess 1 0 20 100 1 100 1 1 1 1 100 1 1 1 1 1 1 1 1 1 1 1
ciMethod jdk/internal/access/JavaUtilJarAccess getTrustedAttributes (Ljava/util/jar/Manifest;Ljava/lang/String;)Ljava/util/jar/Attributes; 0 0 1 0 -1
ciMethod jdk/internal/access/JavaUtilJarAccess ensureInitialization (Ljava/util/jar/JarFile;)V 0 0 1 0 -1
ciInstanceKlass java/util/jar/Attributes$Name 1 1 231 9 7 12 1 1 1 11 7 12 1 1 1 10 12 1 1 10 7 12 1 1 10 12 1 1 9 12 1 1 10 7 12 1 1 1 9 12 1 1 8 10 7 12 1 1 1 10 12 1 1 100 1 10 10 12 1 1 10 12 1 1 11 12 1 1 10 7 12 1 1 1 8 1 9 12 1 1 8 1 9 12 1 8 1 9 12 1 8 1 9 12 1 8 1 9 12 1 8 1 9 12 1 8 1 9 12 1 8 1 9 12 1 8 1 9 12 1 8 1 9 12 1 8 1 9 12 1 8 1 9 12 1 8 1 9 12 1 8 1 9 12 1 8 1 9 12 1 8 1 9 12 1 8 1 9 12 1 8 1 9 12 1 7 1 10 12 1 10 12 1 1 8 1 8 1 8 1 8 1 8 1 8 1 8 1 8 1 8 1 11 12 1 1 1 1 1 1 1 1 1 1 1 1 1 1 1 1 1 1 1 1 1 1 1 1 1 1 1 1 1 1 1 1 1 1 1 1 100 1 1
staticfield java/util/jar/Attributes$Name MANIFEST_VERSION Ljava/util/jar/Attributes$Name; java/util/jar/Attributes$Name
staticfield java/util/jar/Attributes$Name SIGNATURE_VERSION Ljava/util/jar/Attributes$Name; java/util/jar/Attributes$Name
staticfield java/util/jar/Attributes$Name CONTENT_TYPE Ljava/util/jar/Attributes$Name; java/util/jar/Attributes$Name
staticfield java/util/jar/Attributes$Name CLASS_PATH Ljava/util/jar/Attributes$Name; java/util/jar/Attributes$Name
staticfield java/util/jar/Attributes$Name MAIN_CLASS Ljava/util/jar/Attributes$Name; java/util/jar/Attributes$Name
staticfield java/util/jar/Attributes$Name SEALED Ljava/util/jar/Attributes$Name; java/util/jar/Attributes$Name
staticfield java/util/jar/Attributes$Name EXTENSION_LIST Ljava/util/jar/Attributes$Name; java/util/jar/Attributes$Name
staticfield java/util/jar/Attributes$Name EXTENSION_NAME Ljava/util/jar/Attributes$Name; java/util/jar/Attributes$Name
staticfield java/util/jar/Attributes$Name EXTENSION_INSTALLATION Ljava/util/jar/Attributes$Name; java/util/jar/Attributes$Name
staticfield java/util/jar/Attributes$Name IMPLEMENTATION_TITLE Ljava/util/jar/Attributes$Name; java/util/jar/Attributes$Name
staticfield java/util/jar/Attributes$Name IMPLEMENTATION_VERSION Ljava/util/jar/Attributes$Name; java/util/jar/Attributes$Name
staticfield java/util/jar/Attributes$Name IMPLEMENTATION_VENDOR Ljava/util/jar/Attributes$Name; java/util/jar/Attributes$Name
staticfield java/util/jar/Attributes$Name IMPLEMENTATION_VENDOR_ID Ljava/util/jar/Attributes$Name; java/util/jar/Attributes$Name
staticfield java/util/jar/Attributes$Name IMPLEMENTATION_URL Ljava/util/jar/Attributes$Name; java/util/jar/Attributes$Name
staticfield java/util/jar/Attributes$Name SPECIFICATION_TITLE Ljava/util/jar/Attributes$Name; java/util/jar/Attributes$Name
staticfield java/util/jar/Attributes$Name SPECIFICATION_VERSION Ljava/util/jar/Attributes$Name; java/util/jar/Attributes$Name
staticfield java/util/jar/Attributes$Name SPECIFICATION_VENDOR Ljava/util/jar/Attributes$Name; java/util/jar/Attributes$Name
staticfield java/util/jar/Attributes$Name MULTI_RELEASE Ljava/util/jar/Attributes$Name; java/util/jar/Attributes$Name
ciMethod java/util/jar/Attributes$Name equals (Ljava/lang/Object;)Z 0 0 1 0 0
ciMethod java/util/jar/Attributes$Name hashCode ()I 256 0 128 0 0
ciInstanceKlass sun/net/util/URLUtil 1 1 146 10 7 12 1 1 1 7 1 10 10 7 12 1 1 1 8 1 8 1 8 1 9 100 12 1 1 1 10 7 12 1 1 1 10 12 1 1 8 1 10 12 1 10 12 1 1 10 12 1 1 10 12 1 8 1 10 12 1 10 12 1 10 12 1 10 8 1 10 12 1 1 8 1 10 7 12 1 1 1 8 1 8 1 8 1 10 12 1 1 10 12 1 10 12 1 1 10 12 1 10 12 1 1 10 100 12 1 1 1 10 12 1 10 12 1 100 1 10 1 1 1 1 1 1 1 1 1 1 1 1 1 1 1 1 1 1 1 1 1 1 1 100 1 1 1
ciMethod sun/net/util/URLUtil urlNoFragString (Ljava/net/URL;)Ljava/lang/String; 190 0 5244 0 -1
instanceKlass java/util/concurrent/ConcurrentHashMap$ForwardingNode
instanceKlass java/util/concurrent/ConcurrentHashMap$ReservationNode
ciInstanceKlass java/util/concurrent/ConcurrentHashMap$Node 1 1 97 10 7 12 1 1 1 9 7 12 1 1 1 9 12 1 1 9 12 1 10 12 1 9 12 1 1 10 12 1 1 10 100 12 1 1 1 100 1 10 100 1 11 12 1 1 11 12 1 10 12 1 1 1 1 1 1 1 1 1 1 1 1 1 1 1 1 1 1 1 1 1 1 1 1 1 1 1 1 1 1 1 1 1 1 1 1 1 1 1 100 1 1 1 100 1 1
ciMethod java/util/concurrent/ConcurrentHashMap$Node find (ILjava/lang/Object;)Ljava/util/concurrent/ConcurrentHashMap$Node; 0 0 1 0 -1
ciMethod java/util/concurrent/ConcurrentHashMap$Node <init> (ILjava/lang/Object;Ljava/lang/Object;)V 768 0 14992 0 -1
ciInstanceKlass java/util/concurrent/ConcurrentHashMap$ReservationNode 1 1 34 100 1 10 7 12 1 1 1 100 1 1 1 1 1 1 1 1 1 1 1 1 1 1 1 1 1 1 1 1 1 1 1 1
ciMethod java/util/concurrent/ConcurrentHashMap$ReservationNode <init> ()V 162 0 350 0 -1
ciInstanceKlass java/util/concurrent/ConcurrentHashMap$ForwardingNode 1 1 71 100 1 10 7 12 1 1 1 9 7 12 1 1 1 10 12 1 1 9 12 1 1 9 12 1 1 10 100 12 1 1 1 10 12 1 1 9 12 1 1 1 1 1 1 1 1 1 1 1 1 1 1 1 1 1 1 1 1 1 1 1 100 1 1 1 1 1 1 1 1
instanceKlass java/util/ArrayList$ListItr
ciInstanceKlass java/util/ArrayList$Itr 1 1 104 9 7 12 1 1 1 10 7 12 1 1 1 9 12 1 1 9 7 12 1 1 9 12 1 9 12 1 9 12 1 10 12 1 100 1 10 9 12 1 1 100 1 10 100 1 10 10 12 1 1 100 1 10 100 12 1 1 1 10 12 1 1 11 100 12 1 1 1 100 1 1 1 1 1 1 1 1 1 1 1 1 1 1 1 1 100 1 1 1 1 1 1 1 1 1 1 1 1 1 1 1 1 1
instanceKlass java/nio/DirectLongBufferU
ciInstanceKlass java/nio/LongBuffer 1 1 372 10 7 12 1 1 1 9 7 12 1 1 1 9 12 1 1 10 12 1 10 12 1 10 12 1 1 100 1 10 12 1 10 12 1 100 1 100 1 10 12 1 10 12 1 1 10 100 12 1 1 1 10 12 1 1 10 12 1 100 1 10 10 12 1 1 10 12 1 10 12 1 10 12 100 1 5 0 9 12 1 1 9 12 1 10 12 1 1 10 100 12 1 1 9 12 1 1 10 12 1 1 10 12 1 1 7 1 5 0 10 100 12 1 1 1 10 12 1 1 10 7 12 1 1 1 10 12 1 10 12 1 1 10 12 1 1 100 1 10 100 1 10 10 12 1 1 9 12 1 1 10 12 1 100 1 10 10 12 1 10 12 1 10 12 10 12 1 9 12 100 1 10 10 12 1 10 12 10 12 1 1 10 12 1 10 12 1 10 12 1 10 12 1 7 1 10 10 7 12 1 1 1 10 7 12 1 1 1 10 12 1 1 8 1 10 12 1 8 1 8 1 10 12 1 8 1 10 12 1 10 100 12 1 1 1 10 100 12 1 1 1 10 12 1 1 10 10 12 1 1 10 12 1 1 10 12 10 12 1 1 10 12 10 12 10 12 10 12 10 12 10 12 10 12 1 1 10 12 1 9 12 1 1 7 10 7 12 1 1 1 7 1 1 1 1 1 1 1 1 1 1 1 1 1 1 1 1 1 1 1 1 1 1 1 1 1 1 1 1 1 1 1 7 1 1 1 1 1 1 1 1 1 1 1 1 1 1 1 1 1 1 1 1 1 1 1 1 1 1 1 1 1 1 1 1 1 1 1 1 1 1 1 1 100 1 100 1 100 1 100 1
staticfield java/nio/LongBuffer ARRAY_BASE_OFFSET J 16
staticfield java/nio/LongBuffer $assertionsDisabled Z 1
ciMethod java/nio/LongBuffer put (IJ)Ljava/nio/LongBuffer; 0 0 1 0 -1
instanceKlass sun/net/www/protocol/jar/URLJarFile
ciInstanceKlass java/util/jar/JarFile 1 1 695 7 1 9 12 1 1 9 12 1 100 1 10 12 1 1 7 1 10 12 1 10 12 1 10 12 1 9 12 1 1 10 7 12 1 1 1 9 12 1 10 7 12 1 1 1 9 12 1 9 12 1 1 10 7 12 1 1 1 10 12 1 1 9 12 1 10 12 1 1 9 12 9 12 1 10 12 1 1 100 1 10 12 1 1 9 12 1 1 10 7 12 1 1 1 7 1 10 12 1 1 10 12 1 1 9 12 1 9 12 1 1 11 7 12 1 1 1 7 1 10 7 12 1 1 1 10 12 1 9 12 1 1 9 12 1 1 8 1 10 100 12 1 1 7 1 10 12 1 10 10 12 1 10 12 1 1 10 12 1 10 7 12 1 1 7 1 10 12 1 1 10 12 1 10 12 1 1 10 12 1 1 10 11 12 1 1 11 12 1 1 11 12 1 18 12 1 1 11 100 12 1 1 1 18 12 1 1 11 12 1 1 11 12 1 1 18 18 10 12 7 1 10 12 1 8 1 10 7 12 1 1 1 10 12 1 10 12 1 1 10 12 1 1 100 1 10 12 1 8 1 11 12 1 1 7 1 10 12 10 12 1 1 10 12 1 8 1 10 12 10 12 1 1 10 12 1 11 12 1 1 10 12 1 11 12 1 1 11 7 12 1 1 1 11 7 12 1 1 11 12 1 10 12 1 1 100 1 8 1 10 7 1 9 12 1 1 10 12 1 8 1 10 12 1 9 12 1 1 10 12 1 1 10 12 1 1 100 1 8 1 10 7 12 1 1 10 12 1 8 1 10 12 1 8 1 10 7 12 1 1 1 9 7 12 1 1 8 1 10 12 1 8 1 10 8 1 8 1 10 3 10 12 1 1 10 12 1 1 100 1 8 1 8 1 10 8 1 10 12 1 10 12 1 10 12 1 10 12 1 1 7 1 10 12 1 10 12 1 1 9 12 1 1 9 12 1 10 7 12 1 1 9 12 1 9 12 1 9 12 1 9 12 1 10 12 1 1 9 12 1 9 12 1 9 12 1 7 1 10 7 1 10 12 1 10 12 1 1 9 100 12 1 1 1 10 12 1 1 10 7 12 1 1 9 7 12 1 1 1 10 7 12 1 1 10 12 1 7 1 10 12 10 12 1 10 12 1 10 7 12 1 1 1 10 12 1 1 7 1 10 10 7 12 1 1 1 10 12 1 1 8 1 10 7 12 1 1 1 10 7 12 1 1 10 12 1 8 1 8 1 10 12 1 10 12 1 8 1 10 12 1 1 8 1 1 1 1 1 1 1 1 8 1 1 1 1 1 1 1 1 1 1 1 1 1 1 1 1 1 1 1 1 1 1 1 1 1 100 1 1 1 1 1 1 1 1 1 1 1 1 1 1 1 1 1 100 1 1 1 1 1 1 1 1 1 1 1 1 1 1 1 1 1 100 1 1 1 1 1 1 1 1 1 1 1 1 7 1 1 1 1 1 1 1 1 1 1 1 1 1 16 15 10 12 16 16 15 10 12 1 16 15 16 16 1 15 10 100 12 1 1 1 1 1 1 1 1 1 1 100 1 100 1 1
staticfield java/util/jar/JarFile BASE_VERSION Ljava/lang/Runtime$Version; java/lang/Runtime$Version
staticfield java/util/jar/JarFile BASE_VERSION_FEATURE I 8
staticfield java/util/jar/JarFile RUNTIME_VERSION Ljava/lang/Runtime$Version; java/lang/Runtime$Version
staticfield java/util/jar/JarFile MULTI_RELEASE_ENABLED Z 1
staticfield java/util/jar/JarFile MULTI_RELEASE_FORCED Z 0
staticfield java/util/jar/JarFile JUZFA Ljdk/internal/access/JavaUtilZipFileAccess; java/util/zip/ZipFile$1
staticfield java/util/jar/JarFile CLASSPATH_CHARS [B 12
staticfield java/util/jar/JarFile CLASSPATH_LASTOCC [B 65
staticfield java/util/jar/JarFile CLASSPATH_OPTOSFT [B 12
staticfield java/util/jar/JarFile MULTIRELEASE_CHARS [B 19
staticfield java/util/jar/JarFile MULTIRELEASE_LASTOCC [B 65
staticfield java/util/jar/JarFile MULTIRELEASE_OPTOSFT [B 19
ciInstanceKlass java/util/zip/ZipConstants 1 0 78 100 1 100 1 1 1 1 5 0 1 5 0 1 5 0 1 5 0 1 1 3 1 3 1 3 1 3 1 3 1 3 1 3 1 3 1 3 1 3 1 1 3 1 3 1 1 1 3 1 1 1 1 1 1 1 3 1 3 1 1 1 3 1 3 1 3 1 3 1 3 1 1 1 1 1 1 1
instanceKlass java/util/jar/JarFile
ciInstanceKlass java/util/zip/ZipFile 1 1 551 7 1 7 1 7 1 10 12 1 1 7 1 10 12 1 9 7 12 1 1 1 10 12 1 10 7 12 1 1 100 1 7 1 10 8 1 10 12 1 1 10 7 12 1 1 1 10 12 1 1 10 10 12 1 10 7 12 1 1 1 10 7 12 1 1 10 12 1 8 1 10 7 12 1 1 1 9 12 1 1 10 12 1 1 7 1 10 7 12 1 1 1 10 12 1 9 12 1 1 10 7 12 1 1 1 10 12 1 1 10 12 1 10 12 1 10 12 1 9 12 1 1 9 7 12 1 1 1 9 12 1 1 10 12 1 8 10 12 1 1 10 12 1 1 8 1 9 12 1 1 9 12 1 9 10 12 1 1 9 12 1 1 7 1 9 12 1 10 12 1 10 12 1 1 11 7 12 1 1 1 10 12 1 1 5 0 5 0 5 0 5 0 7 1 10 12 1 100 1 8 1 10 100 1 9 12 1 10 12 1 100 1 18 12 1 1 10 12 1 10 100 12 1 1 1 10 12 1 10 12 1 1 7 1 10 12 1 18 18 10 12 1 10 12 1 10 7 12 1 1 1 10 12 1 1 8 1 10 12 1 1 10 12 1 7 1 9 12 1 1 11 7 12 1 1 1 10 10 12 1 9 12 1 10 12 1 9 12 1 1 10 12 1 9 12 1 9 12 1 10 12 1 9 12 1 9 12 1 10 12 1 10 12 1 3 9 12 1 10 7 12 1 1 1 10 12 1 1 9 12 9 12 1 1 10 12 1 100 1 10 12 1 1 100 1 8 1 10 8 1 8 1 9 12 1 1 9 12 1 7 1 10 10 12 1 11 7 1 11 12 1 1 9 12 1 9 12 1 8 1 10 7 12 1 1 1 8 1 10 12 1 100 1 10 12 1 9 12 1 7 1 10 10 7 12 1 1 1 7 1 1 1 1 1 3 1 3 1 3 1 3 1 1 1 1 1 1 100 1 1 1 1 1 1 1 1 1 1 100 1 1 1 1 7 1 1 1 1 1 1 1 1 1 1 1 1 1 7 1 1 1 1 1 1 1 1 1 1 1 1 1 1 1 1 1 1 1 100 1 1 1 1 1 1 1 1 1 1 1 100 1 1 1 1 1 1 1 1 1 1 1 1 1 1 1 1 1 100 1 100 1 100 1 100 1 1 16 1 15 10 12 16 15 16 15 10 12 16 15 10 100 12 1 1 1 1 1 1 1 1 1 1 1 1 1 100 1 100 1 1
staticfield java/util/zip/ZipFile DISABLE_ZIP64_EXTRA_VALIDATION Z 0
ciMethod java/util/zip/ZipFile getName ()Ljava/lang/String; 114 0 57 0 0
ciMethod java/util/zip/ZipFile getInputStream (Ljava/util/zip/ZipEntry;)Ljava/io/InputStream; 772 0 5587 0 8840
ciMethod java/util/zip/ZipFile getEntry (Ljava/lang/String;)Ljava/util/zip/ZipEntry; 512 0 9068 0 -1
ciMethod java/util/zip/ZipFile ensureOpen ()V 528 0 8144 0 -1
ciMethod java/util/zip/ZipFile getManifestNum ()I 20 0 191 0 0
ciMethod java/util/zip/ZipFile getManifestName (Z)Ljava/lang/String; 432 0 849 0 0
ciMethod java/util/zip/ZipFile getEntryName (I)Ljava/lang/String; 516 0 624 0 -1
ciMethod java/util/jar/JarFile getManifest ()Ljava/util/jar/Manifest; 276 0 5314 0 0
ciMethod java/util/jar/JarFile getJarEntry (Ljava/lang/String;)Ljava/util/jar/JarEntry; 512 0 12908 0 -1
ciMethod java/util/jar/JarFile ensureInitialization ()V 746 0 5122 0 0
ciMethod java/util/jar/JarFile getBytes (Ljava/util/zip/ZipEntry;)[B 32 0 623 0 0
ciMethod java/util/jar/JarFile getManifestFromReference ()Ljava/util/jar/Manifest; 280 0 5405 0 0
ciMethod java/util/jar/JarFile getManEntry ()Ljava/util/jar/JarEntry; 44 0 783 0 0
ciMethod java/util/jar/JarFile maybeInstantiateVerifier ()V 768 0 11120 0 0
ciMethod java/util/jar/JarFile initializeVerifier ()V 4 4 4 0 0
ciMethod java/util/jar/JarFile beginInit ()Ljava/lang/Object; 4 0 4 0 0
ciMethod java/util/jar/JarFile endInit (Ljava/lang/Object;)V 4 0 4 0 0
ciInstanceKlass jdk/internal/access/JavaUtilZipFileAccess 1 0 31 100 1 100 1 1 1 1 1 1 1 1 1 1 1 1 1 1 1 1 1 1 1 1 1 1 1 1 1 1 1
ciMethod jdk/internal/access/JavaUtilZipFileAccess getManifestNum (Ljava/util/jar/JarFile;)I 0 0 1 0 -1
ciMethod jdk/internal/access/JavaUtilZipFileAccess getManifestName (Ljava/util/jar/JarFile;Z)Ljava/lang/String; 0 0 1 0 -1
ciMethod jdk/internal/access/JavaUtilZipFileAccess getManifestAndSignatureRelatedFiles (Ljava/util/jar/JarFile;)Ljava/util/List; 0 0 1 0 -1
ciInstanceKlass java/lang/ref/ReferenceQueue$Null 1 1 29 10 7 12 1 1 1 100 1 1 1 1 1 1 1 1 1 1 1 1 1 1 1 1 1 1 1 1 1
instanceKlass java/util/LinkedHashMap$Entry
ciInstanceKlass java/util/HashMap$Node 1 1 95 10 7 12 1 1 1 9 7 12 1 1 1 9 12 1 1 9 12 1 9 12 1 1 7 1 10 10 12 1 1 8 1 10 12 1 10 12 1 1 10 100 12 1 1 1 7 1 11 12 1 1 10 12 1 1 11 12 1 1 1 1 1 1 1 1 1 1 1 1 1 1 1 1 1 1 1 1 1 1 1 1 1 1 1 1 1 1 100 1 1 1 7 1 1
ciInstanceKlass java/util/HashMap$TreeNode 0 0 250 100 1 10 100 12 1 1 1 9 100 12 1 1 1 9 12 1 1 9 12 1 9 12 1 1 9 12 1 1 10 12 1 1 100 1 10 12 1 9 12 1 9 12 1 9 12 1 1 10 100 12 1 1 1 10 12 1 1 10 12 1 1 10 12 1 1 10 12 1 1 10 12 1 1 10 100 12 1 1 1 10 100 12 1 1 1 10 100 12 1 1 1 9 12 1 10 12 1 1 10 12 1 1 10 12 1 1 10 12 1 1 9 100 1 10 12 1 1 10 12 1 1 10 12 1 10 12 1 1 10 12 1 10 12 1 10 12 1 1 1 1 1 1 1 1 1 1 1 1 1 1 1 1 1 1 1 1 1 1 1 1 1 1 100 1 1 1 1 1 1 1 1 1 1 1 1 1 1 1 1 1 1 1 1 1 1 1 1 1 1 1 1 1 1 1 1 1 1 1 1 1 1 1 1 1 1 1 1 1 1 1 1 1 1 1 1 1 1 1 1 1 1 1 1 1 1 1 1 1 1 1 1 1 1 1 1 1 1 1 1 1 1 1 1 100 1 1 1 1
instanceKlass java/util/HashMap$TreeNode
ciInstanceKlass java/util/LinkedHashMap$Entry 1 1 41 10 7 12 1 1 1 100 1 1 1 1 1 1 1 1 1 1 1 1 1 1 1 1 1 1 1 1 1 1 1 1 1 1 100 1 1 100 1 1 1
ciMethod java/util/HashMap$TreeNode getTreeNode (ILjava/lang/Object;)Ljava/util/HashMap$TreeNode; 0 0 1 0 -1
ciInstanceKlass jdk/internal/util/Preconditions$4 1 1 61 9 7 12 1 1 1 10 7 12 1 1 1 10 100 12 1 1 1 11 100 12 1 1 1 100 1 100 1 100 1 10 12 1 100 1 1 1 1 1 1 1 1 1 1 1 1 1 1 1 1 1 1 1 1 1 12 1 1 1 1
ciInstanceKlass java/util/Collections$SetFromMap 1 1 182 10 7 12 1 1 1 9 7 12 1 1 1 11 7 12 1 1 1 9 12 1 1 11 12 1 11 12 1 1 11 12 1 1 11 12 1 1 11 12 1 1 9 7 12 1 1 1 11 12 1 1 11 7 12 1 1 1 11 12 1 1 11 12 1 11 12 1 1 11 12 1 11 12 1 11 12 1 1 11 12 1 11 12 1 11 12 1 1 11 12 1 1 11 12 1 1 11 12 1 1 11 12 1 10 100 12 1 1 100 1 8 1 10 12 1 7 1 1 1 1 1 1 1 5 0 1 1 1 1 1 1 1 1 1 1 1 1 1 1 1 1 1 1 1 1 1 1 1 1 1 1 1 1 1 1 1 1 1 1 1 1 1 1 1 1 1 100 1 7 1 1 100 1 1 1 1 1 100 1 1 1
instanceKlass sun/net/www/protocol/jar/URLJarFile$URLJarFileEntry
instanceKlass java/util/jar/JarFile$JarFileEntry
ciInstanceKlass java/util/jar/JarEntry 1 1 60 10 7 12 1 1 1 10 12 1 10 7 1 9 12 1 1 9 12 1 1 9 12 1 1 10 100 12 1 1 10 100 10 12 1 1 1 1 1 1 1 1 1 1 1 1 1 1 1 1 100 1 1 1 1 1 1 1 1 1
instanceKlass java/util/jar/JarEntry
ciInstanceKlass java/util/zip/ZipEntry 1 1 327 100 1 7 1 10 7 12 1 1 1 5 0 9 7 12 1 1 1 9 12 1 9 12 1 9 12 1 9 12 1 1 9 12 1 1 9 12 1 9 12 1 8 1 10 7 12 1 1 1 10 7 12 1 1 1 3 100 1 8 1 10 12 1 9 12 1 8 1 9 12 1 1 9 12 1 9 12 1 9 12 1 1 9 12 1 10 12 1 1 5 0 5 0 10 12 1 1 10 100 12 1 1 9 100 12 1 1 1 10 100 12 1 1 1 10 12 1 1 10 12 1 10 12 1 10 12 1 10 12 1 10 12 1 10 12 1 5 0 10 12 1 3 10 100 12 1 1 1 10 100 12 1 1 1 10 12 1 1 10 12 1 10 10 12 1 1 5 0 5 0 5 0 5 0 5 0 5 0 10 12 1 8 1 10 12 1 1 10 12 1 8 1 8 1 8 1 8 1 8 1 10 12 1 1 8 1 10 12 1 1 10 12 1 1 5 0 10 12 1 1 10 7 12 1 1 1 10 12 1 10 12 1 8 1 10 12 1 1 10 12 1 1 10 12 1 10 12 1 1 10 100 100 1 7 1 10 12 1 7 1 7 1 1 1 3 1 3 1 1 1 1 1 1 1 1 1 1 1 1 1 1 1 1 1 1 1 1 1 1 1 1 1 1 1 1 1 1 1 1 1 1 1 1 1 1 1 1 1 1 1 1 1 1 1 1 1 1 1 1 1 1 1 1 1 1 1
ciMethod java/util/zip/ZipEntry getName ()Ljava/lang/String; 256 0 128 0 -1
ciMethod java/util/zip/ZipEntry getSize ()J 256 0 128 0 -1
ciMethod java/util/zip/ZipEntry getCrc ()J 258 0 129 0 -1
ciMethod java/util/jar/JarEntry getCodeSigners ()[Ljava/security/CodeSigner; 0 0 1 0 -1
ciInstanceKlass jdk/internal/loader/NativeLibraries$2 1 1 48 10 7 12 1 1 1 7 1 10 10 12 1 7 1 10 7 12 1 1 1 100 1 1 1 1 1 1 1 1 1 1 1 1 1 1 1 1 1 1 7 1 12 1 1 1 1 1
instanceKlass jdk/internal/loader/URLClassPath$FileLoader
instanceKlass jdk/internal/loader/URLClassPath$JarLoader
ciInstanceKlass jdk/internal/loader/URLClassPath$Loader 1 1 134 10 7 12 1 1 1 9 7 12 1 1 1 7 1 10 100 12 1 1 1 10 12 1 100 1 10 100 12 1 1 1 10 12 1 1 100 1 8 1 10 12 1 1 10 12 1 1 10 100 12 1 1 1 10 12 1 1 10 7 12 1 1 7 1 100 1 10 12 1 1 10 100 12 1 1 1 9 12 1 1 100 1 10 12 1 10 12 1 1 10 100 1 7 1 1 1 1 1 1 1 1 1 1 1 1 1 1 1 1 1 1 1 1 1 1 1 1 7 1 1 1 1 1 100 1 1 1 1 1 1 1 1 1
ciMethod jdk/internal/loader/URLClassPath$Loader getResource (Ljava/lang/String;Z)Ljdk/internal/loader/Resource; 0 0 1 0 -1
ciMethod jdk/internal/loader/URLClassPath$Loader getBaseURL ()Ljava/net/URL; 256 0 128 0 0
ciInstanceKlass jdk/internal/loader/URLClassPath$JarLoader 1 1 485 7 1 8 1 8 1 7 1 10 12 1 1 10 12 1 1 8 1 10 12 1 10 12 1 1 10 7 12 1 1 1 10 7 12 1 1 9 12 1 1 9 12 1 1 9 12 1 1 9 12 1 1 9 12 1 1 10 12 1 7 1 10 12 1 9 12 1 10 7 12 1 1 8 1 10 12 1 10 7 12 1 1 1 7 1 10 12 1 10 7 12 1 1 1 100 1 10 12 1 1 100 1 10 7 12 1 1 1 9 12 1 9 12 1 1 11 100 12 1 1 1 8 1 10 12 1 10 12 1 1 10 12 1 1 7 1 10 10 12 1 1 100 1 10 12 1 10 7 1 10 100 1 10 12 1 1 10 12 1 10 12 1 1 10 12 1 1 8 1 10 12 1 10 12 1 1 8 1 9 12 1 1 10 100 12 1 1 1 100 1 10 12 1 1 10 12 1 10 7 12 1 1 10 7 12 1 1 1 10 12 1 100 1 7 1 10 12 1 10 12 1 1 10 12 1 1 10 12 1 1 11 100 12 1 1 11 12 1 1 100 1 10 12 1 10 12 1 1 10 7 12 1 1 7 1 10 12 10 12 1 1 10 12 1 1 10 7 12 1 1 1 11 7 12 1 1 1 10 12 1 1 10 7 12 1 1 1 9 7 12 1 1 1 10 7 12 1 1 1 10 12 1 1 7 1 10 10 12 1 1 10 12 1 10 12 1 9 12 1 10 12 1 1 9 12 1 9 12 1 1 8 1 8 1 10 100 12 1 1 10 100 12 1 1 1 100 1 10 12 1 1 10 12 1 10 12 1 10 12 1 9 12 1 1 10 12 1 1 10 12 1 10 10 12 1 10 12 1 1 8 1 10 12 1 10 100 12 1 1 1 10 12 1 100 1 10 12 1 1 1 1 1 1 1 1 1 1 1 1 1 1 1 1 1 1 1 1 100 1 1 1 1 1 1 1 1 1 1 1 1 1 1 1 1 1 1 1 1 7 1 1 1 1 1 1 1 1 1 1 1 1 1 1 1 1 1 1 1 1 1 1 1 1 1 1 1 1 1 1 1 1 1 1 1 1 1 1 1 100 1 100 1 1 1
staticfield jdk/internal/loader/URLClassPath$JarLoader zipAccess Ljdk/internal/access/JavaUtilZipFileAccess; java/util/zip/ZipFile$1
ciInstanceKlass jdk/internal/loader/URLClassPath$JarLoader$2 1 1 133 9 7 12 1 1 1 9 12 1 1 9 12 1 1 9 12 1 1 10 7 12 1 1 1 9 12 1 1 9 7 12 1 1 9 12 1 1 10 7 12 1 1 1 10 7 12 1 1 1 10 7 12 1 1 1 11 7 12 1 1 1 10 12 1 1 10 12 1 1 10 12 1 1 10 12 1 1 7 1 10 10 12 1 1 10 12 1 10 12 1 100 1 8 1 10 12 1 1 1 1 1 1 1 1 1 1 1 1 1 1 1 1 1 1 1 1 1 1 1 1 100 1 1 1 12 1 1 1 7 1 1 1
ciMethod jdk/internal/loader/URLClassPath$JarLoader$2 getBytes ()[B 748 0 5919 0 0
ciMethod jdk/internal/loader/URLClassPath$JarLoader$2 getCodeSourceURL ()Ljava/net/URL; 744 0 4468 0 104
ciMethod jdk/internal/loader/URLClassPath$JarLoader$2 getManifest ()Ljava/util/jar/Manifest; 744 0 5122 0 0
ciMethod jdk/internal/loader/URLClassPath$JarLoader$2 getCodeSigners ()[Ljava/security/CodeSigner; 746 0 5919 0 0
instanceKlass sun/security/util/DerOutputStream
ciInstanceKlass java/io/ByteArrayOutputStream 1 1 145 10 7 12 1 1 1 10 7 12 1 1 100 1 7 1 10 8 1 10 12 1 1 10 12 1 10 12 1 1 10 12 1 9 12 1 1 10 7 12 1 1 1 10 7 12 1 1 1 9 12 1 1 10 12 1 10 7 12 1 1 10 7 12 1 1 1 10 12 1 1 10 7 12 1 1 1 10 12 1 1 10 12 1 10 7 1 10 12 10 12 1 10 12 1 10 12 1 1 1 1 1 1 1 1 1 1 1 1 1 1 1 1 1 1 1 1 7 1 7 1 100 1 100 1 1 1 1 1 1 1 1 100 1 1 1 1 1 1 1 1 1 1 1 1
ciMethod java/io/ByteArrayOutputStream <init> ()V 314 0 8041 0 0
ciMethod java/io/ByteArrayOutputStream <init> (I)V 314 0 8128 0 0
ciInstanceKlass java/lang/Package$VersionInfo 1 1 61 9 7 12 1 1 1 10 12 1 1 10 7 12 1 1 9 12 1 1 9 12 1 9 12 1 9 12 1 9 12 1 9 12 1 9 12 1 1 1 1 1 1 1 1 1 1 1 1 1 1 1 1 1 1 1 1 7 1 1 1
staticfield java/lang/Package$VersionInfo NULL_VERSION_INFO Ljava/lang/Package$VersionInfo; java/lang/Package$VersionInfo
ciInstanceKlass java/lang/invoke/BoundMethodHandle$Species_LLLLL 1 1 82 1 7 1 7 1 1 1 1 1 1 1 1 1 1 1 12 9 1 1 1 12 10 12 9 12 9 12 9 12 9 12 9 1 1 12 10 1 1 1 100 1 7 1 1 12 10 1 7 1 1 12 10 1 1 1 12 10 1 1 1 12 10 1 1 1 12 10 1 1 1 12 10 1 1 1 12 10 1 1 1 1
ciInstanceKlass jdk/internal/ref/CleanerImpl$PhantomCleanableRef 1 1 51 10 7 12 1 1 1 9 7 12 1 1 1 10 12 1 11 7 12 1 1 100 1 8 1 10 12 1 8 1 1 1 1 1 1 1 1 1 1 1 1 1 1 1 1 1 1 100 1 1 1
ciInstanceKlass java/nio/DirectLongBufferU 1 1 216 9 7 12 1 1 1 10 7 12 1 1 1 7 1 9 12 1 1 9 11 7 12 1 1 1 10 12 1 1 10 12 1 9 12 1 1 100 1 10 12 1 9 12 1 1 10 12 1 10 100 12 1 1 1 10 12 1 10 12 1 100 1 10 10 12 1 1 10 100 12 1 1 1 10 12 1 1 100 1 8 1 10 12 1 10 12 1 9 12 1 1 10 12 1 10 12 1 1 10 7 12 1 1 1 10 7 12 1 1 1 10 12 1 1 10 12 1 10 12 1 1 10 12 1 1 10 12 1 10 12 10 12 1 10 100 12 1 1 1 9 12 1 1 9 12 1 10 12 1 1 10 12 1 1 10 12 10 7 12 1 1 10 7 12 1 1 9 12 1 1 1 1 1 1 1 1 1 1 1 1 1 1 1 1 1 100 1 7 1 1 1 1 1 1 1 1 1 1 7 1 1 1 1 1 1 1 1 1 1 1 1 1 1 1 1
staticfield java/nio/DirectLongBufferU UNALIGNED Z 1
staticfield java/nio/DirectLongBufferU $assertionsDisabled Z 1
ciInstanceKlass java/util/zip/ZipUtils 1 1 331 7 1 7 1 100 1 10 7 12 1 1 1 5 0 5 0 9 7 12 1 1 1 10 7 12 1 1 1 10 12 1 1 9 12 1 5 0 5 0 5 0 5 0 5 0 5 0 10 100 12 1 1 1 10 100 12 1 1 1 10 12 1 1 10 100 12 1 1 1 10 12 1 1 10 12 1 1 100 1 10 12 1 1 100 1 10 12 1 10 12 1 1 10 12 1 10 12 1 1 10 12 1 10 12 1 10 12 1 10 12 1 10 12 1 5 0 10 12 1 1 10 12 1 1 5 0 100 1 5 0 10 100 12 1 1 1 10 12 1 1 10 12 1 1 10 12 1 1 10 12 1 10 12 1 10 12 1 10 12 1 8 1 10 7 12 1 1 1 9 12 1 1 9 12 1 1 10 7 12 1 1 1 100 1 9 12 1 10 12 1 1 10 7 12 1 1 1 9 12 1 1 10 7 12 1 1 1 9 12 1 1 10 12 1 1 8 1 10 12 1 1 8 1 1 1 1 5 0 1 5 0 1 1 3 1 3 1 5 0 1 3 1 1 1 1 1 1 1 1 1 1 1 1 1 1 1 1 1 1 1 1 1 1 1 1 1 1 1 1 1 1 1 1 1 1 1 1 1 1 1 1 1 1 1 1 1 1 1 1 1 1 1 1 1 1 1 1 1 1 1 1 1 1 1 1 1 1 1 1 1 1 1 1 1 1 1 1 1 1 1 1 1 1 1 1 1 1 1 1 1
staticfield java/util/zip/ZipUtils NIO_ACCESS Ljdk/internal/access/JavaNioAccess; java/nio/Buffer$2
staticfield java/util/zip/ZipUtils defaultBuf Ljava/nio/ByteBuffer; java/nio/HeapByteBuffer
staticfield java/util/zip/ZipUtils unsafe Ljdk/internal/misc/Unsafe; jdk/internal/misc/Unsafe
staticfield java/util/zip/ZipUtils byteBufferArrayOffset J 48
staticfield java/util/zip/ZipUtils byteBufferOffsetOffset J 40
ciMethod java/util/zip/ZipUtils CENHOW ([BI)I 834 0 41382 0 -1
ciMethod java/util/zip/ZipUtils CENLEN ([BI)J 516 0 16435 0 -1
ciInstanceKlass java/util/jar/JarFile$JarFileEntry 1 1 129 9 7 12 1 1 1 10 7 12 1 1 1 9 12 1 1 10 12 1 10 7 12 1 1 1 10 12 1 1 10 100 12 1 1 1 10 12 1 1 100 1 100 1 10 12 1 9 12 1 1 9 12 1 1 10 12 1 1 10 100 12 1 1 1 10 100 12 1 1 9 12 1 1 10 12 1 1 10 7 10 12 1 1 9 12 1 1 9 12 1 10 100 12 1 1 1 10 12 1 1 1 1 1 1 1 1 1 1 1 1 1 1 1 1 1 1 1 1 1 1 1 1 1 1 1 1 1 1
ciMethod java/util/jar/JarFile$JarFileEntry getName ()Ljava/lang/String; 256 0 128 0 0
ciInstanceKlass sun/security/util/SignatureFileVerifier 1 1 730 7 1 10 7 12 1 1 1 9 7 12 1 1 1 7 1 10 9 12 1 1 10 7 12 1 1 1 7 1 10 12 1 9 12 1 1 10 12 1 1 10 7 12 1 1 1 9 12 1 1 8 1 10 7 12 1 1 1 9 12 1 1 10 12 1 1 10 7 12 1 1 1 10 12 1 1 9 7 12 1 1 1 10 12 1 1 9 12 1 1 9 12 1 1 9 12 1 1 10 12 1 1 8 1 10 12 1 1 10 12 1 1 8 1 10 12 1 8 1 8 1 8 1 11 100 12 1 1 1 8 1 10 12 1 1 8 1 8 1 8 1 8 1 8 1 10 12 1 10 12 1 8 1 8 1 10 12 1 1 10 12 1 10 12 1 1 9 12 1 1 10 12 1 1 7 1 10 12 1 10 12 1 1 100 1 10 12 1 1 7 1 10 7 1 10 10 12 1 1 10 12 1 1 9 7 12 1 1 1 10 7 12 1 1 1 8 1 10 12 1 1 100 1 7 1 10 8 1 10 12 1 1 10 12 1 10 12 1 10 12 1 1 7 1 10 12 1 9 12 1 1 8 1 10 7 12 1 1 1 11 7 12 1 1 1 11 7 12 1 1 1 11 12 1 9 7 12 1 1 1 11 7 1 10 12 1 1 11 12 1 1 10 12 1 1 10 12 1 1 8 1 7 1 11 12 1 11 12 10 12 1 1 8 1 10 12 8 1 10 12 1 1 9 12 1 1 8 1 10 7 12 1 1 8 1 11 8 1 10 12 1 1 10 100 12 1 1 1 10 12 1 1 100 1 9 12 1 10 12 1 8 1 8 1 8 1 10 12 1 10 12 1 8 1 11 12 1 8 1 7 1 8 1 8 1 10 10 12 1 8 1 10 10 8 1 10 12 1 1 11 7 12 1 1 10 12 1 10 7 12 1 1 1 10 7 12 1 1 1 10 7 12 1 1 1 8 1 8 1 10 100 12 1 1 1 10 12 1 1 8 1 10 12 10 12 1 1 8 1 8 1 10 100 1 8 1 10 12 1 1 10 9 12 1 10 12 1 1 8 1 10 100 12 1 1 8 1 10 8 1 8 1 8 1 8 1 10 12 1 10 12 1 8 1 8 1 10 12 1 8 1 8 1 8 1 8 1 8 1 8 1 8 1 8 1 10 12 1 1 10 12 1 1 7 1 10 7 1 10 12 1 1 10 12 1 10 8 1 10 12 1 10 12 1 10 12 1 1 7 1 10 10 12 1 1 10 12 1 1 10 7 1 10 12 1 10 12 1 1 10 10 7 12 1 1 1 8 1 3 10 7 12 1 1 1 10 12 1 3 8 1 10 12 1 8 1 10 12 1 8 1 8 1 10 12 1 9 12 1 1 1 1 1 1 1 1 1 1 1 1 1 1 1 1 1 1 1 1 100 7 1 1 100 1 100 1 1 1 1 1 1 1 1 1 1 1 1 1 1 1 1 1 1 1 1 1 1 1 1 1 1 1 1 1 1 1 1 1 1 1 1 1 1 1 1 1 1 1 1 100 1 1 1 1 1 1 1 1 1 1 1 1 1 1 1 1 1 1 1 1 1 1 1 1 1 1 1 1 1 1 1 100 1 1 1 1 1 1 1 1 1 1 1 1 1 1 1 1 1
staticfield sun/security/util/SignatureFileVerifier debug Lsun/security/util/Debug; 
staticfield sun/security/util/SignatureFileVerifier ATTR_DIGEST Ljava/lang/String; "-DIGEST-MANIFEST-MAIN-ATTRIBUTES"
staticfield sun/security/util/SignatureFileVerifier MAX_SIG_FILE_SIZE I 16000000
ciInstanceKlass java/util/jar/JavaUtilJarAccessImpl 1 1 54 10 7 12 1 1 1 10 7 12 1 1 1 10 7 12 1 1 1 10 12 1 10 12 1 10 12 1 1 100 1 100 1 1 1 1 1 1 1 1 1 1 1 100 1 1 1 1 1 1 1 1 1 1
ciMethod java/util/jar/JavaUtilJarAccessImpl getTrustedAttributes (Ljava/util/jar/Manifest;Ljava/lang/String;)Ljava/util/jar/Attributes; 786 0 5378 0 0
ciMethod java/util/jar/JavaUtilJarAccessImpl ensureInitialization (Ljava/util/jar/JarFile;)V 746 0 5122 0 0
ciInstanceKlass java/util/zip/ZipFile$CleanableResource 1 1 167 100 1 10 7 12 1 1 1 10 7 12 1 1 1 10 7 12 1 1 1 9 7 12 1 1 1 7 1 10 10 7 12 1 1 1 9 12 1 1 7 1 10 9 12 1 1 10 7 12 1 1 1 9 12 1 1 11 7 12 1 1 11 7 12 1 1 1 7 1 10 12 1 10 12 1 11 12 1 1 10 12 1 11 7 12 1 1 1 100 1 11 12 1 1 100 1 11 12 1 10 12 1 100 1 10 12 1 1 10 12 1 1 100 1 10 12 1 100 1 1 1 1 1 1 1 1 1 1 1 1 1 1 1 1 1 1 1 100 1 100 1 1 1 1 1 1 100 1 1 1 1 1 1 1 1 1 1 1 1 1 1 1 1 1 1 1
ciInstanceKlass java/util/zip/ZipFile$Source 1 1 688 100 1 100 1 7 1 7 1 9 7 12 1 1 1 10 12 1 1 5 0 8 1 10 12 1 1 10 12 1 1 10 12 1 8 1 7 1 10 12 1 1 8 1 10 12 1 1 10 12 1 8 1 10 12 1 1 10 12 1 8 1 10 12 1 9 12 1 1 8 1 10 12 1 1 10 12 1 1 10 7 12 1 1 1 3 9 12 1 1 9 12 1 1 9 12 1 10 12 1 10 12 1 7 1 8 1 3 8 1 8 1 7 1 10 12 1 8 1 7 1 10 12 1 1 10 7 12 1 1 1 10 12 1 10 12 1 10 12 1 1 5 0 8 1 10 12 1 1 10 12 1 8 1 8 1 7 1 9 12 1 1 10 7 12 1 1 10 7 12 1 1 7 1 7 1 10 7 12 1 1 1 10 12 1 100 1 100 1 10 12 1 9 12 1 1 10 7 12 1 1 1 9 12 1 10 12 1 10 12 1 1 10 12 1 9 12 1 1 10 12 1 10 9 12 1 9 12 1 9 12 1 1 10 100 12 1 1 1 10 7 12 1 1 1 9 12 1 1 8 1 11 100 12 1 1 1 9 12 1 1 7 1 10 12 1 10 12 1 10 12 1 1 10 12 1 1 10 12 1 1 5 0 9 12 1 10 9 12 1 9 12 1 9 12 1 10 12 1 1 10 7 12 1 1 1 10 12 1 1 10 12 1 10 12 1 1 8 1 7 1 10 5 0 10 7 12 1 1 1 8 1 10 12 1 1 10 12 1 1 9 12 1 10 12 1 9 12 1 1 10 12 1 9 12 1 9 12 1 10 12 1 5 0 10 12 1 9 12 1 8 1 5 0 5 0 10 12 1 5 0 10 12 1 10 12 1 10 12 1 100 1 10 12 10 12 1 1 9 12 1 9 12 1 8 1 8 1 5 0 8 1 8 1 10 12 1 10 12 1 10 12 1 10 12 1 1 10 12 1 1 10 12 1 7 1 10 12 10 12 1 1 10 12 1 7 1 10 11 7 1 10 12 1 1 10 12 1 1 10 12 1 10 12 1 11 11 12 1 1 11 7 12 1 1 11 12 1 1 10 12 1 1 10 12 1 1 10 12 1 9 7 12 1 1 10 12 1 1 10 7 12 1 1 10 12 1 10 12 1 9 12 1 1 9 12 1 9 100 12 1 1 1 10 12 1 9 100 12 1 1 1 10 12 1 1 10 100 12 1 1 1 100 1 10 10 12 1 10 7 12 1 1 10 12 1 1 9 12 1 1 10 10 7 12 1 1 1 1 1 3 1 1 1 3 1 1 1 3 1 1 1 1 1 1 1 1 1 1 1 1 1 1 1 1 1 1 1 1 100 1 1 1 1 1 1 1 1 1 1 1 1 1 1 1 1 1 1 7 1 1 1 1 1 1 1 1 1 1 1 1 1 1 1 1 1 1 1 1 1 1 1 1 1 1 1 1 1 1 1 1 1 1 1 1 1 1 1 1 1 100 1 1 1 1 1 1 1 1 1 1 1 1 1 1 1 1 1 1 1 1 1 1 1 1 100 1 1
staticfield java/util/zip/ZipFile$Source JUJA Ljdk/internal/access/JavaUtilJarAccess; java/util/jar/JavaUtilJarAccessImpl
staticfield java/util/zip/ZipFile$Source EMPTY_META_VERSIONS [I 0
staticfield java/util/zip/ZipFile$Source files Ljava/util/HashMap; java/util/HashMap
staticfield java/util/zip/ZipFile$Source builtInFS Ljava/nio/file/FileSystem; sun/nio/fs/WindowsFileSystem
staticfield java/util/zip/ZipFile$Source $assertionsDisabled Z 1
ciMethod java/util/zip/ZipFile$Source getEntryPos (Ljava/lang/String;Z)I 512 726 8414 0 -1
ciInstanceKlass java/util/zip/ZipFile$ZipFileInputStream 1 1 180 100 1 100 1 9 7 12 1 1 1 10 7 12 1 1 1 10 7 12 1 1 1 9 12 1 1 10 12 1 9 12 1 10 12 1 9 12 1 5 0 10 12 1 1 9 7 12 1 1 1 9 7 12 1 1 1 9 7 12 1 1 10 12 1 1 10 12 1 10 12 1 10 12 1 10 12 1 1 100 1 8 1 10 12 1 10 12 1 1 5 0 8 1 10 12 1 1 10 12 1 9 12 1 10 12 1 10 12 1 1 10 12 1 10 12 1 10 12 1 1 7 1 5 0 3 9 12 1 1 9 12 1 1 11 7 12 1 1 1 1 1 1 1 1 1 1 1 1 1 1 100 1 1 1 1 1 1 1 1 100 1 1 7 1 7 1 1 1 1 1 1 1 1 1 1 1 1 1 1
ciMethod java/util/zip/ZipFile$ZipFileInputStream <init> (Ljava/util/zip/ZipFile;[BI)V 774 0 5587 0 -1
ciInstanceKlass java/util/zip/ZipFile$ZipFileInflaterInputStream 1 1 155 10 7 12 1 1 1 10 7 12 1 1 1 9 12 1 1 10 7 12 1 1 9 12 1 1 10 7 12 1 1 1 7 1 10 12 1 10 7 12 1 1 1 9 12 1 1 9 12 1 10 12 1 1 9 7 12 1 1 1 9 12 1 1 11 7 12 1 1 1 11 7 12 1 1 100 1 8 1 10 12 1 9 12 1 1 9 12 1 1 10 7 12 1 1 1 9 12 1 1 9 12 1 1 10 7 12 1 1 1 7 1 10 12 1 1 10 12 1 7 1 5 0 3 1 1 1 1 1 1 1 1 1 1 7 1 7 1 1 100 1 1 1 1 1 1 1 1 1 1 1 1 1 1 1
instanceKlass jdk/nio/zipfs/ZipFileSystem$2
instanceKlass java/util/zip/GZIPInputStream
instanceKlass java/util/zip/ZipFile$ZipFileInflaterInputStream
ciInstanceKlass java/util/zip/InflaterInputStream 1 1 180 9 7 12 1 1 1 100 1 8 1 10 12 1 1 10 7 12 1 1 9 12 1 9 12 1 9 12 1 1 100 1 10 12 1 100 1 8 1 10 9 12 1 1 9 12 1 10 12 1 7 1 10 10 12 1 10 12 1 10 12 1 1 10 7 12 1 1 1 10 7 12 1 1 1 10 12 1 1 10 12 1 10 12 1 10 12 1 10 12 1 10 12 1 100 1 10 12 1 1 100 1 8 1 10 8 1 7 1 5 0 10 100 12 1 1 1 10 12 1 10 12 1 9 12 1 1 10 7 12 1 1 10 9 12 1 1 100 1 8 1 10 10 12 1 1 8 1 1 1 1 1 1 1 1 1 1 1 1 1 1 1 1 1 100 7 1 1 1 1 1 1 1 1 1 1 1 1 1 1
ciMethod java/util/zip/InflaterInputStream close ()V 334 0 6245 0 -1
ciMethod java/util/zip/ZipFile$ZipFileInflaterInputStream close ()V 512 0 6498 0 4176
ciMethod java/util/zip/ZipFile$ZipFileInflaterInputStream <init> (Ljava/util/zip/ZipFile;Ljava/util/zip/ZipFile$ZipFileInputStream;Ljava/util/zip/ZipFile$CleanableResource;I)V 776 0 5587 0 -1
ciInstanceKlass java/util/zip/ZipFile$1 1 1 101 10 7 12 1 1 1 9 7 12 1 1 1 9 100 12 1 1 1 9 100 12 1 1 1 10 12 1 1 10 12 1 1 10 12 1 1 10 12 1 1 10 12 1 1 10 12 1 1 10 12 1 9 100 12 1 1 1 100 1 100 1 1 1 1 1 1 1 1 1 1 1 1 1 1 1 1 1 1 1 1 1 1 1 1 1 1 1 1 1 1 1 1 1 1 1 1 1 1 1 1
ciMethod java/util/zip/ZipFile$1 getManifestNum (Ljava/util/jar/JarFile;)I 20 0 191 0 0
ciMethod java/util/zip/ZipFile$1 getManifestName (Ljava/util/jar/JarFile;Z)Ljava/lang/String; 432 0 822 0 0
ciInstanceKlass java/util/zip/ZipFile$Source$Key 1 1 84 10 7 12 1 1 1 9 7 12 1 1 1 9 12 1 1 10 7 12 1 1 1 9 12 1 1 100 1 5 0 11 7 12 1 1 1 10 7 12 1 1 1 10 7 12 1 1 1 10 12 1 1 11 12 1 1 10 10 1 1 1 1 1 1 1 1 1 1 1 1 1 1 1 1 1 1 100 1 1 100 1 1 1
ciInstanceKlass sun/nio/ByteBuffered 0 0 12 100 1 100 1 1 1 1 100 1 1 1
ciMethod sun/nio/ByteBuffered getByteBuffer ()Ljava/nio/ByteBuffer; 0 0 1 0 -1
ciInstanceKlass jdk/internal/perf/PerfCounter$CoreCounters 1 1 57 10 7 12 1 1 1 8 1 10 7 12 1 1 1 9 7 12 1 1 1 8 1 9 12 1 8 1 9 12 1 8 1 9 12 1 8 1 9 12 1 8 1 9 12 1 1 1 1 1 1 1 1 1 1 1 1
staticfield jdk/internal/perf/PerfCounter$CoreCounters pdt Ljdk/internal/perf/PerfCounter; jdk/internal/perf/PerfCounter
staticfield jdk/internal/perf/PerfCounter$CoreCounters lc Ljdk/internal/perf/PerfCounter; jdk/internal/perf/PerfCounter
staticfield jdk/internal/perf/PerfCounter$CoreCounters lct Ljdk/internal/perf/PerfCounter; jdk/internal/perf/PerfCounter
staticfield jdk/internal/perf/PerfCounter$CoreCounters rcbt Ljdk/internal/perf/PerfCounter; jdk/internal/perf/PerfCounter
staticfield jdk/internal/perf/PerfCounter$CoreCounters zfc Ljdk/internal/perf/PerfCounter; jdk/internal/perf/PerfCounter
staticfield jdk/internal/perf/PerfCounter$CoreCounters zfot Ljdk/internal/perf/PerfCounter; jdk/internal/perf/PerfCounter
ciInstanceKlass jdk/internal/util/StrongReferenceKey 1 1 82 10 7 12 1 1 1 9 7 12 1 1 1 7 1 11 12 1 1 10 10 7 12 1 1 1 10 12 1 1 7 1 10 10 12 1 1 10 7 12 1 1 1 10 12 1 1 8 1 10 7 12 1 1 1 10 12 1 10 12 1 1 1 1 1 1 1 1 1 1 1 1 1 1 1 1 1 1 1 1 1 1
ciMethod java/util/Set add (Ljava/lang/Object;)Z 0 0 1 0 -1
ciMethod java/util/HashMap calculateHashMapCapacity (I)I 514 0 6052 0 0
ciMethod java/util/HashMap getNode (Ljava/lang/Object;)Ljava/util/HashMap$Node; 810 42 21758 0 648
ciMethod java/util/HashMap tableSizeFor (I)I 602 0 11539 0 0
ciMethod java/util/HashMap hash (Ljava/lang/Object;)I 534 0 78312 0 216
ciMethod java/util/HashMap <init> ()V 1024 0 9088 0 0
ciMethod java/util/HashMap <init> (IF)V 512 0 9568 0 304
ciMethod java/util/HashMap <init> (I)V 514 0 11152 0 0
ciMethod java/util/concurrent/ConcurrentHashMap setTabAt ([Ljava/util/concurrent/ConcurrentHashMap$Node;ILjava/util/concurrent/ConcurrentHashMap$Node;)V 598 0 6103 0 -1
ciMethod java/util/concurrent/ConcurrentHashMap addCount (JI)V 534 0 7339 0 -1
ciMethod java/util/concurrent/ConcurrentHashMap treeifyBin ([Ljava/util/concurrent/ConcurrentHashMap$Node;I)V 0 0 1 0 -1
ciMethod java/util/concurrent/ConcurrentHashMap helpTransfer ([Ljava/util/concurrent/ConcurrentHashMap$Node;Ljava/util/concurrent/ConcurrentHashMap$Node;)[Ljava/util/concurrent/ConcurrentHashMap$Node; 0 0 1 0 -1
ciMethod java/util/concurrent/ConcurrentHashMap casTabAt ([Ljava/util/concurrent/ConcurrentHashMap$Node;ILjava/util/concurrent/ConcurrentHashMap$Node;Ljava/util/concurrent/ConcurrentHashMap$Node;)Z 512 0 1323 0 -1
ciMethod java/util/concurrent/ConcurrentHashMap initTable ()[Ljava/util/concurrent/ConcurrentHashMap$Node; 22 0 1831 0 -1
ciMethod java/util/concurrent/ConcurrentHashMap tabAt ([Ljava/util/concurrent/ConcurrentHashMap$Node;I)Ljava/util/concurrent/ConcurrentHashMap$Node; 708 0 5829 0 96
ciMethod java/util/concurrent/ConcurrentHashMap spread (I)I 774 0 30512 0 96
ciMethod java/util/AbstractMap <init> ()V 1024 0 22250 0 80
ciMethod java/lang/RuntimeException <init> (Ljava/lang/Throwable;)V 0 0 1 0 0
ciMethod jdk/internal/util/Preconditions outOfBoundsCheckFromToIndex (Ljava/util/function/BiFunction;III)Ljava/lang/RuntimeException; 0 0 1 0 -1
ciMethod jdk/internal/util/Preconditions checkFromToIndex (IIILjava/util/function/BiFunction;)I 548 0 24516 0 0
ciMethod java/lang/Integer numberOfLeadingZeros (I)I 32 0 5358 0 -1
ciMethod java/lang/OutOfMemoryError <init> (Ljava/lang/String;)V 0 0 1 0 -1
ciMethod java/util/Arrays checkLength (II)V 612 0 14440 0 -1
ciMethod java/util/Arrays copyOfRangeByte ([BII)[B 612 0 14337 0 -1
ciMethod java/util/Arrays copyOfRange ([BII)[B 788 0 17827 0 1000
ciMethod java/util/Arrays copyOf ([BI)[B 216 0 5238 0 -1
ciMethod java/lang/StringConcatHelper stringOf (Ljava/lang/Object;)Ljava/lang/String; 512 0 33534 0 0
ciMethod java/lang/StringConcatHelper checkOverflow (J)J 516 0 33531 0 0
ciMethod java/lang/StringConcatHelper initialCoder ()J 514 0 16608 0 0
ciMethod java/lang/StringConcatHelper prepend (J[BLjava/lang/String;)J 772 0 5534 0 368
ciMethod java/lang/StringConcatHelper mix (JLjava/lang/String;)J 512 0 33531 0 0
ciMethod java/lang/StringConcatHelper simpleConcat (Ljava/lang/Object;Ljava/lang/Object;)Ljava/lang/String; 514 0 16610 0 -1
ciMethod java/lang/StringConcatHelper newString ([BJ)Ljava/lang/String; 514 0 5385 0 240
ciMethod java/lang/StringConcatHelper newArray (J)[B 442 0 24013 0 -1
ciMethod jdk/internal/util/ArraysSupport vectorizedHashCode (Ljava/lang/Object;IIII)I 1024 0 13528 0 -1
ciMethod java/lang/Math ceil (D)D 512 0 6714 0 -1
ciMethod java/lang/Math max (II)I 774 0 191503 0 -1
ciMethod java/lang/Math min (II)I 516 0 76767 0 -1
ciMethod java/lang/Math min (FF)F 522 0 958 0 -1
ciMethod java/lang/Thread interrupted ()Z 512 0 11159 0 -1
ciMethod java/lang/Thread currentThread ()Ljava/lang/Thread; 0 0 1 0 -1
ciMethod java/lang/ClassLoader getDefinedPackage (Ljava/lang/String;)Ljava/lang/Package; 618 0 5376 0 0
ciMethod java/lang/ClassLoader defineClass (Ljava/lang/String;[BIILjava/security/ProtectionDomain;)Ljava/lang/Class; 1004 0 6017 0 -1
ciMethod jdk/internal/misc/Unsafe allocateUninitializedArray (Ljava/lang/Class;I)Ljava/lang/Object; 442 0 5528 0 352
ciMethod jdk/internal/misc/Unsafe getReferenceAcquire (Ljava/lang/Object;J)Ljava/lang/Object; 722 0 5829 0 -1
ciMethod jdk/internal/misc/Unsafe allocateUninitializedArray0 (Ljava/lang/Class;I)Ljava/lang/Object; 512 0 5487 0 -1
ciMethod jdk/internal/misc/Unsafe allocateInstance (Ljava/lang/Class;)Ljava/lang/Object; 256 0 128 0 -1
ciMethod java/io/InputStream close ()V 0 0 1 0 -1
ciMethod java/io/InputStream <init> ()V 516 0 12006 0 80
ciMethod java/io/InputStream read ([BII)I 2 514 1 0 -1
ciMethod java/util/Iterator next ()Ljava/lang/Object; 0 0 1 0 -1
ciMethod java/util/Iterator hasNext ()Z 0 0 1 0 -1
ciMethod java/util/Set remove (Ljava/lang/Object;)Z 0 0 1 0 -1
ciMethod java/lang/InternalError <init> (Ljava/lang/String;)V 2 0 1 0 -1
ciMethod java/lang/String concat (Ljava/lang/String;)Ljava/lang/String; 514 0 16424 0 0
ciMethod java/lang/String equalsIgnoreCase (Ljava/lang/String;)Z 186 0 6261 0 208
ciMethod java/lang/String replace (CC)Ljava/lang/String; 512 0 5595 0 1248
ciMethod java/lang/String substring (II)Ljava/lang/String; 776 0 11737 0 1448
ciMethod java/lang/String lastIndexOf (II)I 512 0 46782 0 0
ciMethod java/lang/String lastIndexOf (I)I 512 0 42062 0 440
ciMethod java/lang/String regionMatches (ZILjava/lang/String;II)Z 514 0 9588 0 0
ciMethod java/lang/String regionMatches (ILjava/lang/String;II)Z 0 0 33 0 -1
ciMethod java/lang/String getBytes ([BIB)V 782 0 6091 0 264
ciMethod java/lang/String checkBoundsBeginEnd (III)V 768 0 17507 0 0
ciMethod java/lang/String isLatin1 ()Z 1024 0 1277592 0 88
ciMethod java/lang/String coder ()B 1024 0 680578 0 88
ciMethod java/lang/String <init> (Ljava/lang/String;)V 0 0 3 0 0
ciMethod java/lang/String <init> ([BB)V 774 0 20499 0 120
ciMethod java/lang/String <init> ([BLjava/nio/charset/Charset;)V 138 0 6075 0 -1
ciMethod java/util/Hashtable get (Ljava/lang/Object;)Ljava/lang/Object; 512 0 3578 0 -1
ciMethod java/util/Hashtable <init> ()V 514 0 743 0 0
ciMethod java/util/Hashtable <init> (I)V 394 0 197 0 0
ciMethod java/util/Hashtable <init> (IF)V 520 0 940 0 0
ciMethod java/util/Dictionary <init> ()V 556 0 1229 0 0
ciMethod java/lang/Exception <init> (Ljava/lang/Throwable;)V 0 0 1 0 -1
ciMethod java/lang/Throwable addSuppressed (Ljava/lang/Throwable;)V 0 0 1 0 0
ciMethod java/io/OutputStream <init> ()V 512 0 8478 0 80
ciMethod java/lang/StringBuilder append (I)Ljava/lang/StringBuilder; 8 0 20685 0 -1
ciMethod java/lang/StringBuilder append (Ljava/lang/String;)Ljava/lang/StringBuilder; 12 0 197307 0 -1
ciMethod java/lang/StringBuilder append (Ljava/lang/Object;)Ljava/lang/StringBuilder; 380 0 923 0 -1
ciMethod java/lang/StringBuilder <init> ()V 10 0 57705 0 -1
ciMethod java/util/Map put (Ljava/lang/Object;Ljava/lang/Object;)Ljava/lang/Object; 0 0 1 0 -1
ciMethod java/util/Map get (Ljava/lang/Object;)Ljava/lang/Object; 0 0 1 0 -1
ciMethod java/security/CodeSource <init> (Ljava/net/URL;[Ljava/security/CodeSigner;)V 746 0 5505 0 456
ciMethod jdk/internal/access/SharedSecrets javaUtilJarAccess ()Ljdk/internal/access/JavaUtilJarAccess; 522 0 10862 0 0
ciMethod jdk/internal/access/SharedSecrets ensureClassInitialized (Ljava/lang/Class;)V 8 0 4 0 -1
ciMethod java/lang/Object <init> ()V 1024 0 700899 0 136
ciInstanceKlass org/gradle/internal/classloader/ClassLoaderHierarchy 1 0 9 100 100 1 1 1 1 1 1
instanceKlass org/gradle/internal/classloader/VisitableURLClassLoader$InstrumentingVisitableURLClassLoader
ciInstanceKlass org/gradle/internal/classloader/VisitableURLClassLoader 1 1 205 9 11 11 10 11 11 100 11 100 10 11 7 100 100 100 10 8 10 8 10 10 10 7 10 9 10 10 10 8 8 10 100 10 10 10 10 10 10 100 10 7 10 10 100 7 100 1 1 1 1 1 1 1 1 1 1 1 1 1 1 1 1 1 1 1 1 1 1 1 1 1 1 1 1 1 1 1 1 1 1 1 1 1 100 7 7 1 1 1 1 1 1 1 1 1 1 1 1 1 1 1 1 1 1 1 1 12 100 12 12 100 12 100 12 12 1 100 12 12 12 1 1 1 1 12 1 12 1 12 12 12 1 12 12 100 12 100 12 1 1 12 1 100 12 12 100 12 12 12 12 1 12 1 12 12 1 1 1 1 1 1 1 1 1 1 1 1 1 1 1 1 1 1 1 1 1 1 1 1 1 1 1 1 1 1 1 1 1 1 1 1 1 1 1 1 1 1 1 1 1 1 1 1 1
ciInstanceKlass java/util/jar/JarFile$ThreadTrackHolder 1 1 29 10 100 12 1 1 1 7 1 10 9 7 12 1 1 1 1 1 1 1 1 1 1 1 1 100 1 1 1
staticfield java/util/jar/JarFile$ThreadTrackHolder TRACKER Ljdk/internal/misc/ThreadTracker; jdk/internal/misc/ThreadTracker
ciInstanceKlass jdk/internal/misc/ThreadTracker 1 1 88 10 7 12 1 1 1 10 7 12 1 1 1 9 7 12 1 1 1 7 1 10 7 12 1 1 1 10 12 1 11 7 12 1 1 1 9 12 1 1 100 1 10 10 12 1 11 12 1 11 12 1 10 7 12 1 1 1 1 1 1 1 1 1 1 1 1 1 1 1 1 1 1 1 1 1 1 1 1 1 1 1 1 1 100 1 1 1
staticfield jdk/internal/misc/ThreadTracker $assertionsDisabled Z 1
ciInstanceKlass sun/security/util/ManifestEntryVerifier 1 1 379 10 7 12 1 1 1 9 7 12 1 1 1 9 12 1 1 9 12 1 1 7 1 10 12 1 9 12 1 1 7 1 10 9 12 1 1 9 12 1 9 12 1 9 12 1 1 10 12 1 9 12 1 1 10 7 12 1 1 1 7 1 10 8 1 10 12 1 1 10 12 1 1 8 1 10 7 12 1 1 1 11 7 12 1 1 1 11 7 12 1 1 1 11 12 1 1 7 1 11 12 1 10 9 7 12 1 1 1 10 7 12 1 1 1 8 1 10 12 1 1 10 12 1 1 10 12 1 1 10 12 1 1 7 1 9 7 12 1 1 1 10 12 1 1 10 12 1 1 100 1 10 12 1 10 12 1 1 10 7 12 1 1 1 11 12 1 10 7 12 1 1 1 10 12 1 10 12 1 10 12 1 1 10 12 1 10 12 1 100 1 8 1 10 12 1 10 7 1 7 10 12 1 1 10 12 1 11 7 1 7 1 7 1 10 12 1 10 12 1 1 9 12 1 1 11 9 12 1 10 12 1 7 1 10 12 1 1 9 12 1 1 8 1 8 1 10 7 12 1 1 8 1 10 100 12 1 1 1 10 12 1 1 8 1 10 12 10 12 1 1 8 1 10 12 1 10 10 100 1 8 1 8 1 10 12 1 1 10 7 12 1 1 1 10 12 1 1 100 1 8 1 10 12 1 8 1 10 12 1 1 1 1 1 1 1 1 1 1 1 1 1 1 1 1 1 1 1 1 1 1 1 100 1 1 100 1 1 1 1 1 1 1 1 1 1 1 1 1 1 1 1 1 1 1 1 1 1 1 1 1 1 1 1 100 1 1 1 1 1 1 1 1 1 1 1 1 1 1
staticfield sun/security/util/ManifestEntryVerifier debug Lsun/security/util/Debug; 
instanceKlass groovy/lang/GroovyClassLoader
instanceKlass org/gradle/internal/classloader/VisitableURLClassLoader
instanceKlass org/gradle/internal/classloader/VisitableURLClassLoader
ciInstanceKlass java/net/URLClassLoader 1 1 600 10 7 12 1 1 1 7 1 10 12 1 9 7 12 1 1 1 10 7 12 1 1 1 9 12 1 1 7 1 10 12 1 9 12 1 1 10 12 1 10 10 12 1 10 7 12 1 1 1 10 12 1 1 10 7 12 1 1 1 10 7 12 1 1 1 7 1 10 12 1 1 10 12 1 1 10 12 1 1 100 1 100 1 10 7 12 1 1 1 100 1 8 1 10 12 1 10 100 12 1 1 1 10 12 1 1 10 12 1 1 11 7 12 1 1 1 11 7 12 1 1 1 11 12 1 1 100 1 11 12 1 11 7 12 1 1 10 12 1 11 12 1 11 12 1 1 11 10 12 1 1 10 12 1 1 10 12 1 1 7 1 10 12 1 10 12 1 1 7 1 100 1 10 12 1 1 7 1 10 10 12 1 1 10 7 12 1 1 10 12 1 100 1 7 1 10 8 1 10 12 1 1 8 1 10 12 1 1 10 10 12 1 8 1 8 1 10 12 1 1 10 7 12 1 1 1 10 7 12 1 1 1 10 12 1 1 10 12 1 1 10 12 1 1 10 12 1 10 12 1 100 1 100 1 8 1 10 12 1 10 12 1 1 10 12 1 1 7 1 10 12 1 10 7 12 1 1 1 10 12 1 1 10 12 1 1 10 12 1 1 10 12 1 10 7 12 1 1 1 10 12 1 1 8 1 10 12 1 1 11 7 12 1 1 1 9 7 12 1 1 1 10 7 12 1 1 1 9 12 1 9 12 1 9 12 1 9 12 1 9 12 1 9 12 1 10 7 12 1 1 1 8 1 10 12 1 1 7 1 10 10 12 1 10 12 1 1 10 12 1 1 7 1 10 12 1 10 12 1 1 10 12 1 10 12 1 1 7 1 10 7 12 1 1 9 7 12 1 1 1 10 12 1 8 1 100 1 8 1 10 12 1 10 12 1 8 1 10 12 1 10 12 1 9 12 1 1 10 100 12 1 1 10 12 1 10 12 1 10 100 1 8 1 10 100 1 10 12 1 10 7 12 1 100 1 10 12 1 10 12 1 100 1 10 10 7 12 1 1 1 1 1 1 1 1 1 1 1 1 1 1 1 1 1 1 1 1 1 1 1 1 1 1 1 1 1 1 1 1 1 1 1 1 1 100 1 100 1 100 1 100 1 1 1 1 1 1 1 1 1 1 1 1 1 1 1 1 1 1 1 1 1 1 1 1 1 1 1 1 1 1 1 1 1 1 1 1 1 1 1 1 1 1 1 1 1 1 100 1 1 1 1 1 1 1 1 1 1 1 1 1 1 1 1 1 1 1 1 1 1 1 1 1 1 1 1 1 1 1 1 1 1 1 1 1 100 1 1 1
instanceKlass java/util/InvalidPropertiesFormatException
instanceKlass org/gradle/internal/resource/transport/http/HttpClientHelper$FailureFromRedirectLocation
instanceKlass javax/net/ssl/SSLException
instanceKlass java/io/InterruptedIOException
instanceKlass com/google/common/io/BaseEncoding$DecodingException
instanceKlass java/nio/charset/CharacterCodingException
instanceKlass java/io/UnsupportedEncodingException
instanceKlass java/nio/file/FileSystemException
instanceKlass com/fasterxml/jackson/core/JacksonException
instanceKlass org/apache/commons/io/FileExistsException
instanceKlass java/nio/channels/ClosedChannelException
instanceKlass java/io/FileNotFoundException
instanceKlass java/net/SocketException
instanceKlass java/io/ObjectStreamException
instanceKlass java/net/UnknownHostException
instanceKlass java/io/EOFException
instanceKlass java/util/zip/ZipException
instanceKlass java/net/MalformedURLException
ciInstanceKlass java/io/IOException 1 1 34 10 7 12 1 1 1 10 12 1 10 12 1 10 12 1 100 1 1 1 1 5 0 1 1 1 1 1 1 1 1 1 1 1
instanceKlass java/nio/file/ClosedDirectoryStreamException
instanceKlass java/nio/file/ClosedFileSystemException
instanceKlass java/util/concurrent/CancellationException
instanceKlass org/gradle/api/internal/DefaultMutationGuard$IllegalMutationException
instanceKlass org/gradle/internal/enterprise/impl/legacy/UnsupportedBuildScanPluginVersionException
instanceKlass org/gradle/api/internal/provider/MissingValueException
instanceKlass java/nio/channels/ClosedSelectorException
instanceKlass java/nio/channels/OverlappingFileLockException
ciInstanceKlass java/lang/IllegalStateException 0 0 35 10 100 12 1 1 1 10 12 1 10 12 1 10 12 1 100 1 1 1 1 5 0 1 1 1 1 1 1 1 1 1 1 1 1
instanceKlass org/codehaus/groovy/runtime/powerassert/PowerAssertionError
instanceKlass org/codehaus/groovy/GroovyBugError
ciInstanceKlass java/lang/AssertionError 0 0 79 10 100 12 1 1 1 10 12 1 10 100 12 1 1 1 10 100 1 100 1 10 12 1 1 10 12 1 10 12 1 10 12 1 10 12 1 10 12 1 10 12 1 10 12 1 1 1 1 5 0 1 1 1 1 1 1 1 1 1 1 100 1 1 1 1 1 1 1 1 1 1 1 1 1 1 1 1 1
ciInstanceKlass java/util/zip/ZipException 0 0 26 10 100 12 1 1 1 10 12 1 100 1 1 1 1 5 0 1 1 1 1 1 1 1 1 1
ciInstanceKlass java/net/URLClassLoader$1 1 1 100 9 7 12 1 1 1 9 12 1 1 10 7 12 1 1 1 10 7 12 1 1 1 8 1 10 12 1 1 9 7 12 1 1 1 10 7 12 1 1 1 10 12 1 1 100 1 100 1 10 12 1 100 1 10 100 12 1 1 1 10 12 1 1 10 12 1 1 100 1 1 1 1 1 1 1 1 1 1 1 1 1 1 1 1 1 1 1 1 100 1 1 1 1 1 12 1 1 1 1
ciInstanceKlass java/io/EOFException 0 0 26 10 100 12 1 1 1 10 12 1 100 1 1 1 1 5 0 1 1 1 1 1 1 1 1 1
instanceKlass java/security/AccessControlException
ciInstanceKlass java/lang/SecurityException 0 0 35 10 100 12 1 1 1 10 12 1 10 12 1 10 12 1 100 1 1 1 1 5 0 1 1 1 1 1 1 1 1 1 1 1 1
ciInstanceKlass  @bci java/lang/ClassLoader definePackage (Ljava/lang/String;Ljava/lang/Module;)Ljava/lang/Package; 73 <appendix> member <vmtarget> ; 1 1 34 1 7 1 7 1 100 1 1 1 1 1 1 1 12 10 12 9 12 9 1 1 1 7 1 100 1 7 1 1 12 10 1 1
ciInstanceKlass org/gradle/initialization/MixInLegacyTypesClassLoader 1 1 212 9 7 12 1 1 1 9 12 1 1 9 12 1 9 12 1 9 12 1 9 12 1 9 12 1 9 12 1 9 12 1 9 12 1 9 12 1 9 12 1 9 12 1 9 12 1 9 12 1 8 1 10 7 12 1 1 1 9 12 1 1 10 12 1 11 7 12 1 1 1 11 7 12 1 1 1 11 12 1 1 11 12 1 7 1 10 12 1 7 1 10 12 1 7 1 10 12 1 10 12 1 1 10 12 1 1 7 1 10 7 12 1 1 1 7 1 7 1 7 1 7 1 7 1 9 12 1 7 1 9 12 1 10 12 1 1 9 12 1 10 7 12 1 1 1 100 1 1 1 8 1 1 1 1 1 1 1 1 1 1 1 1 1 1 1 1 1 1 1 1 1 1 1 1 1 1 1 1 1 1 1 1 1 1 1 1 1 1 1 1 1 1 1 1 1 1 1 1 1 1 1 1 1 1 1 1 1 1 100 1 1
staticfield org/gradle/initialization/MixInLegacyTypesClassLoader GROOVY_OBJECT_TYPE Lorg/objectweb/asm/Type; org/objectweb/asm/Type
staticfield org/gradle/initialization/MixInLegacyTypesClassLoader META_CLASS_REGISTRY_TYPE Lorg/objectweb/asm/Type; org/objectweb/asm/Type
staticfield org/gradle/initialization/MixInLegacyTypesClassLoader GROOVY_SYSTEM_TYPE Lorg/objectweb/asm/Type; org/objectweb/asm/Type
staticfield org/gradle/initialization/MixInLegacyTypesClassLoader META_CLASS_TYPE Lorg/objectweb/asm/Type; org/objectweb/asm/Type
staticfield org/gradle/initialization/MixInLegacyTypesClassLoader OBJECT_TYPE Lorg/objectweb/asm/Type; org/objectweb/asm/Type
staticfield org/gradle/initialization/MixInLegacyTypesClassLoader CLASS_TYPE Lorg/objectweb/asm/Type; org/objectweb/asm/Type
staticfield org/gradle/initialization/MixInLegacyTypesClassLoader STRING_TYPE Lorg/objectweb/asm/Type; org/objectweb/asm/Type
staticfield org/gradle/initialization/MixInLegacyTypesClassLoader RETURN_OBJECT_FROM_OBJECT_STRING_OBJECT Ljava/lang/String; "(Ljava/lang/Object;Ljava/lang/String;Ljava/lang/Object;)Ljava/lang/Object;"
staticfield org/gradle/initialization/MixInLegacyTypesClassLoader RETURN_OBJECT_FROM_STRING_OBJECT Ljava/lang/String; "(Ljava/lang/String;Ljava/lang/Object;)Ljava/lang/Object;"
staticfield org/gradle/initialization/MixInLegacyTypesClassLoader RETURN_OBJECT_FROM_STRING Ljava/lang/String; "(Ljava/lang/String;)Ljava/lang/Object;"
staticfield org/gradle/initialization/MixInLegacyTypesClassLoader RETURN_OBJECT_FROM_OBJECT_STRING Ljava/lang/String; "(Ljava/lang/Object;Ljava/lang/String;)Ljava/lang/Object;"
staticfield org/gradle/initialization/MixInLegacyTypesClassLoader RETURN_VOID_FROM_OBJECT_STRING_OBJECT Ljava/lang/String; "(Ljava/lang/Object;Ljava/lang/String;Ljava/lang/Object;)V"
staticfield org/gradle/initialization/MixInLegacyTypesClassLoader RETURN_VOID_FROM_STRING_OBJECT Ljava/lang/String; "(Ljava/lang/String;Ljava/lang/Object;)V"
staticfield org/gradle/initialization/MixInLegacyTypesClassLoader RETURN_META_CLASS_REGISTRY Ljava/lang/String; "()Lgroovy/lang/MetaClassRegistry;"
staticfield org/gradle/initialization/MixInLegacyTypesClassLoader RETURN_META_CLASS_FROM_CLASS Ljava/lang/String; "(Ljava/lang/Class;)Lgroovy/lang/MetaClass;"
staticfield org/gradle/initialization/MixInLegacyTypesClassLoader RETURN_META_CLASS Ljava/lang/String; "()Lgroovy/lang/MetaClass;"
staticfield org/gradle/initialization/MixInLegacyTypesClassLoader RETURN_CLASS Ljava/lang/String; "()Ljava/lang/Class;"
instanceKlass java/lang/reflect/GenericSignatureFormatError
instanceKlass java/lang/UnsupportedClassVersionError
ciInstanceKlass java/lang/ClassFormatError 0 0 26 10 100 12 1 1 1 10 12 1 100 1 1 1 1 5 0 1 1 1 1 1 1 1 1 1
ciInstanceKlass java/io/InterruptedIOException 0 0 30 10 100 12 1 1 1 9 100 12 1 1 1 10 12 1 1 1 1 5 0 1 1 1 1 1 1 1 1 1
ciInstanceKlass java/security/cert/CertificateFactory 1 1 155 10 7 12 1 1 1 9 7 12 1 1 1 9 12 1 1 9 12 1 1 8 1 10 7 12 1 1 1 8 1 7 1 10 7 12 1 1 1 9 7 12 1 1 1 9 10 12 1 100 1 100 1 100 1 10 10 12 1 1 8 1 10 12 1 1 10 12 1 10 12 1 10 12 1 10 12 1 1 10 7 12 1 1 1 10 12 1 1 10 12 1 1 10 12 1 10 12 1 10 12 1 1 10 12 1 1 10 12 1 1 1 1 1 1 1 1 1 1 1 1 1 1 100 1 1 1 1 1 1 1 1 1 1 1 1 1 1 1 1 1 1 1 1 1 1 1 100 1 1 1 1 1 1 1
ciInstanceKlass java/security/CodeSigner 1 1 121 10 7 12 1 1 1 9 7 12 1 1 1 100 1 10 9 12 1 1 9 12 1 1 10 100 12 1 1 1 10 100 1 10 12 1 1 10 12 1 1 10 12 1 1 10 100 1 10 8 1 10 12 1 1 8 1 10 12 1 1 11 100 12 1 1 1 10 12 1 8 1 8 1 10 12 1 1 10 100 12 1 1 100 1 8 1 10 12 1 100 1 1 1 1 5 0 1 1 1 1 1 1 1 1 1 1 1 1 1 1 1 1 1 1 100 1 100 1 1 1
ciInstanceKlass java/util/jar/JarVerifier$VerifierStream 1 1 107 10 7 12 1 1 1 10 7 12 1 1 1 9 7 12 1 1 1 9 12 1 1 7 1 9 7 12 1 1 1 10 12 1 9 12 1 1 10 12 1 1 10 7 12 1 1 1 9 12 1 1 10 12 1 1 10 12 1 10 12 1 1 10 12 1 10 12 1 10 12 1 10 12 1 100 1 8 1 10 12 1 1 1 1 1 1 1 1 1 1 1 1 100 1 1 1 1 1 1 1 1 1 1 1 1 1
ciInstanceKlass jdk/internal/loader/URLClassPath$FileLoader 1 1 130 10 7 12 1 1 1 10 7 12 1 1 1 9 7 12 1 1 1 10 7 12 1 1 1 10 7 12 1 1 1 10 12 1 10 12 1 1 9 7 12 1 1 1 10 12 1 1 8 1 10 12 1 9 12 1 1 10 12 1 1 10 100 12 1 1 10 12 1 1 10 12 1 1 10 7 12 1 1 8 1 10 12 1 1 10 12 1 10 12 1 10 12 1 1 7 1 10 12 1 100 1 1 1 1 1 1 1 1 1 1 1 100 1 1 1 1 1 1 1 1 1 1 1 1 1 1 1 1 1
ciInstanceKlass jdk/internal/loader/URLClassPath$FileLoader$1 1 1 71 9 7 12 1 1 1 9 12 1 1 9 12 1 1 9 12 1 1 10 7 12 1 1 1 10 7 12 1 1 1 7 1 10 12 1 10 7 12 1 1 1 1 1 1 1 1 1 1 1 1 1 1 1 1 1 100 1 1 1 1 1 1 12 1 1 1 100 1 1 1
ciMethodData java/lang/Object <init> ()V 2 700391 orig 80 1 0 0 0 0 0 0 0 0 0 0 0 0 0 0 0 0 0 0 0 0 0 0 0 0 0 0 0 0 0 0 0 0 0 0 0 0 0 0 0 0 0 0 0 0 0 0 0 0 0 0 0 0 0 0 0 0 0 0 0 0 0 0 0 0 0 0 0 0 0 0 0 0 0 0 0 0 0 0 0 data 4 0x0 0x9 0x1 0x0 oops 0 methods 0
ciMethodData java/lang/String isLatin1 ()Z 2 1277080 orig 80 0 0 0 0 0 0 0 0 0 0 0 0 0 0 0 0 0 0 0 0 0 0 0 0 0 0 0 0 0 0 0 0 0 0 0 0 0 0 0 1 0 0 0 0 0 0 0 0 0 0 0 0 0 0 0 0 0 0 0 0 0 0 0 0 0 0 0 0 0 0 0 0 0 0 0 0 0 0 0 0 data 18 0x30007 0x0 0x58 0x137c9b 0x80000006000a0007 0x7 0x38 0x137c92 0xe0003 0x137c95 0x18 0x0 0x0 0x0 0x0 0x9 0x1 0x0 oops 0 methods 0
ciMethodData java/lang/String hashCode ()I 2 13720 orig 80 1 0 0 0 0 0 0 0 0 0 0 0 0 0 0 0 0 0 0 0 0 0 0 0 0 0 0 0 0 0 0 0 0 0 0 0 0 0 0 0 0 0 0 0 0 0 0 0 0 0 0 0 0 0 0 0 0 0 0 0 0 0 0 0 0 0 0 0 0 0 0 0 0 0 0 0 0 0 0 0 data 42 0x60007 0x2b80 0x108 0xa19 0xd0007 0x4 0xe8 0xa15 0x110005 0xa15 0x0 0x0 0x0 0x0 0x0 0x140007 0x1 0x48 0xa15 0x1b0002 0xa15 0x1e0003 0xa15 0x28 0x250002 0x1 0x2a0007 0xa15 0x38 0x1 0x320003 0x1 0x18 0x0 0x0 0x0 0x0 0x0 0x0 0x9 0x1 0xe oops 0 methods 0
ciMethodData java/lang/StringLatin1 hashCode ([B)I 2 5190 orig 80 0 0 0 0 0 0 0 0 0 0 0 0 251 1 0 0 0 0 0 0 0 0 0 0 0 0 0 0 0 0 0 0 0 0 0 0 0 0 0 0 0 0 0 0 0 0 0 0 0 0 0 0 0 0 0 0 0 0 0 0 0 0 0 0 0 0 0 0 0 0 0 0 0 0 0 0 0 0 0 0 data 25 0x20008 0x6 0x1443 0x70 0x1 0x40 0x2 0x58 0x1d0003 0x1 0x40 0x270003 0x2 0x28 0x300002 0x1443 0x0 0x0 0x0 0x0 0x0 0x0 0x9 0x1 0xffffffffffffffff oops 0 methods 0
ciMethodData java/lang/StringUTF16 hashCode ([B)I 1 1 orig 80 0 0 0 0 0 0 0 0 0 0 0 0 251 1 0 0 0 0 0 0 0 0 0 0 0 0 0 0 0 0 0 0 0 0 0 0 0 0 0 0 0 0 0 0 0 0 0 0 0 0 0 0 0 0 0 0 0 0 0 0 0 0 0 0 0 0 0 0 0 0 0 0 0 0 0 0 0 0 0 0 data 27 0x20008 0x6 0x1 0x80 0x0 0x40 0x0 0x58 0x1d0003 0x0 0x50 0x220002 0x0 0x250003 0x0 0x28 0x300002 0x1 0x0 0x0 0x0 0x0 0x0 0x0 0x9 0x1 0xffffffffffffffff oops 0 methods 0
ciMethodData java/lang/String equals (Ljava/lang/Object;)Z 2 6858 orig 80 1 0 0 0 0 0 0 0 0 0 0 0 0 0 0 0 0 0 0 0 4 0 0 0 0 0 0 0 0 0 0 0 0 0 0 0 0 0 0 0 0 0 0 0 0 0 0 0 0 0 0 0 0 0 0 0 0 0 0 0 0 0 0 0 0 0 0 0 0 0 0 0 0 0 0 0 0 0 0 0 data 49 0x20007 0x17f1 0x20 0x2da 0x8000000400080104 0xfffffffffffffffc 0x0 0x1fbfd8f3898 0x17f0 0x1fbe4dde3e8 0x4 0xb0007 0x5 0xe0 0x17f0 0xf0004 0x0 0x0 0x1fbfd8f3898 0x17f0 0x0 0x0 0x160007 0x0 0x40 0x17f0 0x210007 0x0 0x68 0x17f0 0x2c0002 0x17f0 0x2f0007 0x169c 0x38 0x154 0x330003 0x154 0x18 0x0 0x0 0x0 0x0 0x0 0x0 0x9 0x2 0x0 0x0 oops 3 7 java/lang/String 9 java/io/File 18 java/lang/String methods 0
ciMethodData java/util/Objects requireNonNull (Ljava/lang/Object;)Ljava/lang/Object; 2 197422 orig 80 0 0 0 0 0 0 0 0 0 0 0 0 0 0 0 0 0 0 0 0 0 0 0 0 0 0 0 0 0 0 0 0 0 0 0 0 0 0 0 0 0 0 0 0 0 0 0 0 0 0 0 0 0 0 0 0 0 0 0 0 0 0 0 0 0 0 0 0 0 0 0 0 0 0 0 0 0 0 0 0 data 15 0x10007 0x3032f 0x30 0x0 0x80002 0x0 0x0 0x0 0x0 0x0 0x0 0x0 0x9 0x1 0x0 oops 0 methods 0
ciMethodData java/lang/String coder ()B 2 680069 orig 80 0 0 0 0 0 0 0 0 0 0 0 0 0 0 0 0 0 0 0 0 0 0 0 0 0 0 0 0 0 0 0 0 0 0 0 0 0 0 0 0 0 0 0 0 0 0 0 0 0 0 0 0 0 0 0 0 0 0 0 0 0 0 0 0 0 0 0 0 0 0 0 0 0 0 0 0 0 0 0 0 data 14 0x30007 0x0 0x38 0xa6085 0xa0003 0xa6084 0x18 0x0 0x0 0x0 0x0 0x9 0x1 0x0 oops 0 methods 0
ciMethodData java/lang/String length ()I 2 513477 orig 80 0 0 0 0 0 0 0 0 0 0 0 0 0 0 0 0 0 0 0 0 0 0 0 0 0 0 0 0 0 0 0 0 0 0 0 0 0 0 0 0 0 0 0 0 0 0 0 0 0 0 0 0 0 0 0 0 0 0 0 0 0 0 0 0 0 0 0 0 0 0 0 0 0 0 0 0 0 0 0 0 data 16 0x60005 0x7d5c6 0x0 0x0 0x0 0x0 0x0 0x0 0x0 0x0 0x0 0x0 0x0 0x9 0x1 0x0 oops 0 methods 0
ciMethodData java/util/AbstractCollection <init> ()V 2 58036 orig 80 0 0 0 0 0 0 0 0 0 0 0 0 251 1 0 0 0 0 0 0 0 0 0 0 0 0 0 0 0 0 0 0 0 0 0 0 0 0 0 0 0 0 0 0 0 0 0 0 0 0 0 0 0 0 0 0 0 0 0 0 0 0 0 0 0 0 0 0 0 0 0 0 0 0 0 0 0 0 0 0 data 7 0x10002 0xe2b4 0x0 0x0 0x9 0x1 0x0 oops 0 methods 0
ciMethodData java/util/concurrent/ConcurrentHashMap tabAt ([Ljava/util/concurrent/ConcurrentHashMap$Node;I)Ljava/util/concurrent/ConcurrentHashMap$Node; 2 5475 orig 80 0 0 0 0 0 0 0 0 0 0 0 0 251 1 0 0 0 0 0 0 0 0 0 0 0 0 0 0 0 0 0 0 0 0 0 0 0 0 0 0 0 0 0 0 0 0 0 0 0 0 0 0 0 0 0 0 0 0 0 0 0 0 0 0 0 0 0 0 0 0 0 0 0 0 0 0 0 0 0 0 data 27 0xf000b 0x1563 0x0 0x0 0x0 0x0 0x0 0x2 0x1 0x1fbe4df7f68 0x120104 0x0 0x0 0x1fbe4df7eb8 0x88c 0x1fbe4ddbe10 0x2a0 0x0 0x0 0x0 0x0 0x0 0x0 0x9 0x2 0x0 0x0 oops 3 9 [Ljava/util/concurrent/ConcurrentHashMap$Node; 13 java/util/concurrent/ConcurrentHashMap$Node 15 java/util/concurrent/ConcurrentHashMap$ForwardingNode methods 0
ciMethodData java/util/concurrent/ConcurrentHashMap spread (I)I 2 30126 orig 80 0 0 0 0 0 0 0 0 0 0 0 0 251 1 0 0 0 0 0 0 0 0 0 0 0 0 0 0 0 0 0 0 0 0 0 0 0 0 0 0 0 0 0 0 0 0 0 0 0 0 0 0 0 0 0 0 0 0 0 0 0 0 0 0 0 0 0 0 0 0 0 0 0 0 0 0 0 0 0 0 data 5 0x0 0x0 0x9 0x1 0x0 oops 0 methods 0
ciMethodData java/util/concurrent/ConcurrentHashMap get (Ljava/lang/Object;)Ljava/lang/Object; 2 10310 orig 80 1 0 0 0 0 0 0 0 0 0 0 0 251 1 0 0 0 0 0 0 0 0 0 0 0 0 0 0 0 0 0 0 0 0 0 0 0 0 0 1 0 0 0 0 0 0 0 0 0 0 0 0 0 0 0 0 0 0 0 0 0 0 0 0 0 0 0 0 0 0 0 0 0 0 0 0 0 0 0 0 data 101 0x10005 0x1d19 0x0 0x1fbe4dfa118 0xa9c 0x1fbfd8f5ee8 0x91 0x40002 0x2846 0xf0007 0x19b 0x290 0x26ab 0x170007 0x0 0x270 0x26ab 0x220002 0x26ab 0x270007 0xa37 0x240 0x1c74 0x330007 0x91d 0xb8 0x1357 0x3e0007 0x5ce 0x98 0xd89 0x430007 0x0 0x108 0xd89 0x490005 0x8d3 0x0 0x1fbe4dfa118 0x4a2 0x1fbfd8f5ee8 0x14 0x80000006004c0007 0x2 0xb0 0xd88 0x560007 0x91d 0x90 0x0 0x5d0005 0x0 0x0 0x0 0x0 0x0 0x0 0x630007 0x0 0x38 0x0 0x6b0003 0x0 0x18 0x760007 0x3a6 0xd8 0x6f3 0x7f0007 0x17a 0xffffffffffffffe0 0x579 0x8a0007 0x1fc 0x98 0x37d 0x8f0007 0x0 0xffffffffffffffa0 0x37d 0x950005 0x75 0x0 0x1fbe4dfa118 0x10e 0x1fbfd8f3898 0x1fa 0x980007 0x0 0xffffffffffffff48 0x37d 0x0 0x0 0x0 0x0 0x0 0x0 0x9 0x2 0x0 0x0 oops 6 3 jdk/internal/util/StrongReferenceKey 5 java/lang/invoke/MemberName 38 jdk/internal/util/StrongReferenceKey 40 java/lang/invoke/MemberName 83 jdk/internal/util/StrongReferenceKey 85 java/lang/String methods 0
ciMethodData java/util/Objects requireNonNull (Ljava/lang/Object;Ljava/lang/String;)Ljava/lang/Object; 2 76880 orig 80 0 0 0 0 0 0 0 0 0 0 0 0 251 1 0 0 0 0 0 0 0 0 0 0 0 0 0 0 0 0 0 0 0 0 0 0 0 0 0 0 0 0 0 0 0 0 0 0 0 0 0 0 0 0 0 0 0 0 0 0 0 0 0 0 0 0 0 0 0 0 0 0 0 0 0 0 0 0 0 0 data 16 0x10007 0x12c50 0x30 0x0 0x90002 0x0 0x0 0x0 0x0 0x0 0x0 0x0 0x9 0x2 0x0 0x0 oops 0 methods 0
ciMethodData java/util/HashMap hash (Ljava/lang/Object;)I 2 78045 orig 80 0 0 0 0 0 0 0 0 0 0 0 0 251 1 0 0 0 0 0 0 0 0 0 0 0 0 0 0 0 0 0 0 0 0 0 0 0 0 0 1 0 0 0 0 0 0 0 0 0 0 0 0 0 0 0 0 0 0 0 0 0 0 0 0 0 0 0 0 0 0 0 0 0 0 0 0 0 0 0 0 data 23 0x8000000600010007 0x130dc 0x38 0x2 0x50003 0x2 0x50 0x90005 0xb01c 0x0 0x1fbfd8f3898 0x7edd 0x1fbe20a7570 0x1e3 0x0 0x0 0x0 0x0 0x0 0x0 0x9 0x1 0xffffffffffffffff oops 2 10 java/lang/String 12 java/lang/module/ModuleDescriptor methods 0
ciMethodData java/util/HashMap getNode (Ljava/lang/Object;)Ljava/util/HashMap$Node; 2 21353 orig 80 2 0 0 0 1 0 0 0 0 0 0 0 251 1 0 0 0 0 0 0 0 0 0 0 0 0 0 0 0 0 0 0 0 0 0 0 0 0 0 4 0 0 0 0 0 0 0 0 0 0 0 0 0 0 0 0 0 0 0 0 0 0 0 0 0 0 0 0 0 0 0 0 0 0 0 0 0 0 0 0 data 103 0x60007 0x365 0x2e8 0x5004 0xe0007 0x0 0x2c8 0x5004 0x170002 0x5004 0x210007 0x213c 0x298 0x2ec9 0x2a0007 0x1263 0xb8 0x1c66 0x350007 0xe9c 0x98 0xdca 0x390007 0x0 0x78 0xdca 0x3f0005 0x646 0x0 0x1fbfd8f3898 0x774 0x1fbe29690e0 0x10 0x8000000600420007 0x23 0x20 0xda9 0x4e0007 0x670 0x1c0 0xc16 0x520004 0xfffffffffffff3ea 0x0 0x1fbe2964830 0x1c 0x1fbe2969190 0x12 0x550007 0xc16 0x90 0x0 0x590004 0x0 0x0 0x0 0x0 0x0 0x0 0x5f0005 0x0 0x0 0x0 0x0 0x0 0x0 0x6a0007 0x2f3 0xb8 0xab9 0x760007 0x11d 0x98 0x99c 0x7a0007 0x0 0x78 0x99c 0x800005 0x730 0x0 0x1fbfd8f3898 0x267 0x1fbe29690e0 0x5 0x8000000600830007 0x6 0x20 0x998 0x910007 0x196 0xffffffffffffff48 0x163 0x0 0x0 0x0 0x0 0x0 0x0 0x9 0x2 0x0 0xffffffffffffffff oops 6 29 java/lang/String 31 java/util/zip/ZipFile$Source$Key 44 java/util/HashMap$Node 46 java/util/LinkedHashMap$Entry 81 java/lang/String 83 java/util/zip/ZipFile$Source$Key methods 0
ciMethodData java/util/HashMap get (Ljava/lang/Object;)Ljava/lang/Object; 2 9146 orig 80 1 0 0 0 0 0 0 0 0 0 0 0 0 0 0 0 0 0 0 0 0 0 0 0 0 0 0 0 0 0 0 0 0 0 0 0 0 0 0 0 0 0 0 0 0 0 0 0 0 0 0 0 0 0 0 0 0 0 0 0 0 0 0 0 0 0 0 0 0 0 0 0 0 0 0 0 0 0 0 0 data 24 0x20005 0x23bb 0x0 0x0 0x0 0x0 0x0 0x70007 0x1618 0x38 0xda4 0xb0003 0xda4 0x18 0x0 0x0 0x0 0x0 0x0 0x0 0x9 0x2 0x0 0x0 oops 0 methods 0
ciMethodData java/util/AbstractMap <init> ()V 2 21738 orig 80 0 0 0 0 0 0 0 0 0 0 0 0 0 0 0 0 0 0 0 0 0 0 0 0 0 0 0 0 0 0 0 0 0 0 0 0 0 0 0 0 0 0 0 0 0 0 0 0 0 0 0 0 0 0 0 0 0 0 0 0 0 0 0 0 0 0 0 0 0 0 0 0 0 0 0 0 0 0 0 0 data 7 0x10002 0x54eb 0x0 0x0 0x9 0x1 0x0 oops 0 methods 0
ciMethodData java/util/Arrays copyOfRange ([BII)[B 2 17433 orig 80 0 0 0 0 0 0 0 0 0 0 0 0 251 1 0 0 0 0 0 0 0 0 0 0 0 0 0 0 0 0 0 0 0 0 0 0 0 0 0 0 0 0 0 0 0 0 0 0 0 0 0 0 0 0 0 0 0 0 0 0 0 0 0 0 0 0 0 0 0 0 0 0 0 0 0 0 0 0 0 0 data 35 0x10007 0x222c 0x40 0x21ed 0x70007 0xd4a 0x30 0x14a3 0xd0002 0x36cf 0x120005 0x0 0x0 0x1fbfd909f08 0xd4a 0x0 0x0 0x150004 0x0 0x0 0x1fbfd909f08 0xd4a 0x0 0x0 0x0 0x0 0x0 0x0 0x0 0x0 0x9 0x3 0xffffffffffffffff 0x0 0x0 oops 2 13 [B 20 [B methods 0
ciMethodData java/util/Arrays copyOfRangeByte ([BII)[B 2 14031 orig 80 0 0 0 0 0 0 0 0 0 0 0 0 251 1 0 0 0 0 0 0 0 0 0 0 0 0 0 0 0 0 0 0 0 0 0 0 0 0 0 0 0 0 0 0 0 0 0 0 0 0 0 0 0 0 0 0 0 0 0 0 0 0 0 0 0 0 0 0 0 0 0 0 0 0 0 0 0 0 0 0 data 17 0x20002 0x36cf 0x180002 0x36cf 0x1b0002 0x36cf 0x0 0x0 0x0 0x0 0x0 0x0 0x9 0x3 0xffffffffffffffff 0x0 0x0 oops 0 methods 0
ciMethodData java/util/Arrays checkLength (II)V 2 14134 orig 80 0 0 0 0 0 0 0 0 0 0 0 0 251 1 0 0 0 0 0 0 0 0 0 0 0 0 0 0 0 0 0 0 0 0 0 0 0 0 0 0 0 0 0 0 0 0 0 0 0 0 0 0 0 0 0 0 0 0 0 0 0 0 0 0 0 0 0 0 0 0 0 0 0 0 0 0 0 0 0 0 data 46 0x20007 0x3736 0x120 0x0 0xd0002 0x0 0x110005 0x0 0x0 0x0 0x0 0x0 0x0 0x170005 0x0 0x0 0x0 0x0 0x0 0x0 0x1b0005 0x0 0x0 0x0 0x0 0x0 0x0 0x1e0005 0x0 0x0 0x0 0x0 0x0 0x0 0x210002 0x0 0x0 0x0 0x0 0x0 0x0 0x0 0x9 0x2 0x0 0x0 oops 0 methods 0
ciMethodData java/util/HashMap <init> ()V 2 8581 orig 80 0 0 0 0 0 0 0 0 0 0 0 0 0 0 0 0 0 0 0 0 0 0 0 0 0 0 0 0 0 0 0 0 0 0 0 0 0 0 0 0 0 0 0 0 0 0 0 0 0 0 0 0 0 0 0 0 0 0 0 0 0 0 0 0 0 0 0 0 0 0 0 0 0 0 0 0 0 0 0 0 data 9 0x10002 0x2186 0x0 0x0 0x0 0x0 0x9 0x1 0x10 oops 0 methods 0
ciMethodData java/lang/StringLatin1 canEncode (C)Z 2 92352 orig 80 0 0 0 0 0 0 0 0 0 0 0 0 251 1 0 0 0 0 0 0 0 0 0 0 0 0 0 0 0 0 0 0 0 0 0 0 0 0 0 1 0 0 0 0 0 0 0 0 0 0 0 0 0 0 0 0 0 0 0 0 0 0 0 0 0 0 0 0 0 0 0 0 0 0 0 0 0 0 0 0 data 11 0x8000000600040007 0x2 0x38 0x168bf 0x80003 0x168bf 0x18 0x0 0x9 0x1 0x0 oops 0 methods 0
ciMethodData java/lang/String isEmpty ()Z 2 117615 orig 80 0 0 0 0 0 0 0 0 0 0 0 0 251 1 0 0 0 0 0 0 0 0 0 0 0 0 0 0 0 0 0 0 0 0 0 0 0 0 0 0 0 0 0 0 0 0 0 0 0 0 0 0 0 0 0 0 0 0 0 0 0 0 0 0 0 0 0 0 0 0 0 0 0 0 0 0 0 0 0 0 data 14 0x50007 0x19709 0x38 0x3466 0x90003 0x3466 0x18 0x0 0x0 0x0 0x0 0x9 0x1 0x0 oops 0 methods 0
ciMethodData java/lang/String getBytes ([BIB)V 2 5700 orig 80 0 0 0 0 0 0 0 0 0 0 0 0 251 1 0 0 0 0 0 0 0 0 0 0 0 0 0 0 0 0 0 0 0 0 0 0 0 0 0 0 0 0 0 0 0 0 0 0 0 0 0 0 0 0 0 0 0 0 0 0 0 0 0 0 0 0 0 0 0 0 0 0 0 0 0 0 0 0 0 0 data 30 0x10005 0x1644 0x0 0x0 0x0 0x0 0x0 0x50007 0x0 0x48 0x1644 0x160002 0x1644 0x190003 0x1644 0x28 0x280002 0x0 0x0 0x0 0x0 0x0 0x0 0x0 0x9 0x4 0x0 0xffffffffffffffff 0x0 0x0 oops 0 methods 0
ciMethodData java/lang/String <init> ([BB)V 2 20113 orig 80 0 0 0 0 0 0 0 0 0 0 0 0 251 1 0 0 0 0 0 0 0 0 0 0 0 0 0 0 0 0 0 0 0 0 0 0 0 0 0 0 0 0 0 0 0 0 0 0 0 0 0 0 0 0 0 0 0 0 0 0 0 0 0 0 0 0 0 0 0 0 0 0 0 0 0 0 0 0 0 0 data 11 0x10002 0x4e91 0x0 0x0 0x0 0x0 0x9 0x3 0xc 0x0 0x0 oops 0 methods 0
ciMethodData java/lang/StringLatin1 canEncode (I)Z 2 143632 orig 80 0 0 0 0 0 0 0 0 0 0 0 0 251 1 0 0 0 0 0 0 0 0 0 0 0 0 0 0 0 0 0 0 0 0 0 0 0 0 0 0 0 0 0 0 0 0 0 0 0 0 0 0 0 0 0 0 0 0 0 0 0 0 0 0 0 0 0 0 0 0 0 0 0 0 0 0 0 0 0 0 data 15 0x10007 0x0 0x58 0x23110 0x80007 0x0 0x38 0x23110 0xc0003 0x23110 0x18 0x0 0x9 0x1 0x0 oops 0 methods 0
ciMethodData jdk/internal/util/Preconditions checkFromToIndex (IIILjava/util/function/BiFunction;)I 2 24242 orig 80 0 0 0 0 0 0 0 0 0 0 0 0 251 1 0 0 0 0 0 0 0 0 0 0 0 0 0 0 0 0 0 0 0 0 0 0 0 0 0 0 0 0 0 0 0 0 0 0 0 0 0 0 0 0 0 0 0 0 0 0 0 0 0 0 0 0 0 0 0 0 0 0 0 0 0 0 0 0 0 0 data 26 0x10007 0x0 0x60 0x5eb2 0x60007 0x0 0x40 0x5eb2 0xb0007 0x5eb2 0x30 0x0 0x120002 0x0 0x0 0x0 0x0 0x0 0x0 0x0 0x9 0x4 0x0 0x0 0x0 0x0 oops 0 methods 0
ciMethodData java/lang/String checkBoundsBeginEnd (III)V 2 17123 orig 80 0 0 0 0 0 0 0 0 0 0 0 0 251 1 0 0 0 0 0 0 0 0 0 0 0 0 0 0 0 0 0 0 0 0 0 0 0 0 0 0 0 0 0 0 0 0 0 0 0 0 0 0 0 0 0 0 0 0 0 0 0 0 0 0 0 0 0 0 0 0 0 0 0 0 0 0 0 0 0 0 data 13 0x60002 0x42e3 0x0 0x0 0x0 0x0 0x0 0x0 0x9 0x3 0x0 0x0 0x0 oops 0 methods 0
ciMethodData java/lang/String substring (II)Ljava/lang/String; 2 11349 orig 80 1 0 0 0 0 0 0 0 0 0 0 0 251 1 0 0 0 0 0 0 0 0 0 0 0 0 0 0 0 0 0 0 0 0 0 0 0 0 0 0 0 0 0 0 0 0 0 0 0 0 0 0 0 0 0 0 0 0 0 0 0 0 0 0 0 0 0 0 0 0 0 0 0 0 0 0 0 0 0 0 data 46 0x10005 0x2c55 0x0 0x0 0x0 0x0 0x0 0x80002 0x2c55 0xc0007 0x21f8 0x40 0xa5d 0x110007 0x8f9 0x20 0x164 0x1c0005 0x2af1 0x0 0x0 0x0 0x0 0x0 0x1f0007 0x0 0x48 0x2af1 0x290002 0x2af1 0x2c0003 0x2af2 0x28 0x360002 0x0 0x0 0x0 0x0 0x0 0x0 0x0 0x9 0x3 0x0 0x0 0x0 oops 0 methods 0
ciMethodData java/lang/StringLatin1 newString ([BII)Ljava/lang/String; 2 5258 orig 80 0 0 0 0 0 0 0 0 0 0 0 0 251 1 0 0 0 0 0 0 0 0 0 0 0 0 0 0 0 0 0 0 0 0 0 0 0 0 0 1 0 0 0 0 0 0 0 0 0 0 0 0 0 0 0 0 0 0 0 0 0 0 0 0 0 0 0 0 0 0 0 0 0 0 0 0 0 0 0 0 data 19 0x8000000600010007 0x148a 0x20 0x1 0x100002 0x148a 0x140002 0x148a 0x0 0x0 0x0 0x0 0x0 0x0 0x9 0x3 0x0 0x0 0x0 oops 0 methods 0
ciMethod jdk/internal/misc/ThreadTracker begin ()Ljava/lang/Object; 4 0 4 0 -1
ciMethod jdk/internal/misc/ThreadTracker end (Ljava/lang/Object;)V 4 0 4 0 -1
ciMethod sun/security/util/ManifestEntryVerifier <init> (Ljava/util/jar/Manifest;Ljava/lang/String;)V 182 0 91 0 -1
ciMethodData java/lang/StringLatin1 lastIndexOf ([BII)I 2 802 orig 80 0 0 0 0 0 0 0 0 0 0 0 0 251 1 0 0 0 0 0 0 0 0 0 0 0 0 0 0 0 0 0 0 0 0 0 0 0 0 0 0 0 0 0 0 0 0 0 0 0 0 0 0 0 0 0 0 0 0 0 0 0 0 0 0 0 0 0 0 0 0 0 0 0 0 0 0 0 0 0 0 data 30 0x10002 0x322 0x40007 0x322 0x20 0x0 0xe0002 0x322 0x130007 0x2a 0x58 0x660f 0x1b0007 0x6317 0x20 0x2f8 0x230003 0x6317 0xffffffffffffffc0 0x0 0x0 0x0 0x0 0x0 0x0 0x9 0x3 0x0 0x0 0x0 oops 0 methods 0
ciMethod java/net/URLClassLoader getAndVerifyPackage (Ljava/lang/String;Ljava/util/jar/Manifest;Ljava/net/URL;)Ljava/lang/Package; 518 0 5240 0 0
ciMethod java/net/URLClassLoader defineClass (Ljava/lang/String;Ljdk/internal/loader/Resource;)Ljava/lang/Class; 386 0 5087 0 0
ciMethod java/net/URLClassLoader definePackage (Ljava/lang/String;Ljava/util/jar/Manifest;Ljava/net/URL;)Ljava/lang/Package; 150 0 714 0 0
ciMethod java/net/URLClassLoader isSealed (Ljava/lang/String;Ljava/util/jar/Manifest;)Z 402 0 4614 0 0
ciMethodData java/lang/StringLatin1 replace ([BCC)Ljava/lang/String; 2 679 orig 80 0 0 0 0 0 0 0 0 0 0 0 0 251 1 0 0 0 0 0 0 0 0 0 0 0 0 0 0 0 0 0 0 0 0 0 0 0 0 0 0 0 0 0 0 0 0 0 0 0 0 0 0 0 0 0 0 0 0 0 0 0 0 0 0 0 0 0 0 0 0 0 0 0 0 0 0 0 0 0 0 data 85 0x10002 0x2a7 0x40007 0x0 0x240 0x2a7 0x130007 0xb8 0x58 0x6528 0x1c0007 0x6339 0xffffffffffffffe0 0x1ef 0x1f0003 0x1ef 0x18 0x250007 0xb8 0x1c8 0x1ef 0x290002 0x1ef 0x2c0007 0x0 0xe8 0x1ef 0x310002 0x1ef 0x3d0007 0x1ef 0x38 0x375 0x4c0003 0x375 0xffffffffffffffe0 0x520007 0x1ef 0x70 0xbf3f 0x630007 0xaf13 0x38 0x102c 0x680003 0x102c 0x18 0x710003 0xbf3f 0xffffffffffffffa8 0x7b0002 0x1ef 0x800002 0x0 0x8c0002 0x0 0x920007 0x0 0x80 0x0 0xa70007 0x0 0x38 0x0 0xab0003 0x0 0x18 0xb00002 0x0 0xb60003 0x0 0xffffffffffffff98 0xc00002 0x0 0x0 0x0 0x0 0x0 0x0 0x0 0x9 0x3 0x0 0x0 0x0 oops 0 methods 0
ciMethodData java/lang/StringConcatHelper newArray (J)[B 2 23792 orig 80 0 0 0 0 0 0 0 0 0 0 0 0 251 1 0 0 0 0 0 0 0 0 0 0 0 0 0 0 0 0 0 0 0 0 0 0 0 0 0 0 0 0 0 0 0 0 0 0 0 0 0 0 0 0 0 0 0 0 0 0 0 0 0 0 0 0 0 0 0 0 0 0 0 0 0 0 0 0 0 0 data 30 0xd0007 0x5cf0 0x30 0x0 0x160002 0x0 0x210005 0x5cf0 0x0 0x0 0x0 0x0 0x0 0x240004 0x0 0x0 0x1fbfd909f08 0x5cf0 0x0 0x0 0x0 0x0 0x0 0x0 0x0 0x0 0x9 0x2 0x0 0x0 oops 1 16 [B methods 0
ciMethodData jdk/internal/misc/Unsafe allocateUninitializedArray (Ljava/lang/Class;I)Ljava/lang/Object; 2 5307 orig 80 1 0 0 0 0 0 0 0 0 0 0 0 251 1 0 0 0 0 0 0 4 0 0 0 0 0 0 0 0 0 0 0 0 0 0 0 0 0 0 0 0 0 0 0 0 0 0 0 0 0 0 0 0 0 0 0 0 0 0 0 0 0 0 0 0 0 0 0 0 0 0 0 0 0 0 0 0 0 0 0 data 43 0x10007 0x14bb 0x30 0x0 0xb0002 0x0 0x100005 0x14bb 0x0 0x0 0x0 0x0 0x0 0x130007 0x14bb 0x30 0x0 0x1d0002 0x0 0x220007 0x14bb 0x30 0x0 0x2c0002 0x0 0x8000000400330005 0x14bf 0x0 0x0 0x0 0x0 0x0 0x0 0x0 0x0 0x0 0x0 0x0 0x9 0x3 0x0 0xffffffffffffffff 0x0 oops 0 methods 0
ciMethodData java/lang/String lastIndexOf (II)I 2 46526 orig 80 0 0 0 0 0 0 0 0 0 0 0 0 251 1 0 0 0 0 0 0 0 0 0 0 0 0 0 0 0 0 0 0 0 0 0 0 0 0 0 0 0 0 0 0 0 0 0 0 0 0 0 0 0 0 0 0 0 0 0 0 0 0 0 0 0 0 0 0 0 0 0 0 0 0 0 0 0 0 0 0 data 29 0x10005 0xb5be 0x0 0x0 0x0 0x0 0x0 0x40007 0x0 0x48 0xb5be 0xd0002 0xb5be 0x100003 0xb5be 0x28 0x190002 0x0 0x0 0x0 0x0 0x0 0x0 0x0 0x9 0x3 0x0 0x0 0x0 oops 0 methods 0
ciMethodData java/lang/String lastIndexOf (I)I 2 41806 orig 80 0 0 0 0 0 0 0 0 0 0 0 0 251 1 0 0 0 0 0 0 0 0 0 0 0 0 0 0 0 0 0 0 0 0 0 0 0 0 0 0 0 0 0 0 0 0 0 0 0 0 0 0 0 0 0 0 0 0 0 0 0 0 0 0 0 0 0 0 0 0 0 0 0 0 0 0 0 0 0 0 data 24 0x30005 0xa34e 0x0 0x0 0x0 0x0 0x0 0x80005 0xa34e 0x0 0x0 0x0 0x0 0x0 0x0 0x0 0x0 0x0 0x0 0x0 0x9 0x2 0x0 0x0 oops 0 methods 0
ciMethodData java/lang/String toString ()Ljava/lang/String; 2 36672 orig 80 0 0 0 0 0 0 0 0 0 0 0 0 251 1 0 0 0 0 0 0 0 0 0 0 0 0 0 0 0 0 0 0 0 0 0 0 0 0 0 0 0 0 0 0 0 0 0 0 0 0 0 0 0 0 0 0 0 0 0 0 0 0 0 0 0 0 0 0 0 0 0 0 0 0 0 0 0 0 0 0 data 5 0x0 0x0 0x9 0x1 0x0 oops 0 methods 0
ciMethodData java/lang/StringConcatHelper stringOf (Ljava/lang/Object;)Ljava/lang/String; 2 33278 orig 80 0 0 0 0 0 0 0 0 0 0 0 0 251 1 0 0 0 0 0 0 0 0 0 0 0 0 0 0 0 0 0 0 0 0 0 0 0 0 0 0 0 0 0 0 0 0 0 0 0 0 0 0 0 0 0 0 0 0 0 0 0 0 0 0 0 0 0 0 0 0 0 0 0 0 0 0 0 0 0 0 data 27 0x10007 0x0 0x78 0x81fe 0x50005 0x7e30 0x0 0x1fbfd8f3898 0x3ce 0x0 0x0 0xa0007 0x81fe 0x38 0x0 0xf0003 0x0 0x18 0x0 0x0 0x0 0x0 0x0 0x0 0x9 0x1 0x0 oops 1 7 java/lang/String methods 0
ciMethodData java/lang/StringConcatHelper mix (JLjava/lang/String;)J 2 33275 orig 80 0 0 0 0 0 0 0 0 0 0 0 0 251 1 0 0 0 0 0 0 0 0 0 0 0 0 0 0 0 0 0 0 0 0 0 0 0 0 0 0 0 0 0 0 0 0 0 0 0 0 0 0 0 0 0 0 0 0 0 0 0 0 0 0 0 0 0 0 0 0 0 0 0 0 0 0 0 0 0 0 data 31 0x20005 0x81fb 0x0 0x0 0x0 0x0 0x0 0x90005 0x81fb 0x0 0x0 0x0 0x0 0x0 0xd0007 0x81fb 0x20 0x0 0x170002 0x81fb 0x0 0x0 0x0 0x0 0x0 0x0 0x9 0x3 0x0 0x0 0x0 oops 0 methods 0
ciMethodData java/lang/StringConcatHelper checkOverflow (J)J 2 33273 orig 80 0 0 0 0 0 0 0 0 0 0 0 0 251 1 0 0 0 0 0 0 0 0 0 0 0 0 0 0 0 0 0 0 0 0 0 0 0 0 0 0 0 0 0 0 0 0 0 0 0 0 0 0 0 0 0 0 0 0 0 0 0 0 0 0 0 0 0 0 0 0 0 0 0 0 0 0 0 0 0 0 data 14 0x20007 0x0 0x20 0x81f9 0xd0002 0x0 0x0 0x0 0x0 0x0 0x9 0x2 0x0 0x0 oops 0 methods 0
ciMethodData java/lang/ref/Reference <init> (Ljava/lang/Object;Ljava/lang/ref/ReferenceQueue;)V 2 24980 orig 80 0 0 0 0 0 0 0 0 0 0 0 0 251 1 0 0 0 0 0 0 0 0 0 0 0 0 0 0 0 0 0 0 0 0 0 0 0 0 0 0 0 0 0 0 0 0 0 0 0 0 0 0 0 0 0 0 0 0 0 0 0 0 0 0 0 0 0 0 0 0 0 0 0 0 0 0 0 0 0 0 data 20 0x10002 0x6194 0xb0007 0x3e25 0x38 0x236f 0x110003 0x236f 0x18 0x0 0x0 0x0 0x0 0x0 0x0 0x9 0x3 0x6 0x0 0x0 oops 0 methods 0
ciMethodData java/lang/String replace (CC)Ljava/lang/String; 2 5339 orig 80 0 0 0 0 0 0 0 0 0 0 0 0 251 1 0 0 0 0 0 0 0 0 0 0 0 0 0 0 0 0 0 0 0 0 0 0 0 0 0 0 0 0 0 0 0 0 0 0 0 0 0 0 0 0 0 0 0 0 0 0 0 0 0 0 0 0 0 0 0 0 0 0 0 0 0 0 0 0 0 0 data 37 0x20007 0x0 0xd0 0x14db 0x60005 0x14db 0x0 0x0 0x0 0x0 0x0 0x90007 0x0 0x48 0x14db 0x120002 0x14db 0x150003 0x14db 0x28 0x1e0002 0x0 0x230007 0x33e 0x20 0x119d 0x0 0x0 0x0 0x0 0x0 0x0 0x9 0x3 0x0 0x0 0x0 oops 0 methods 0
ciMethodData java/util/LinkedHashMap get (Ljava/lang/Object;)Ljava/lang/Object; 2 18631 orig 80 2 0 0 0 0 0 0 0 0 0 0 0 251 1 0 0 0 0 0 0 0 0 0 0 0 0 0 0 0 0 0 0 0 0 0 0 0 0 0 0 0 0 0 0 0 0 0 0 0 0 0 0 0 0 0 0 0 0 0 0 0 0 0 0 0 0 0 0 0 0 0 0 0 0 0 0 0 0 0 0 data 32 0x20005 0x48c7 0x0 0x0 0x0 0x0 0x0 0x70007 0x237b 0x20 0x254e 0x100007 0x2375 0x58 0x6 0x150005 0x0 0x0 0x1fbe49c0890 0x6 0x0 0x0 0x0 0x0 0x0 0x0 0x0 0x0 0x9 0x2 0x0 0x0 oops 1 18 java/util/LinkedHashMap methods 0
ciMethodData java/util/LinkedHashMap afterNodeAccess (Ljava/util/HashMap$Node;)V 2 5741 orig 80 1 0 0 0 0 0 0 0 0 0 0 0 251 1 0 0 0 0 0 0 0 0 0 0 0 0 0 0 0 0 0 0 0 0 0 0 0 0 0 1 0 0 0 0 0 0 0 0 0 0 0 0 0 0 0 0 0 0 0 0 0 0 0 0 0 0 0 0 0 0 0 0 0 0 0 0 0 0 0 0 data 100 0x50007 0x0 0x60 0x166d 0xc0007 0x0 0x158 0x166d 0x8000000600130007 0x1668 0x138 0x6 0x1d0007 0x0 0x118 0x6 0x210004 0x0 0x0 0x1fbe2969190 0x6 0x0 0x0 0x3c0007 0x0 0x38 0x6 0x450003 0x6 0x18 0x510007 0x0 0x38 0x6 0x5b0003 0x6 0x18 0x620007 0x6 0x38 0x0 0x6b0003 0x0 0x18 0x8a0003 0x6 0x138 0x920007 0x1668 0x120 0x0 0x9c0007 0x0 0x100 0x0 0xa00004 0x0 0x0 0x0 0x0 0x0 0x0 0xbb0007 0x0 0x38 0x0 0xc40003 0x0 0x18 0xd00007 0x0 0x38 0x0 0xda0003 0x0 0x18 0xe10007 0x0 0x38 0x0 0xea0003 0x0 0x18 0x0 0x0 0x0 0x0 0x0 0x0 0x0 0x0 0x0 0x0 0x0 0x0 0x0 0x9 0x2 0x0 0x0 oops 1 19 java/util/LinkedHashMap$Entry methods 0
ciMethodData java/util/AbstractList <init> ()V 2 33726 orig 80 0 0 0 0 0 0 0 0 0 0 0 0 251 1 0 0 0 0 0 0 0 0 0 0 0 0 0 0 0 0 0 0 0 0 0 0 0 0 0 0 0 0 0 0 0 0 0 0 0 0 0 0 0 0 0 0 0 0 0 0 0 0 0 0 0 0 0 0 0 0 0 0 0 0 0 0 0 0 0 0 data 9 0x10002 0x83be 0x0 0x0 0x0 0x0 0x9 0x1 0x6 oops 0 methods 0
ciMethodData java/lang/Float isNaN (F)Z 2 11598 orig 80 0 0 0 0 0 0 0 0 0 0 0 0 251 1 0 0 0 0 0 0 0 0 0 0 0 0 0 0 0 0 0 0 0 0 0 0 0 0 0 0 0 0 0 0 0 0 0 0 0 0 0 0 0 0 0 0 0 0 0 0 0 0 0 0 0 0 0 0 0 0 0 0 0 0 0 0 0 0 0 0 data 11 0x30007 0x2d4e 0x38 0x0 0x70003 0x0 0x18 0x0 0x9 0x1 0x0 oops 0 methods 0
ciMethodData java/util/HashMap <init> (IF)V 2 9312 orig 80 0 0 0 0 0 0 0 0 0 0 0 0 251 1 0 0 0 0 0 0 0 0 0 0 0 0 0 0 0 0 0 0 0 0 0 0 0 0 0 0 0 0 0 0 0 0 0 0 0 0 0 0 0 0 0 0 0 0 0 0 0 0 0 0 0 0 0 0 0 0 0 0 0 0 0 0 0 0 0 0 data 83 0x10002 0x2460 0x50007 0x2460 0xe8 0x0 0x100002 0x0 0x150005 0x0 0x0 0x0 0x0 0x0 0x0 0x190005 0x0 0x0 0x0 0x0 0x0 0x0 0x1c0005 0x0 0x0 0x0 0x0 0x0 0x0 0x1f0002 0x0 0x260007 0x2460 0x20 0x0 0x2f0007 0x0 0x50 0x2460 0x330002 0x2460 0x360007 0x2460 0xe8 0x0 0x410002 0x0 0x460005 0x0 0x0 0x0 0x0 0x0 0x0 0x4a0005 0x0 0x0 0x0 0x0 0x0 0x0 0x4d0005 0x0 0x0 0x0 0x0 0x0 0x0 0x500002 0x0 0x5b0002 0x2460 0x0 0x0 0x0 0x0 0x0 0x0 0x9 0x3 0x18 0x0 0x0 oops 0 methods 0
ciMethodData java/util/HashMap tableSizeFor (I)I 2 11238 orig 80 0 0 0 0 0 0 0 0 0 0 0 0 251 1 0 0 0 0 0 0 0 0 0 0 0 0 0 0 0 0 0 0 0 0 0 0 0 0 0 0 0 0 0 0 0 0 0 0 0 0 0 0 0 0 0 0 0 0 0 0 0 0 0 0 0 0 0 0 0 0 0 0 0 0 0 0 0 0 0 0 data 25 0x40002 0x2be6 0xa0007 0x2a96 0x38 0x150 0xe0003 0x150 0x50 0x140007 0x2a96 0x38 0x0 0x190003 0x0 0x18 0x0 0x0 0x0 0x0 0x0 0x0 0x9 0x1 0x0 oops 0 methods 0
ciMethodData java/io/InputStream <init> ()V 2 11748 orig 80 0 0 0 0 0 0 0 0 0 0 0 0 251 1 0 0 0 0 0 0 0 0 0 0 0 0 0 0 0 0 0 0 0 0 0 0 0 0 0 0 0 0 0 0 0 0 0 0 0 0 0 0 0 0 0 0 0 0 0 0 0 0 0 0 0 0 0 0 0 0 0 0 0 0 0 0 0 0 0 0 data 7 0x10002 0x2de4 0x0 0x0 0x9 0x1 0x0 oops 0 methods 0
ciMethodData java/util/HashMap <init> (I)V 2 10895 orig 80 0 0 0 0 0 0 0 0 0 0 0 0 251 1 0 0 0 0 0 0 0 0 0 0 0 0 0 0 0 0 0 0 0 0 0 0 0 0 0 0 0 0 0 0 0 0 0 0 0 0 0 0 0 0 0 0 0 0 0 0 0 0 0 0 0 0 0 0 0 0 0 0 0 0 0 0 0 0 0 0 data 9 0x40002 0x2a8f 0x0 0x0 0x0 0x9 0x2 0x18 0x0 oops 0 methods 0
ciMethodData java/util/jar/JarFile getManEntry ()Ljava/util/jar/JarEntry; 1 761 orig 80 0 0 0 0 0 0 0 0 0 0 0 0 251 1 0 0 0 0 0 0 0 0 0 0 0 0 0 0 0 0 0 0 0 0 0 0 0 0 0 0 0 0 0 0 0 0 0 0 0 0 0 0 0 0 0 0 0 0 0 0 0 0 0 0 0 0 0 0 0 0 0 0 0 0 0 0 0 0 0 0 data 33 0x40007 0x9f 0xc0 0x25a 0xc0005 0x0 0x0 0x1fbe41db778 0x25a 0x0 0x0 0x130007 0x3 0x68 0x257 0x190002 0x257 0x1c0004 0x0 0x0 0x1fbe441fd40 0x257 0x0 0x0 0x0 0x0 0x0 0x0 0x0 0x0 0x9 0x1 0xffffffffffffffff oops 2 7 java/util/zip/ZipFile$1 20 java/util/jar/JarFile$JarFileEntry methods 0
ciMethodData java/util/jar/JarFile getBytes (Ljava/util/zip/ZipEntry;)[B 1 607 orig 80 0 0 0 0 0 0 0 0 0 0 0 0 251 1 0 0 0 0 0 0 0 0 0 0 0 0 0 0 0 0 0 0 0 0 0 0 0 0 0 0 0 0 0 0 0 0 0 0 0 0 0 0 0 0 0 0 0 0 0 0 0 0 0 0 0 0 0 0 0 0 0 0 0 0 0 0 0 0 0 0 data 194 0x20002 0x25f 0x70005 0x0 0x0 0x1fbe441fd40 0x25f 0x0 0x0 0x110007 0x25f 0x238 0x0 0x1c0002 0x0 0x220005 0x0 0x0 0x0 0x0 0x0 0x0 0x260005 0x0 0x0 0x0 0x0 0x0 0x0 0x2c0005 0x0 0x0 0x0 0x0 0x0 0x0 0x300005 0x0 0x0 0x0 0x0 0x0 0x0 0x330005 0x0 0x0 0x0 0x0 0x0 0x0 0x390005 0x0 0x0 0x0 0x0 0x0 0x0 0x3f0005 0x0 0x0 0x0 0x0 0x0 0x0 0x450005 0x0 0x0 0x0 0x0 0x0 0x0 0x480005 0x0 0x0 0x0 0x0 0x0 0x0 0x4b0002 0x0 0x560007 0x0 0x90 0x25f 0x5e0007 0x6 0x70 0x259 0x6d0005 0x0 0x0 0x1fbe441fdf0 0x259 0x0 0x0 0x720003 0x259 0x50 0x760005 0x0 0x0 0x1fbe441fdf0 0x6 0x0 0x0 0x830007 0x0 0x178 0x25f 0x8a0007 0x25f 0x158 0x0 0x950002 0x0 0x9b0005 0x0 0x0 0x0 0x0 0x0 0x0 0xa00005 0x0 0x0 0x0 0x0 0x0 0x0 0xa60005 0x0 0x0 0x0 0x0 0x0 0x0 0xab0005 0x0 0x0 0x0 0x0 0x0 0x0 0xae0005 0x0 0x0 0x0 0x0 0x0 0x0 0xb10002 0x0 0xba0007 0x0 0x58 0x25f 0xbe0005 0x0 0x0 0x1fbe441fdf0 0x25f 0x0 0x0 0xc60007 0x0 0xa8 0x0 0xca0005 0x0 0x0 0x0 0x0 0x0 0x0 0xcd0003 0x0 0x50 0xd50005 0x0 0x0 0x0 0x0 0x0 0x0 0x0 0x0 0x0 0x0 0x0 0x0 0x9 0x2 0x0 0x0 oops 4 5 java/util/jar/JarFile$JarFileEntry 91 java/util/zip/ZipFile$ZipFileInflaterInputStream 101 java/util/zip/ZipFile$ZipFileInflaterInputStream 159 java/util/zip/ZipFile$ZipFileInflaterInputStream methods 0
ciMethodData java/util/jar/Attributes <init> ()V 1 345 orig 80 0 0 0 0 0 0 0 0 0 0 0 0 251 1 0 0 0 0 0 0 0 0 0 0 0 0 0 0 0 0 0 0 0 0 0 0 0 0 0 0 0 0 0 0 0 0 0 0 0 0 0 0 0 0 0 0 0 0 0 0 0 0 0 0 0 0 0 0 0 0 0 0 0 0 0 0 0 0 0 0 data 7 0x30002 0x159 0x0 0x0 0x9 0x1 0x0 oops 0 methods 0
ciMethodData java/util/jar/Attributes <init> (I)V 2 5135 orig 80 0 0 0 0 0 0 0 0 0 0 0 0 251 1 0 0 0 0 0 0 0 0 0 0 0 0 0 0 0 0 0 0 0 0 0 0 0 0 0 0 0 0 0 0 0 0 0 0 0 0 0 0 0 0 0 0 0 0 0 0 0 0 0 0 0 0 0 0 0 0 0 0 0 0 0 0 0 0 0 0 data 14 0x10002 0x140f 0x60002 0x140f 0x0 0x0 0x0 0x0 0x0 0x0 0x9 0x2 0x6 0x0 oops 0 methods 0
ciMethodData java/util/LinkedHashMap newLinkedHashMap (I)Ljava/util/LinkedHashMap; 2 5169 orig 80 0 0 0 0 0 0 0 0 0 0 0 0 251 1 0 0 0 0 0 0 0 0 0 0 0 0 0 0 0 0 0 0 0 0 0 0 0 0 0 0 0 0 0 0 0 0 0 0 0 0 0 0 0 0 0 0 0 0 0 0 0 0 0 0 0 0 0 0 0 0 0 0 0 0 0 0 0 0 0 0 data 42 0x10007 0x1431 0xe8 0x0 0xc0002 0x0 0x110005 0x0 0x0 0x0 0x0 0x0 0x0 0x150005 0x0 0x0 0x0 0x0 0x0 0x0 0x180005 0x0 0x0 0x0 0x0 0x0 0x0 0x1b0002 0x0 0x240002 0x1431 0x270002 0x1431 0x0 0x0 0x0 0x0 0x0 0x0 0x9 0x1 0x0 oops 0 methods 0
ciMethodData java/io/ByteArrayInputStream <init> ([B)V 1 226 orig 80 0 0 0 0 0 0 0 0 0 0 0 0 251 1 0 0 0 0 0 0 0 0 0 0 0 0 0 0 0 0 0 0 0 0 0 0 0 0 0 0 0 0 0 0 0 0 0 0 0 0 0 0 0 0 0 0 0 0 0 0 0 0 0 0 0 0 0 0 0 0 0 0 0 0 0 0 0 0 0 0 data 10 0x10002 0xe2 0x0 0x0 0x0 0x0 0x9 0x2 0x0 0x0 oops 0 methods 0
ciMethodData java/util/jar/Attributes getValue (Ljava/util/jar/Attributes$Name;)Ljava/lang/String; 2 9651 orig 80 0 0 0 0 0 0 0 0 0 0 0 0 251 1 0 0 0 0 0 0 0 0 0 0 0 0 0 0 0 0 0 0 0 0 0 0 0 0 0 0 0 0 0 0 0 0 0 0 0 0 0 0 0 0 0 0 0 0 0 0 0 0 0 0 0 0 0 0 0 0 0 0 0 0 0 0 0 0 0 0 data 24 0x20005 0x0 0x0 0x1fbe4511338 0x25b3 0x0 0x0 0x50104 0x0 0x0 0x1fbfd8f3898 0x68d 0x0 0x0 0x0 0x0 0x0 0x0 0x0 0x0 0x9 0x2 0x0 0x0 oops 2 3 java/util/jar/Attributes 10 java/lang/String methods 0
ciMethodData java/util/jar/Attributes get (Ljava/lang/Object;)Ljava/lang/Object; 2 9830 orig 80 0 0 0 0 0 0 0 0 0 0 0 0 251 1 0 0 0 0 0 0 0 0 0 0 0 0 0 0 0 0 0 0 0 0 0 0 0 0 0 0 0 0 0 0 0 0 0 0 0 0 0 0 0 0 0 0 0 0 0 0 0 0 0 0 0 0 0 0 0 0 0 0 0 0 0 0 0 0 0 0 data 17 0x50005 0x0 0x0 0x1fbe49c0890 0x2666 0x0 0x0 0x0 0x0 0x0 0x0 0x0 0x0 0x9 0x2 0x0 0xffffffffffffffff oops 1 3 java/util/LinkedHashMap methods 0
ciMethodData java/lang/String equalsIgnoreCase (Ljava/lang/String;)Z 2 6168 orig 80 0 0 0 0 0 0 0 0 0 0 0 0 251 1 0 0 0 0 0 0 0 0 0 0 0 0 0 0 0 0 0 0 0 0 0 0 0 0 0 0 0 0 0 0 0 0 0 0 0 0 0 0 0 0 0 0 0 0 0 0 0 0 0 0 0 0 0 0 0 0 0 0 0 0 0 0 0 0 0 0 data 60 0x20007 0x1582 0x38 0x296 0x60003 0x296 0x170 0xa0007 0x1051 0x158 0x531 0xe0005 0x531 0x0 0x0 0x0 0x0 0x0 0x120005 0x531 0x0 0x0 0x0 0x0 0x0 0x150007 0x40f 0xc8 0x122 0x1e0005 0x122 0x0 0x0 0x0 0x0 0x0 0x210005 0x122 0x0 0x0 0x0 0x0 0x0 0x240007 0x27 0x38 0xfb 0x280003 0xfb 0x18 0x0 0x0 0x0 0x0 0x0 0x0 0x9 0x2 0xffffffffffffffff 0xffffffffffffffff oops 0 methods 0
ciMethodData java/lang/String regionMatches (ZILjava/lang/String;II)Z 2 9341 orig 80 1 0 0 0 0 0 0 0 0 0 0 0 251 1 0 0 0 0 0 0 0 0 0 0 0 0 0 0 0 0 0 0 0 0 0 0 0 0 0 1 0 0 0 0 0 0 0 0 0 0 0 0 0 0 0 0 0 0 0 0 0 0 0 0 0 0 0 0 0 0 0 0 0 0 0 0 0 0 0 0 data 95 0x10007 0x247d 0x58 0x0 0xb0005 0x0 0x0 0x0 0x0 0x0 0x0 0x110007 0x0 0xf0 0x247d 0x150007 0x0 0xd0 0x247d 0x1b0005 0x247d 0x0 0x0 0x0 0x0 0x0 0x8000000600240007 0x9 0x78 0x2475 0x2b0005 0x2475 0x0 0x0 0x0 0x0 0x0 0x340007 0x2475 0x20 0x0 0x460005 0x2475 0x0 0x0 0x0 0x0 0x0 0x4e0005 0x2475 0x0 0x0 0x0 0x0 0x0 0x510007 0x0 0x78 0x2475 0x560007 0x0 0x48 0x2475 0x620002 0x2475 0x650003 0x2476 0x28 0x710002 0x0 0x770007 0x0 0x48 0x0 0x830002 0x0 0x860003 0x0 0x28 0x920002 0x0 0x0 0x0 0x0 0x0 0x0 0x0 0x9 0x6 0xffffffffffffffff 0x0 0x0 0xffffffffffffffff 0x0 0x0 oops 0 methods 0
ciMethod java/net/URLClassLoader$1 run ()Ljava/lang/Class; 772 0 10660 0 0
ciMethod java/net/URLClassLoader$1 run ()Ljava/lang/Object; 772 0 10660 0 -1
ciMethodData java/util/ArrayList <init> ()V 2 17184 orig 80 0 0 0 0 0 0 0 0 0 0 0 0 251 1 0 0 0 0 0 0 0 0 0 0 0 0 0 0 0 0 0 0 0 0 0 0 0 0 0 0 0 0 0 0 0 0 0 0 0 0 0 0 0 0 0 0 0 0 0 0 0 0 0 0 0 0 0 0 0 0 0 0 0 0 0 0 0 0 0 0 data 9 0x10002 0x4320 0x0 0x0 0x0 0x0 0x9 0x1 0x0 oops 0 methods 0
ciMethodData java/util/zip/ZipFile$ZipFileInflaterInputStream close ()V 2 6242 orig 80 0 0 0 0 0 0 0 0 0 0 0 0 251 1 0 0 0 0 0 0 0 0 0 0 0 0 0 0 0 0 0 0 0 0 0 0 0 0 0 0 0 0 0 0 0 0 0 0 0 0 0 0 0 0 0 0 0 0 0 0 0 0 0 0 0 0 0 0 0 0 0 0 0 0 0 0 0 0 0 0 data 32 0x40007 0x17be 0x20 0xa4 0xe0002 0x17be 0x290005 0x0 0x0 0x1fbe5747bc8 0x17be 0x0 0x0 0x310003 0x17be 0x18 0x3d0005 0x0 0x0 0x1fbe590fe28 0x17be 0x0 0x0 0x0 0x0 0x0 0x0 0x0 0x0 0x9 0x1 0xffffffffffffffff oops 2 9 java/util/Collections$SetFromMap 19 jdk/internal/ref/CleanerImpl$PhantomCleanableRef methods 0
ciMethodData jdk/internal/access/SharedSecrets javaUtilJarAccess ()Ljdk/internal/access/JavaUtilJarAccess; 2 10601 orig 80 0 0 0 0 0 0 0 0 0 0 0 0 251 1 0 0 0 0 0 0 0 0 0 0 0 0 0 0 0 0 0 0 0 0 0 0 0 0 0 0 0 0 0 0 0 0 0 0 0 0 0 0 0 0 0 0 0 0 0 0 0 0 0 0 0 0 0 0 0 0 0 0 0 0 0 0 0 0 0 0 data 14 0x50007 0x2969 0x30 0x0 0xa0002 0x0 0x0 0x0 0x0 0x0 0x0 0x0 0x9 0x0 oops 0 methods 0
ciMethodData jdk/internal/perf/PerfCounter addElapsedTimeFrom (J)V 2 5124 orig 80 0 0 0 0 0 0 0 0 0 0 0 0 251 1 0 0 0 0 0 0 0 0 0 0 0 0 0 0 0 0 0 0 0 0 0 0 0 0 0 0 0 0 0 0 0 0 0 0 0 0 0 0 0 0 0 0 0 0 0 0 0 0 0 0 0 0 0 0 0 0 0 0 0 0 0 0 0 0 0 0 data 20 0x10002 0x1404 0x60005 0x0 0x0 0x1fbe40f87d8 0x1404 0x0 0x0 0x0 0x0 0x0 0x0 0x0 0x0 0x9 0x3 0x0 0x0 0x0 oops 1 5 jdk/internal/perf/PerfCounter methods 0
ciMethodData jdk/internal/perf/PerfCounter add (J)V 2 5137 orig 80 0 0 0 0 0 0 0 0 0 0 0 0 251 1 0 0 0 0 0 0 0 0 0 0 0 0 0 0 0 0 0 0 0 0 0 0 0 0 0 0 0 0 0 0 0 0 0 0 0 0 0 0 0 0 0 0 0 0 0 0 0 0 0 0 0 0 0 0 0 0 0 0 0 0 0 0 0 0 0 0 data 25 0x10005 0x0 0x0 0x1fbe40f87d8 0x1411 0x0 0x0 0xd0005 0x0 0x0 0x1fbe574c890 0x1411 0x0 0x0 0x0 0x0 0x0 0x0 0x0 0x0 0x9 0x3 0x0 0x0 0x0 oops 2 3 jdk/internal/perf/PerfCounter 10 java/nio/DirectLongBufferU methods 0
ciMethodData jdk/internal/perf/PerfCounter get ()J 2 5136 orig 80 0 0 0 0 0 0 0 0 0 0 0 0 0 0 0 0 0 0 0 0 0 0 0 0 0 0 0 0 0 0 0 0 0 0 0 0 0 0 0 0 0 0 0 0 0 0 0 0 0 0 0 0 0 0 0 0 0 0 0 0 0 0 0 0 0 0 0 0 0 0 0 0 0 0 0 0 0 0 0 0 data 16 0x50005 0x0 0x0 0x1fbe574c890 0x1411 0x0 0x0 0x0 0x0 0x0 0x0 0x0 0x0 0x9 0x1 0x0 oops 1 3 java/nio/DirectLongBufferU methods 0
ciMethodData java/lang/StringConcatHelper prepend (J[BLjava/lang/String;)J 2 5148 orig 80 0 0 0 0 0 0 0 0 0 0 0 0 251 1 0 0 0 0 0 0 0 0 0 0 0 0 0 0 0 0 0 0 0 0 0 0 0 0 0 0 0 0 0 0 0 0 0 0 0 0 0 0 0 0 0 0 0 0 0 0 0 0 0 0 0 0 0 0 0 0 0 0 0 0 0 0 0 0 0 0 data 40 0x20005 0x141c 0x0 0x0 0x0 0x0 0x0 0xd0007 0x0 0x70 0x141c 0x150005 0x141c 0x0 0x0 0x0 0x0 0x0 0x180003 0x141c 0x50 0x200005 0x0 0x0 0x0 0x0 0x0 0x0 0x0 0x0 0x0 0x0 0x0 0x0 0x9 0x4 0x0 0x0 0x0 0x0 oops 0 methods 0
ciMethodData java/lang/StringConcatHelper initialCoder ()J 2 16351 orig 80 0 0 0 0 0 0 0 0 0 0 0 0 251 1 0 0 0 0 0 0 0 0 0 0 0 0 0 0 0 0 0 0 0 0 0 0 0 0 0 0 0 0 0 0 0 0 0 0 0 0 0 0 0 0 0 0 0 0 0 0 0 0 0 0 0 0 0 0 0 0 0 0 0 0 0 0 0 0 0 0 data 12 0x30007 0x0 0x38 0x3fdf 0x70003 0x3fdf 0x18 0x0 0x0 0x0 0x9 0x0 oops 0 methods 0
ciMethodData java/lang/String concat (Ljava/lang/String;)Ljava/lang/String; 2 16167 orig 80 0 0 0 0 0 0 0 0 0 0 0 0 251 1 0 0 0 0 0 0 0 0 0 0 0 0 0 0 0 0 0 0 0 0 0 0 0 0 0 0 0 0 0 0 0 0 0 0 0 0 0 0 0 0 0 0 0 0 0 0 0 0 0 0 0 0 0 0 0 0 0 0 0 0 0 0 0 0 0 0 data 23 0x10005 0x3f27 0x0 0x0 0x0 0x0 0x0 0x40007 0x3f27 0x20 0x0 0xb0002 0x3f27 0x0 0x0 0x0 0x0 0x0 0x0 0x9 0x2 0x0 0x0 oops 0 methods 0
ciMethodData java/lang/StringConcatHelper simpleConcat (Ljava/lang/Object;Ljava/lang/Object;)Ljava/lang/String; 2 16353 orig 80 0 0 0 0 0 0 0 0 0 0 0 0 251 1 0 0 0 0 0 0 0 0 0 0 0 0 0 0 0 0 0 0 0 0 0 0 0 0 0 0 0 0 0 0 0 0 0 0 0 0 0 0 0 0 0 0 0 0 0 0 0 0 0 0 0 0 0 0 0 0 0 0 0 0 0 0 0 0 0 0 data 54 0x10002 0x3fe1 0x60002 0x3fe1 0xb0005 0x3fe1 0x0 0x0 0x0 0x0 0x0 0xe0007 0x3fde 0x30 0x3 0x160002 0x3 0x1b0005 0x3fde 0x0 0x0 0x0 0x0 0x0 0x1e0007 0x3fde 0x30 0x0 0x260002 0x0 0x2a0002 0x3fde 0x2e0002 0x3fde 0x360002 0x3fde 0x3d0002 0x3fde 0x470002 0x3fde 0x510002 0x3fde 0x5a0002 0x3fde 0x0 0x0 0x0 0x0 0x0 0x0 0x9 0x2 0x0 0x0 oops 0 methods 0
ciMethodData java/lang/String <init> (Ljava/lang/String;)V 1 3 orig 80 0 0 0 0 0 0 0 0 0 0 0 0 251 1 0 0 0 0 0 0 0 0 0 0 0 0 0 0 0 0 0 0 0 0 0 0 0 0 0 0 0 0 0 0 0 0 0 0 0 0 0 0 0 0 0 0 0 0 0 0 0 0 0 0 0 0 0 0 0 0 0 0 0 0 0 0 0 0 0 0 data 10 0x10002 0x3 0x0 0x0 0x0 0x0 0x9 0x2 0xe 0x0 oops 0 methods 0
ciMethodData java/lang/StringConcatHelper newString ([BJ)Ljava/lang/String; 2 5128 orig 80 0 0 0 0 0 0 0 0 0 0 0 0 251 1 0 0 0 0 0 0 0 0 0 0 0 0 0 0 0 0 0 0 0 0 0 0 0 0 0 0 0 0 0 0 0 0 0 0 0 0 0 0 0 0 0 0 0 0 0 0 0 0 0 0 0 0 0 0 0 0 0 0 0 0 0 0 0 0 0 0 data 55 0x30007 0x0 0x30 0x1408 0xc0002 0x1408 0x150007 0x0 0x30 0x0 0x1e0002 0x0 0x2a0002 0x0 0x2f0005 0x0 0x0 0x0 0x0 0x0 0x0 0x340005 0x0 0x0 0x0 0x0 0x0 0x0 0x390005 0x0 0x0 0x0 0x0 0x0 0x0 0x3c0005 0x0 0x0 0x0 0x0 0x0 0x0 0x3f0002 0x0 0x0 0x0 0x0 0x0 0x0 0x0 0x9 0x3 0x0 0x0 0x0 oops 0 methods 0
ciMethodData jdk/internal/loader/URLClassPath getResource (Ljava/lang/String;Z)Ljdk/internal/loader/Resource; 2 761 orig 80 1 0 0 0 0 0 0 0 0 0 0 0 251 1 0 0 0 0 0 0 1 0 0 0 0 0 0 0 0 0 0 0 0 0 0 0 0 0 0 0 0 0 0 0 0 0 0 0 0 0 0 0 0 0 0 0 0 0 0 0 0 0 0 0 0 0 0 0 0 0 0 0 0 0 0 0 0 0 0 0 data 77 0x30007 0x2f9 0x148 0x0 0xd0002 0x0 0x120005 0x0 0x0 0x0 0x0 0x0 0x0 0x160005 0x0 0x0 0x0 0x0 0x0 0x0 0x1b0005 0x0 0x0 0x0 0x0 0x0 0x0 0x1e0005 0x0 0x0 0x0 0x0 0x0 0x0 0x210005 0x0 0x0 0x0 0x0 0x0 0x0 0x2a0005 0x7bea 0x0 0x0 0x0 0x0 0x0 0x2f0007 0x17d 0x90 0x7a6d 0x400350005 0x0 0x0 0x1fbe26c7150 0x7a6d 0x1fbe26c7200 0x1 0x3c0007 0x78f1 0x20 0x17d 0x450003 0x78f1 0xffffffffffffff50 0x0 0x0 0x0 0x0 0x0 0x0 0x9 0x3 0xffffffffffffffff 0xffffffffffffffff 0x0 oops 2 55 jdk/internal/loader/URLClassPath$JarLoader 57 jdk/internal/loader/URLClassPath$FileLoader methods 0
ciMethod java/lang/SecurityException <init> (Ljava/lang/String;)V 0 0 1 0 -1
ciMethodData java/util/zip/ZipFile getInputStream (Ljava/util/zip/ZipEntry;)Ljava/io/InputStream; 2 5201 orig 80 0 0 0 0 0 0 0 0 0 0 0 0 251 1 0 0 0 0 0 0 0 0 0 0 0 0 0 0 0 0 0 0 0 0 0 0 0 0 0 0 0 0 0 0 0 0 0 0 0 0 0 0 0 0 0 0 0 0 0 0 0 0 0 0 0 0 0 0 0 0 0 0 0 0 0 0 0 0 0 0 data 93 0x30002 0x1451 0x1f0005 0x1451 0x0 0x0 0x0 0x0 0x0 0x2a0002 0x1451 0x2d0007 0x89 0x38 0x13c8 0x350003 0x13c8 0x50 0x3f0005 0x89 0x0 0x0 0x0 0x0 0x0 0x450007 0x1451 0x20 0x0 0x580002 0x1451 0x620002 0x1451 0x650008 0x6 0x0 0x140 0x0 0x40 0x1451 0x90 0x890005 0x0 0x0 0x0 0x0 0x0 0x0 0x920003 0x0 0x18 0xa80002 0x1451 0xb70007 0x1448 0x20 0x9 0xc30007 0x1451 0x20 0x0 0xd80002 0x1451 0xe70005 0x0 0x0 0x1fbe5747bc8 0x1451 0x0 0x0 0xf00003 0x1451 0x18 0x1070002 0x0 0x0 0x0 0x0 0x0 0x0 0x0 0x0 0x0 0x0 0x0 0x0 0x0 0x0 0x0 0x9 0x2 0x0 0x0 oops 1 66 java/util/Collections$SetFromMap methods 0
ciMethodData java/util/jar/JarFile maybeInstantiateVerifier ()V 2 10736 orig 80 1 0 0 0 0 0 0 0 0 0 0 0 251 1 0 0 0 0 0 0 0 0 0 0 0 0 0 0 0 0 0 0 0 0 0 0 0 0 0 1 0 0 0 0 0 0 0 0 0 0 0 0 0 0 0 0 0 0 0 0 0 0 0 0 0 0 0 0 0 0 0 0 0 0 0 0 0 0 0 0 data 35 0x40007 0x28ed 0x20 0x103 0xc0007 0x2833 0xb0 0xba 0x140005 0x0 0x0 0x1fbe41db778 0xba 0x0 0x0 0x80000006001b0007 0xb9 0x58 0x2 0x1f0005 0x0 0x0 0x1fbe4140070 0x2 0x0 0x0 0x0 0x0 0x0 0x0 0x0 0x0 0x9 0x1 0x0 oops 2 11 java/util/zip/ZipFile$1 22 java/util/jar/JarFile methods 0
ciMethodData java/util/zip/ZipFile$1 getManifestName (Ljava/util/jar/JarFile;Z)Ljava/lang/String; 1 606 orig 80 0 0 0 0 0 0 0 0 0 0 0 0 251 1 0 0 0 0 0 0 0 0 0 0 0 0 0 0 0 0 0 0 0 0 0 0 0 0 0 0 0 0 0 0 0 0 0 0 0 0 0 0 0 0 0 0 0 0 0 0 0 0 0 0 0 0 0 0 0 0 0 0 0 0 0 0 0 0 0 0 data 18 0x20005 0x25e 0x0 0x0 0x0 0x0 0x0 0x0 0x0 0x0 0x0 0x0 0x0 0x9 0x3 0x0 0x0 0x0 oops 0 methods 0
ciMethodData java/util/zip/ZipFile getManifestName (Z)Ljava/lang/String; 1 633 orig 80 0 0 0 0 0 0 0 0 0 0 0 0 251 1 0 0 0 0 0 0 0 0 0 0 0 0 0 0 0 0 0 0 0 0 0 0 0 0 0 0 0 0 0 0 0 0 0 0 0 0 0 0 0 0 0 0 0 0 0 0 0 0 0 0 0 0 0 0 0 0 0 0 0 0 0 0 0 0 0 0 data 39 0x50005 0x279 0x0 0x0 0x0 0x0 0x0 0x180007 0x3 0x98 0x276 0x1c0007 0x1a2 0x40 0xd4 0x230007 0xd2 0x58 0x2 0x290005 0x1a4 0x0 0x0 0x0 0x0 0x0 0x310003 0xd5 0x18 0x0 0x0 0x0 0x0 0x0 0x0 0x9 0x2 0x0 0x0 oops 0 methods 0
ciMethodData java/util/jar/JarFile getManifest ()Ljava/util/jar/Manifest; 2 5176 orig 80 0 0 0 0 0 0 0 0 0 0 0 0 251 1 0 0 0 0 0 0 0 0 0 0 0 0 0 0 0 0 0 0 0 0 0 0 0 0 0 0 0 0 0 0 0 0 0 0 0 0 0 0 0 0 0 0 0 0 0 0 0 0 0 0 0 0 0 0 0 0 0 0 0 0 0 0 0 0 0 0 data 16 0x10005 0x1438 0x0 0x0 0x0 0x0 0x0 0x0 0x0 0x0 0x0 0x0 0x0 0x9 0x1 0x0 oops 0 methods 0
ciMethodData java/util/jar/JarFile getManifestFromReference ()Ljava/util/jar/Manifest; 2 5265 orig 80 0 0 0 0 0 0 0 0 0 0 0 0 251 1 0 0 0 0 0 0 0 0 0 0 0 0 0 0 0 0 0 0 0 0 0 0 0 0 0 0 0 0 0 0 0 0 0 0 0 0 0 0 0 0 0 0 0 0 0 0 0 0 0 0 0 0 0 0 0 0 0 0 0 0 0 0 0 0 0 0 data 159 0x40007 0x139 0xa8 0x1358 0xb0005 0x0 0x0 0x1fbfd8f4878 0x1358 0x0 0x0 0xe0004 0x0 0x0 0x1fbfd8f6d38 0x135a 0x0 0x0 0x110003 0x135a 0x18 0x170007 0x135a 0x3f0 0x139 0x1b0005 0x139 0x0 0x0 0x0 0x0 0x0 0x200007 0x2 0x398 0x137 0x270007 0x82 0x1f8 0xb5 0x2c0005 0xb5 0x0 0x0 0x0 0x0 0x0 0x340007 0x0 0x130 0xb5 0x3b0005 0x0 0x0 0x1fbe41db778 0xb5 0x0 0x0 0x410007 0x0 0x80 0xb5 0x4a0005 0x0 0x0 0x1fbe441fd40 0xb5 0x0 0x0 0x4e0002 0xb5 0x540003 0xb5 0x70 0x5a0007 0x0 0x58 0x0 0x620005 0x0 0x0 0x0 0x0 0x0 0x0 0x720002 0xb5 0x760005 0x0 0x0 0x1fbe4140070 0xb5 0x0 0x0 0x790002 0xb5 0x7d0003 0xb5 0x188 0x820002 0x82 0x8c0005 0x0 0x0 0x1fbe4140070 0x82 0x0 0x0 0x8f0002 0x82 0x940007 0x0 0x118 0x82 0x980005 0x0 0x0 0x1fbe441fdf0 0x82 0x0 0x0 0x9b0003 0x82 0xc0 0xa10007 0x0 0xa8 0x0 0xa50005 0x0 0x0 0x0 0x0 0x0 0x0 0xa80003 0x0 0x50 0xb10005 0x0 0x0 0x0 0x0 0x0 0x0 0xbd0002 0x137 0x0 0x0 0x0 0x0 0x0 0x0 0x0 0x0 0x0 0x9 0x1 0x0 oops 7 7 java/lang/ref/SoftReference 14 java/util/jar/Manifest 54 java/util/zip/ZipFile$1 65 java/util/jar/JarFile$JarFileEntry 90 java/util/jar/JarFile 104 java/util/jar/JarFile 117 java/util/zip/ZipFile$ZipFileInflaterInputStream methods 0
ciMethodData java/lang/ref/SoftReference get ()Ljava/lang/Object; 2 10242 orig 80 1 0 0 0 2 0 0 0 0 0 0 0 251 1 0 0 0 0 0 0 0 0 0 0 0 0 0 0 0 0 0 0 0 0 0 0 0 0 0 3 0 0 0 0 0 0 0 0 0 0 0 0 0 0 0 0 0 0 0 0 0 0 0 0 0 0 0 0 0 0 0 0 0 0 0 0 0 0 0 0 data 19 0x10002 0x2802 0x60007 0x0 0x40 0x2802 0x8000000600110007 0x2640 0x20 0x1c5 0x0 0x0 0x0 0x0 0x0 0x0 0x9 0x1 0x0 oops 0 methods 0
ciMethodData java/lang/Module isNamed ()Z 2 7421 orig 80 0 0 0 0 0 0 0 0 0 0 0 0 251 1 0 0 0 0 0 0 0 0 0 0 0 0 0 0 0 0 0 0 0 0 0 0 0 0 0 0 0 0 0 0 0 0 0 0 0 0 0 0 0 0 0 0 0 0 0 0 0 0 0 0 0 0 0 0 0 0 0 0 0 0 0 0 0 0 0 0 data 16 0x40007 0x173b 0x38 0x5c2 0x80003 0x5c2 0x18 0x0 0x0 0x0 0x0 0x0 0x0 0x9 0x1 0x0 oops 0 methods 0
ciMethodData java/net/URLClassLoader$1 run ()Ljava/lang/Object; 2 10274 orig 80 0 0 0 0 0 0 0 0 0 0 0 0 251 1 0 0 0 0 0 0 0 0 0 0 0 0 0 0 0 0 0 0 0 0 0 0 0 0 0 0 0 0 0 0 0 0 0 0 0 0 0 0 0 0 0 0 0 0 0 0 0 0 0 0 0 0 0 0 0 0 0 0 0 0 0 0 0 0 0 0 data 16 0x10005 0x0 0x0 0x1fbe301d4e0 0x2822 0x0 0x0 0x0 0x0 0x0 0x0 0x0 0x0 0x9 0x1 0x0 oops 1 3 java/net/URLClassLoader$1 methods 0
ciMethodData java/net/URLClassLoader$1 run ()Ljava/lang/Class; 2 10274 orig 80 0 0 0 0 0 0 0 0 0 0 0 0 251 1 0 0 0 0 0 0 0 0 0 0 0 0 0 0 0 0 0 0 0 0 0 0 0 0 0 0 0 0 0 0 0 0 0 0 0 0 0 0 0 0 0 0 0 0 0 0 0 0 0 0 0 0 0 0 0 0 0 0 0 0 0 0 0 0 0 0 data 68 0x80005 0x2822 0x0 0x0 0x0 0x0 0x0 0xd0005 0x2822 0x0 0x0 0x0 0x0 0x0 0x1a0005 0x0 0x0 0x1fbe3021cc0 0x2822 0x0 0x0 0x1f0007 0x1503 0x130 0x131f 0x2b0005 0x131f 0x0 0x0 0x0 0x0 0x0 0x390002 0x0 0x3f0005 0x0 0x0 0x0 0x0 0x0 0x0 0x420007 0x0 0x90 0x0 0x470005 0x0 0x0 0x0 0x0 0x0 0x0 0x4a0005 0x0 0x0 0x0 0x0 0x0 0x0 0x0 0x0 0x0 0x0 0x0 0x0 0x9 0x1 0x0 oops 1 17 jdk/internal/loader/URLClassPath methods 0
ciMethodData java/net/URLClassLoader defineClass (Ljava/lang/String;Ljdk/internal/loader/Resource;)Ljava/lang/Class; 2 4894 orig 80 0 0 0 0 0 0 0 0 0 0 0 0 251 1 0 0 0 0 0 0 0 0 0 0 0 0 0 0 0 0 0 0 0 0 0 0 0 0 0 0 0 0 0 0 0 0 0 0 0 0 0 0 0 0 0 0 0 0 0 0 0 0 0 0 0 0 0 0 0 0 0 0 0 0 0 0 0 0 0 0 data 184 0x2 0x131e 0x70005 0x131e 0x0 0x0 0x0 0x0 0x0 0xd0005 0x0 0x0 0x1fbe40fbb60 0x130f 0x1fbe40fbc10 0xf 0x150007 0xf 0x2c8 0x130f 0x1c0005 0x130f 0x0 0x0 0x0 0x0 0x0 0x220005 0x0 0x0 0x1fbe40fbb60 0x130f 0x0 0x0 0x2e0005 0x1311 0x0 0x0 0x0 0x0 0x0 0x310007 0x10f4 0x200 0x21d 0x360007 0x1 0x70 0x21c 0x400005 0x10 0x0 0x1fbe40fbcc0 0x17a 0x1fbe40fbd70 0x92 0x440003 0x21c 0x50 0x510005 0x0 0x0 0x1fbe40fbcc0 0x1 0x0 0x0 0x550003 0x21d 0x138 0x610005 0x0 0x0 0x0 0x0 0x0 0x0 0x640007 0x0 0xe8 0x0 0x6f0002 0x0 0x740005 0x0 0x0 0x0 0x0 0x0 0x0 0x790005 0x0 0x0 0x0 0x0 0x0 0x0 0x7c0005 0x0 0x0 0x0 0x0 0x0 0x0 0x7f0002 0x0 0x840005 0x0 0x0 0x1fbe40fbb60 0x1311 0x1fbe40fbc10 0xf 0x8b0007 0x1320 0xe8 0x0 0x8f0005 0x0 0x0 0x0 0x0 0x0 0x0 0x9c0002 0x0 0xa10002 0x0 0xa50005 0x0 0x0 0x0 0x0 0x0 0x0 0xae0005 0x0 0x0 0x0 0x0 0x0 0x0 0xb30005 0x0 0x0 0x1fbe40fbb60 0x1311 0x1fbe40fbc10 0xf 0xb90005 0x0 0x0 0x1fbe40fbb60 0x1311 0x1fbe40fbc10 0xf 0xc60002 0x1320 0xcb0002 0x1320 0xcf0005 0x0 0x0 0x1fbe40f87d8 0x1320 0x0 0x0 0xdc0005 0x1320 0x0 0x0 0x0 0x0 0x0 0x0 0x0 0x0 0x0 0x0 0x0 0x9 0x3 0x0 0x0 0x0 oops 13 12 jdk/internal/loader/URLClassPath$JarLoader$2 14 jdk/internal/loader/URLClassPath$FileLoader$1 30 jdk/internal/loader/URLClassPath$JarLoader$2 52 org/gradle/internal/classloader/VisitableURLClassLoader 54 org/gradle/initialization/MixInLegacyTypesClassLoader 62 org/gradle/internal/classloader/VisitableURLClassLoader 108 jdk/internal/loader/URLClassPath$JarLoader$2 110 jdk/internal/loader/URLClassPath$FileLoader$1 144 jdk/internal/loader/URLClassPath$JarLoader$2 146 jdk/internal/loader/URLClassPath$FileLoader$1 151 jdk/internal/loader/URLClassPath$JarLoader$2 153 jdk/internal/loader/URLClassPath$FileLoader$1 162 jdk/internal/perf/PerfCounter methods 0
ciMethodData java/net/URLClassLoader getAndVerifyPackage (Ljava/lang/String;Ljava/util/jar/Manifest;Ljava/net/URL;)Ljava/lang/Package; 2 4981 orig 80 0 0 0 0 0 0 0 0 0 0 0 0 251 1 0 0 0 0 0 0 0 0 0 0 0 0 0 0 0 0 0 0 0 0 0 0 0 0 0 0 0 0 0 0 0 0 0 0 0 0 0 0 0 0 0 0 0 0 0 0 0 0 0 0 0 0 0 0 0 0 0 0 0 0 0 0 0 0 0 0 data 124 0x20005 0x1375 0x0 0x0 0x0 0x0 0x0 0x90007 0x237 0x348 0x113e 0xe0005 0x0 0x0 0x1fbe40fa390 0x113e 0x0 0x0 0x110007 0x113e 0x178 0x0 0x170005 0x0 0x0 0x0 0x0 0x0 0x0 0x1a0007 0x0 0x298 0x0 0x250002 0x0 0x2a0005 0x0 0x0 0x0 0x0 0x0 0x0 0x2e0005 0x0 0x0 0x0 0x0 0x0 0x0 0x330005 0x0 0x0 0x0 0x0 0x0 0x0 0x360005 0x0 0x0 0x0 0x0 0x0 0x0 0x390002 0x0 0x3e0007 0x0 0x178 0x113e 0x440005 0x113e 0x0 0x0 0x0 0x0 0x0 0x470007 0x113e 0x120 0x0 0x520002 0x0 0x570005 0x0 0x0 0x0 0x0 0x0 0x0 0x5b0005 0x0 0x0 0x0 0x0 0x0 0x0 0x600005 0x0 0x0 0x0 0x0 0x0 0x0 0x630005 0x0 0x0 0x0 0x0 0x0 0x0 0x660002 0x0 0x0 0x0 0x0 0x0 0x0 0x0 0x9 0x4 0x0 0x0 0x0 0x0 oops 1 14 java/lang/Package methods 0
ciMethodData java/lang/ClassLoader getDefinedPackage (Ljava/lang/String;)Ljava/lang/Package; 2 5067 orig 80 0 0 0 0 0 0 0 0 0 0 0 0 251 1 0 0 0 0 0 0 0 0 0 0 0 0 0 0 0 0 0 0 0 0 0 0 0 0 0 0 0 0 0 0 0 0 0 0 0 0 0 0 0 0 0 0 0 0 0 0 0 0 0 0 0 0 0 0 0 0 0 0 0 0 0 0 0 0 0 0 data 44 0x40002 0x13cb 0xd0005 0x0 0x0 0x1fbfd8f7098 0x13cb 0x0 0x0 0x100104 0x0 0x0 0x1fbe40fa390 0x113f 0x0 0x0 0x150007 0x113f 0x20 0x28c 0x1d0005 0x0 0x0 0x1fbe40fa390 0x113f 0x0 0x0 0x200005 0x47 0x0 0x1fbe40fbcc0 0xf59 0x1fbe40fbd70 0x19f 0x0 0x0 0x0 0x0 0x0 0x0 0x9 0x2 0x0 0x0 oops 5 5 java/util/concurrent/ConcurrentHashMap 12 java/lang/Package 23 java/lang/Package 30 org/gradle/internal/classloader/VisitableURLClassLoader 32 org/gradle/initialization/MixInLegacyTypesClassLoader methods 0
ciMethodData java/lang/Package isSealed ()Z 2 4414 orig 80 0 0 0 0 0 0 0 0 0 0 0 0 251 1 0 0 0 0 0 0 0 0 0 0 0 0 0 0 0 0 0 0 0 0 0 0 0 0 0 0 0 0 0 0 0 0 0 0 0 0 0 0 0 0 0 0 0 0 0 0 0 0 0 0 0 0 0 0 0 0 0 0 0 0 0 0 0 0 0 0 data 34 0x10005 0x0 0x0 0x1fbe40fa390 0x113e 0x0 0x0 0x40005 0x113e 0x0 0x0 0x0 0x0 0x0 0x70007 0x0 0x40 0x113e 0x110007 0x113e 0x38 0x0 0x150003 0x0 0x18 0x0 0x0 0x0 0x0 0x0 0x0 0x9 0x1 0x0 oops 1 3 java/lang/Package methods 0
ciMethodData java/lang/Package isSealed (Ljava/net/URL;)Z 1 0 orig 80 0 0 0 0 0 0 0 0 0 0 0 0 251 1 0 0 0 0 0 0 0 0 0 0 0 0 0 0 0 0 0 0 0 0 0 0 0 0 0 0 0 0 0 0 0 0 0 0 0 0 0 0 0 0 0 0 0 0 0 0 0 0 0 0 0 0 0 0 0 0 0 0 0 0 0 0 0 0 0 0 data 50 0x10002 0x0 0xe0007 0x0 0x38 0x0 0x190003 0x0 0xd8 0x1d0005 0x0 0x0 0x0 0x0 0x0 0x0 0x220007 0x0 0x70 0x0 0x260005 0x0 0x0 0x0 0x0 0x0 0x0 0x290003 0x0 0x18 0x2e0003 0x0 0x18 0x340005 0x0 0x0 0x0 0x0 0x0 0x0 0x0 0x0 0x0 0x0 0x0 0x0 0x9 0x2 0x0 0x0 oops 0 methods 0
ciMethodData java/net/URLClassLoader isSealed (Ljava/lang/String;Ljava/util/jar/Manifest;)Z 2 4413 orig 80 0 0 0 0 0 0 0 0 0 0 0 0 251 1 0 0 0 0 0 0 0 0 0 0 0 0 0 0 0 0 0 0 0 0 0 0 0 0 0 0 0 0 0 0 0 0 0 0 0 0 0 0 0 0 0 0 0 0 0 0 0 0 0 0 0 0 0 0 0 0 0 0 0 0 0 0 0 0 0 0 data 74 0x2 0x113d 0x90005 0x113d 0x0 0x0 0x0 0x0 0x0 0xf0005 0x113d 0x0 0x0 0x0 0x0 0x0 0x120005 0x0 0x0 0x1fbe4140670 0x113d 0x0 0x0 0x1c0007 0x113a 0x58 0x3 0x230005 0x0 0x0 0x1fbe4511338 0x3 0x0 0x0 0x2a0007 0x0 0xb0 0x113d 0x2e0005 0x0 0x0 0x1fbfd8f6d38 0x113d 0x0 0x0 0x330007 0x0 0x58 0x113d 0x3a0005 0x0 0x0 0x1fbe4511338 0x113d 0x0 0x0 0x440005 0x113d 0x0 0x0 0x0 0x0 0x0 0x0 0x0 0x0 0x0 0x0 0x0 0x9 0x3 0x0 0x0 0xffffffffffffffff oops 4 19 java/util/jar/JavaUtilJarAccessImpl 30 java/util/jar/Attributes 41 java/util/jar/Manifest 52 java/util/jar/Attributes methods 0
ciMethodData jdk/internal/perf/PerfCounter getReadClassBytesTime ()Ljdk/internal/perf/PerfCounter; 2 4830 orig 80 0 0 0 0 0 0 0 0 0 0 0 0 251 1 0 0 0 0 0 0 0 0 0 0 0 0 0 0 0 0 0 0 0 0 0 0 0 0 0 0 0 0 0 0 0 0 0 0 0 0 0 0 0 0 0 0 0 0 0 0 0 0 0 0 0 0 0 0 0 0 0 0 0 0 0 0 0 0 0 0 data 4 0x0 0x0 0x9 0x0 oops 0 methods 0
ciMethodData java/lang/ClassLoader definePackage (Ljava/lang/String;Ljava/lang/Module;)Ljava/lang/Package; 2 4524 orig 80 0 0 0 0 0 0 0 0 0 0 0 0 251 1 0 0 0 0 0 0 0 0 0 0 0 0 0 0 0 0 0 0 0 0 0 0 0 0 0 0 0 0 0 0 0 0 0 0 0 0 0 0 0 0 0 0 0 0 0 0 0 0 0 0 0 0 0 0 0 0 0 0 0 0 0 0 0 0 0 0 data 112 0x10005 0x11ac 0x0 0x0 0x0 0x0 0x0 0x40007 0x11ac 0x140 0x0 0x80005 0x0 0x0 0x0 0x0 0x0 0x0 0xb0007 0x0 0xe8 0x0 0x160002 0x0 0x1c0005 0x0 0x0 0x0 0x0 0x0 0x0 0x200005 0x0 0x0 0x0 0x0 0x0 0x0 0x230005 0x0 0x0 0x0 0x0 0x0 0x0 0x260002 0x0 0x2f0005 0x0 0x0 0x1fbfd8f7098 0x11ac 0x0 0x0 0x320104 0x0 0x0 0x1fbe40fa390 0x1161 0x0 0x0 0x370104 0x0 0x0 0x1fbe40fa390 0x1161 0x0 0x0 0x3a0007 0x4b 0x58 0x1161 0x3e0004 0x0 0x0 0x1fbe40fa390 0x1161 0x0 0x0 0x49000a 0x0 0x5 0x0 0x0 0x1 0x0 0x1fbe4fa2b18 0x4e0005 0x0 0x0 0x1fbfd8f7098 0x4b 0x0 0x0 0x510004 0x0 0x0 0x1fbe40fa390 0x4b 0x0 0x0 0x0 0x0 0x0 0x0 0x0 0x0 0x9 0x3 0x0 0xffffffffffffffff 0xffffffffffffffff oops 7 50 java/util/concurrent/ConcurrentHashMap 57 java/lang/Package 64 java/lang/Package 75 java/lang/Package 86  @bci java/lang/ClassLoader definePackage (Ljava/lang/String;Ljava/lang/Module;)Ljava/lang/Package; 73 <appendix> member <vmtarget> ; 90 java/util/concurrent/ConcurrentHashMap 97 java/lang/Package methods 0
ciMethodData java/util/concurrent/ConcurrentHashMap compute (Ljava/lang/Object;Ljava/util/function/BiFunction;)Ljava/lang/Object; 1 81 orig 80 0 0 0 0 0 0 0 0 0 0 0 0 251 1 0 0 0 0 0 0 0 0 0 0 0 0 0 0 0 0 0 0 0 0 0 0 0 0 0 0 0 0 0 0 0 0 0 0 0 0 0 0 0 0 0 0 0 0 0 0 0 0 0 0 0 0 0 0 0 0 0 0 0 0 0 0 0 0 0 0 data 343 0x10007 0x0 0x40 0x51 0x50007 0x51 0x30 0x0 0xc0002 0x0 0x110005 0x0 0x0 0x1fbfd8f3898 0x51 0x0 0x0 0x140002 0x51 0x290007 0x1 0x40 0x51 0x320007 0x51 0x70 0x0 0x360005 0x1 0x0 0x0 0x0 0x0 0x0 0x3b0003 0x1 0x8b0 0x490002 0x51 0x4f0007 0x19 0x168 0x38 0x560002 0x38 0x680002 0x38 0x6b0007 0x0 0xc0 0x38 0x770005 0x0 0x0 0x1fbe4fa2b18 0x32 0x1fbe574c2f0 0x6 0x7f0007 0x0 0x30 0x38 0x8d0002 0x38 0x980002 0x38 0x9b0003 0x38 0x28 0xa60002 0x0 0xaf0003 0x38 0x18 0xbc0007 0x0 0x38 0x38 0xbf0003 0x38 0x768 0xc20003 0x0 0x738 0xce0007 0x19 0x70 0x0 0xd60005 0x0 0x0 0x0 0x0 0x0 0x0 0xdb0003 0x0 0x6c8 0xe80002 0x19 0xed0007 0x0 0x5f8 0x19 0xf20007 0x0 0x2a8 0x19 0x1050007 0x1f 0x188 0x0 0x1110007 0x0 0x98 0x0 0x1160007 0x0 0x148 0x0 0x11c0005 0x0 0x0 0x0 0x0 0x0 0x0 0x11f0007 0x0 0xf0 0x0 0x1290005 0x0 0x0 0x0 0x0 0x0 0x0 0x1320007 0x0 0x38 0x0 0x13c0003 0x0 0x160 0x14b0007 0x0 0x38 0x0 0x1550003 0x0 0x28 0x15e0002 0x0 0x1610003 0x0 0x100 0x1700007 0x6 0xd0 0x19 0x1760005 0x0 0x0 0x1fbe4fa2b18 0x19 0x0 0x0 0x17f0007 0x0 0x90 0x19 0x1870007 0x19 0x30 0x0 0x1900002 0x0 0x1a10002 0x19 0x1a70003 0x19 0x30 0x1ad0003 0x6 0xfffffffffffffda8 0x1b00003 0x19 0x348 0x1b50004 0x0 0x0 0x0 0x0 0x0 0x0 0x1b80007 0x0 0x290 0x0 0x1c00004 0x0 0x0 0x0 0x0 0x0 0x0 0x1cd0007 0x0 0x70 0x0 0x1d50005 0x0 0x0 0x0 0x0 0x0 0x0 0x1da0003 0x0 0x18 0x1e20007 0x0 0x38 0x0 0x1e60003 0x0 0x18 0x1f40005 0x0 0x0 0x0 0x0 0x0 0x0 0x1fd0007 0x0 0xa8 0x0 0x2020007 0x0 0x38 0x0 0x20c0003 0x0 0x100 0x2180005 0x0 0x0 0x0 0x0 0x0 0x0 0x21c0003 0x0 0xb0 0x2210007 0x0 0x98 0x0 0x22b0005 0x0 0x0 0x0 0x0 0x0 0x0 0x22e0007 0x0 0x40 0x0 0x23a0002 0x0 0x23d0002 0x0 0x2400003 0x0 0x80 0x2450004 0x0 0x0 0x0 0x0 0x0 0x0 0x2480007 0x0 0x30 0x0 0x2510002 0x0 0x2580003 0x19 0x18 0x2650007 0x0 0x90 0x19 0x26c0007 0x19 0x88 0x0 0x2740005 0x0 0x0 0x0 0x0 0x0 0x0 0x2770003 0x0 0x30 0x27a0003 0x1 0xfffffffffffff6d8 0x27f0007 0x0 0x58 0x51 0x2880005 0x51 0x0 0x0 0x0 0x0 0x0 0x0 0x0 0x0 0x0 0x0 0x0 0x0 0x0 0x0 0x0 0x0 0x0 0x9 0x3 0x0 0x0 0x0 oops 4 13 java/lang/String 54  @bci java/lang/ClassLoader definePackage (Ljava/lang/String;Ljava/lang/Module;)Ljava/lang/Package; 73 <appendix> member <vmtarget> ; 56 jdk/internal/loader/NativeLibraries$2 164  @bci java/lang/ClassLoader definePackage (Ljava/lang/String;Ljava/lang/Module;)Ljava/lang/Package; 73 <appendix> member <vmtarget> ; methods 0
ciMethodData jdk/internal/loader/URLClassPath$JarLoader$2 getCodeSourceURL ()Ljava/net/URL; 2 4096 orig 80 0 0 0 0 0 0 0 0 0 0 0 0 251 1 0 0 0 0 0 0 0 0 0 0 0 0 0 0 0 0 0 0 0 0 0 0 0 0 0 0 0 0 0 0 0 0 0 0 0 0 0 0 0 0 0 0 0 0 0 0 0 0 0 0 0 0 0 0 0 0 0 0 0 0 0 0 0 0 0 0 data 7 0x0 0x0 0x0 0x0 0x9 0x1 0x0 oops 0 methods 0
ciMethodData jdk/internal/loader/URLClassPath$JarLoader$2 getManifest ()Ljava/util/jar/Manifest; 2 4750 orig 80 0 0 0 0 0 0 0 0 0 0 0 0 251 1 0 0 0 0 0 0 0 0 0 0 0 0 0 0 0 0 0 0 0 0 0 0 0 0 0 0 0 0 0 0 0 0 0 0 0 0 0 0 0 0 0 0 0 0 0 0 0 0 0 0 0 0 0 0 0 0 0 0 0 0 0 0 0 0 0 0 data 25 0x2 0x128e 0xa0005 0x0 0x0 0x1fbe4140670 0x128e 0x0 0x0 0x160005 0x0 0x0 0x1fbe4140070 0x128e 0x0 0x0 0x0 0x0 0x0 0x0 0x0 0x0 0x9 0x1 0x0 oops 2 5 java/util/jar/JavaUtilJarAccessImpl 12 java/util/jar/JarFile methods 0
ciMethodData java/util/jar/JavaUtilJarAccessImpl ensureInitialization (Ljava/util/jar/JarFile;)V 2 4749 orig 80 0 0 0 0 0 0 0 0 0 0 0 0 251 1 0 0 0 0 0 0 0 0 0 0 0 0 0 0 0 0 0 0 0 0 0 0 0 0 0 0 0 0 0 0 0 0 0 0 0 0 0 0 0 0 0 0 0 0 0 0 0 0 0 0 0 0 0 0 0 0 0 0 0 0 0 0 0 0 0 0 data 17 0x10005 0x0 0x0 0x1fbe4140070 0x128d 0x0 0x0 0x0 0x0 0x0 0x0 0x0 0x0 0x9 0x2 0x0 0x0 oops 1 3 java/util/jar/JarFile methods 0
ciMethodData java/util/jar/JarFile ensureInitialization ()V 2 4749 orig 80 0 0 0 0 0 0 0 0 0 0 0 0 251 1 0 0 0 0 0 0 0 0 0 0 0 0 0 0 0 0 0 0 0 0 0 0 0 0 0 0 0 0 0 0 0 0 0 0 0 0 0 0 0 0 0 0 0 0 0 0 0 0 0 0 0 0 0 0 0 0 0 0 0 0 0 0 0 0 0 0 data 45 0x10005 0x128d 0x0 0x0 0x0 0x0 0x0 0x40003 0x128d 0x28 0xd0002 0x0 0x150007 0x1236 0xc0 0x57 0x1c0007 0x55 0xa0 0x2 0x1f0002 0x2 0x240005 0x2 0x0 0x0 0x0 0x0 0x0 0x2d0002 0x2 0x300003 0x2 0x28 0x350002 0x0 0x0 0x0 0x0 0x0 0x0 0x0 0x9 0x1 0x0 oops 0 methods 0
ciMethodData java/net/URLClassLoader definePackage (Ljava/lang/String;Ljava/util/jar/Manifest;Ljava/net/URL;)Ljava/lang/Package; 1 640 orig 80 0 0 0 0 0 0 0 0 0 0 0 0 251 1 0 0 0 0 0 0 0 0 0 0 0 0 0 0 0 0 0 0 0 0 0 0 0 0 0 0 0 0 0 0 0 0 0 0 0 0 0 0 0 0 0 0 0 0 0 0 0 0 0 0 0 0 0 0 0 0 0 0 0 0 0 0 0 0 0 0 data 194 0x180002 0x280 0x210005 0x280 0x0 0x0 0x0 0x0 0x0 0x270005 0x280 0x0 0x0 0x0 0x0 0x0 0x2a0005 0x0 0x0 0x1fbe4140670 0x280 0x0 0x0 0x330007 0x27f 0x1a8 0x1 0x3b0005 0x0 0x0 0x1fbe4511338 0x1 0x0 0x0 0x450005 0x0 0x0 0x1fbe4511338 0x1 0x0 0x0 0x4f0005 0x0 0x0 0x1fbe4511338 0x1 0x0 0x0 0x590005 0x0 0x0 0x1fbe4511338 0x1 0x0 0x0 0x630005 0x0 0x0 0x1fbe4511338 0x1 0x0 0x0 0x6d0005 0x0 0x0 0x1fbe4511338 0x1 0x0 0x0 0x770005 0x0 0x0 0x1fbe4511338 0x1 0x0 0x0 0x7d0005 0x0 0x0 0x1fbfd8f6d38 0x280 0x0 0x0 0x840007 0x0 0x288 0x280 0x890007 0x1 0x58 0x27f 0x910005 0x0 0x0 0x1fbe4511338 0x27f 0x0 0x0 0x980007 0x1 0x58 0x27f 0xa00005 0x0 0x0 0x1fbe4511338 0x27f 0x0 0x0 0xa70007 0x1 0x58 0x27f 0xaf0005 0x0 0x0 0x1fbe4511338 0x27f 0x0 0x0 0xb60007 0x1 0x58 0x27f 0xbe0005 0x0 0x0 0x1fbe4511338 0x27f 0x0 0x0 0xc50007 0x1 0x58 0x27f 0xcd0005 0x0 0x0 0x1fbe4511338 0x27f 0x0 0x0 0xd40007 0x1 0x58 0x27f 0xdc0005 0x0 0x0 0x1fbe4511338 0x27f 0x0 0x0 0xe30007 0x0 0x58 0x280 0xeb0005 0x0 0x0 0x1fbe4511338 0x280 0x0 0x0 0xf50005 0x280 0x0 0x0 0x0 0x0 0x0 0xf80007 0x280 0x20 0x0 0x10e0005 0x10 0x0 0x1fbe40fbcc0 0x1b3 0x1fbe40fbd70 0xbd 0x0 0x0 0x0 0x0 0x0 0x0 0x9 0x4 0x0 0x0 0x0 0x0 oops 18 19 java/util/jar/JavaUtilJarAccessImpl 30 java/util/jar/Attributes 37 java/util/jar/Attributes 44 java/util/jar/Attributes 51 java/util/jar/Attributes 58 java/util/jar/Attributes 65 java/util/jar/Attributes 72 java/util/jar/Attributes 79 java/util/jar/Manifest 94 java/util/jar/Attributes 105 java/util/jar/Attributes 116 java/util/jar/Attributes 127 java/util/jar/Attributes 138 java/util/jar/Attributes 149 java/util/jar/Attributes 160 java/util/jar/Attributes 178 org/gradle/internal/classloader/VisitableURLClassLoader 180 org/gradle/initialization/MixInLegacyTypesClassLoader methods 0
ciMethodData java/lang/ClassLoader definePackage (Ljava/lang/String;Ljava/lang/String;Ljava/lang/String;Ljava/lang/String;Ljava/lang/String;Ljava/lang/String;Ljava/lang/String;Ljava/net/URL;)Ljava/lang/Package; 1 643 orig 80 0 0 0 0 0 0 0 0 0 0 0 0 251 1 0 0 0 0 0 0 0 0 0 0 0 0 0 0 0 0 0 0 0 0 0 0 0 0 0 0 0 0 0 0 0 0 0 0 0 0 0 0 0 0 0 0 0 0 0 0 0 0 0 0 0 0 0 0 0 0 0 0 0 0 0 0 0 0 0 0 data 34 0x10002 0x283 0x170002 0x283 0x230005 0x0 0x0 0x1fbfd8f7098 0x283 0x0 0x0 0x260007 0x283 0x30 0x0 0x2e0002 0x0 0x0 0x0 0x0 0x0 0x0 0x0 0x9 0x9 0x0 0x0 0x0 0x0 0x0 0x0 0x0 0x0 0x0 oops 1 7 java/util/concurrent/ConcurrentHashMap methods 0
ciMethodData jdk/internal/loader/Resource getByteBuffer ()Ljava/nio/ByteBuffer; 2 4938 orig 80 0 0 0 0 0 0 0 0 0 0 0 0 251 1 0 0 0 0 0 0 0 0 0 0 0 0 0 0 0 0 0 0 0 0 0 0 0 0 0 0 0 0 0 0 0 0 0 0 0 0 0 0 0 0 0 0 0 0 0 0 0 0 0 0 0 0 0 0 0 0 0 0 0 0 0 0 0 0 0 0 data 41 0x10005 0x134a 0x0 0x0 0x0 0x0 0x0 0x60004 0xffffffffffffecb6 0x0 0x1fbe441fdf0 0xbb 0x1fbe5748740 0x1 0x90007 0x134a 0x90 0x0 0xd0004 0x0 0x0 0x0 0x0 0x0 0x0 0x100005 0x0 0x0 0x0 0x0 0x0 0x0 0x0 0x0 0x0 0x0 0x0 0x0 0x9 0x1 0xffffffffffffffff oops 2 10 java/util/zip/ZipFile$ZipFileInflaterInputStream 12 java/io/FileInputStream methods 0
ciMethodData jdk/internal/loader/URLClassPath$JarLoader$2 getCodeSigners ()[Ljava/security/CodeSigner; 2 5549 orig 80 0 0 0 0 0 0 0 0 0 0 0 0 251 1 0 0 0 0 0 0 0 0 0 0 0 0 0 0 0 0 0 0 0 0 0 0 0 0 0 0 0 0 0 0 0 0 0 0 0 0 0 0 0 0 0 0 0 0 0 0 0 0 0 0 0 0 0 0 0 0 0 0 0 0 0 0 0 0 0 0 data 16 0x40005 0x0 0x0 0x1fbe441fd40 0x15ad 0x0 0x0 0x0 0x0 0x0 0x0 0x0 0x0 0x9 0x1 0x0 oops 1 3 java/util/jar/JarFile$JarFileEntry methods 0
ciMethodData java/security/CodeSource <init> (Ljava/net/URL;[Ljava/security/CodeSigner;)V 2 5132 orig 80 0 0 0 0 0 0 0 0 0 0 0 0 251 1 0 0 0 0 0 0 0 0 0 0 0 0 0 0 0 0 0 0 0 0 0 0 0 0 0 0 0 0 0 0 0 0 0 0 0 0 0 0 0 0 0 0 0 0 0 0 0 0 0 0 0 0 0 0 0 0 0 0 0 0 0 0 0 0 0 0 data 37 0x10002 0x140c 0x190007 0x0 0x30 0x140c 0x1e0002 0x140c 0x250007 0x13b5 0x90 0x57 0x2a0005 0x0 0x0 0x0 0x0 0x0 0x0 0x2d0004 0x0 0x0 0x1fbe40f85f8 0x57 0x0 0x0 0x0 0x0 0x0 0x0 0x0 0x0 0x9 0x3 0x1e 0x0 0xffffffffffffffff oops 1 22 [Ljava/security/CodeSigner; methods 0
ciMethodData jdk/internal/loader/URLClassPath$JarLoader$2 getBytes ()[B 2 5548 orig 80 0 0 0 0 0 0 0 0 0 0 0 0 251 1 0 0 0 0 0 0 0 0 0 0 0 0 0 0 0 0 0 0 0 0 0 0 0 0 0 0 0 0 0 0 0 0 0 0 0 0 0 0 0 0 0 0 0 0 0 0 0 0 0 0 0 0 0 0 0 0 0 0 0 0 0 0 0 0 0 0 data 40 0x10002 0x15ac 0x90002 0x15ac 0xf0005 0x0 0x0 0x1fbe43b4e90 0x15ac 0x0 0x0 0x130005 0x0 0x0 0x1fbe43b4e90 0x15ac 0x0 0x0 0x1a0005 0x0 0x0 0x1fbe441fd40 0x15ac 0x0 0x0 0x1e0007 0x15ac 0x30 0x0 0x280002 0x0 0x0 0x0 0x0 0x0 0x0 0x0 0x9 0x1 0xffffffffffffffff oops 3 7 java/util/zip/CRC32 14 java/util/zip/CRC32 21 java/util/jar/JarFile$JarFileEntry methods 0
ciMethodData java/security/SecureClassLoader defineClass (Ljava/lang/String;[BIILjava/security/CodeSource;)Ljava/lang/Class; 2 5570 orig 80 0 0 0 0 0 0 0 0 0 0 0 0 251 1 0 0 0 0 0 0 0 0 0 0 0 0 0 0 0 0 0 0 0 0 0 0 0 0 0 0 0 0 0 0 0 0 0 0 0 0 0 0 0 0 0 0 0 0 0 0 0 0 0 0 0 0 0 0 0 0 0 0 0 0 0 0 0 0 0 0 data 28 0x90005 0x15c2 0x0 0x0 0x0 0x0 0x0 0xc0005 0x15c2 0x0 0x0 0x0 0x0 0x0 0x0 0x0 0x0 0x0 0x0 0x0 0x9 0x6 0xffffffffffffffff 0xffffffffffffffff 0xffffffffffffffff 0x0 0x0 0x0 oops 0 methods 0
ciMethodData java/util/zip/ZipFile$1 getManifestNum (Ljava/util/jar/JarFile;)I 1 181 orig 80 0 0 0 0 0 0 0 0 0 0 0 0 251 1 0 0 0 0 0 0 0 0 0 0 0 0 0 0 0 0 0 0 0 0 0 0 0 0 0 0 0 0 0 0 0 0 0 0 0 0 0 0 0 0 0 0 0 0 0 0 0 0 0 0 0 0 0 0 0 0 0 0 0 0 0 0 0 0 0 0 data 17 0x10005 0xb5 0x0 0x0 0x0 0x0 0x0 0x0 0x0 0x0 0x0 0x0 0x0 0x9 0x2 0x0 0x0 oops 0 methods 0
ciMethodData java/util/zip/ZipFile getManifestNum ()I 1 181 orig 80 0 0 0 0 0 0 0 0 0 0 0 0 251 1 0 0 0 0 0 0 0 0 0 0 0 0 0 0 0 0 0 0 0 0 0 0 0 0 0 0 0 0 0 0 0 0 0 0 0 0 0 0 0 0 0 0 0 0 0 0 0 0 0 0 0 0 0 0 0 0 0 0 0 0 0 0 0 0 0 0 data 16 0x50005 0xb5 0x0 0x0 0x0 0x0 0x0 0x0 0x0 0x0 0x0 0x0 0x0 0x9 0x1 0x0 oops 0 methods 0
ciMethodData java/util/jar/JarVerifier <init> (Ljava/lang/String;[B)V 1 181 orig 80 0 0 0 0 0 0 0 0 0 0 0 0 251 1 0 0 0 0 0 0 0 0 0 0 0 0 0 0 0 0 0 0 0 0 0 0 0 0 0 0 0 0 0 0 0 0 0 0 0 0 0 0 0 0 0 0 0 0 0 0 0 0 0 0 0 0 0 0 0 0 0 0 0 0 0 0 0 0 0 0 data 31 0x10002 0xb5 0x270002 0xb5 0x320002 0xb5 0x3f0002 0xb5 0x4a0002 0xb5 0x550002 0xb5 0x600002 0xb5 0x6b0002 0xb5 0x0 0x0 0x0 0x0 0x0 0x0 0x0 0x0 0x0 0x0 0x9 0x3 0xfe 0x0 0x0 oops 0 methods 0
ciMethodData java/util/jar/Manifest <init> (Ljava/util/jar/JarVerifier;Ljava/io/InputStream;Ljava/lang/String;)V 1 285 orig 80 0 0 0 0 0 0 0 0 0 0 0 0 251 1 0 0 0 0 0 0 0 0 0 0 0 0 0 0 0 0 0 0 0 0 0 0 0 0 0 0 0 0 0 0 0 0 0 0 0 0 0 0 0 0 0 0 0 0 0 0 0 0 0 0 0 0 0 0 0 0 0 0 0 0 0 0 0 0 0 0 data 25 0x10002 0x11d 0x90002 0x11d 0x140002 0x11d 0x1d0005 0x11d 0x0 0x0 0x0 0x0 0x0 0x0 0x0 0x0 0x0 0x0 0x0 0x9 0x4 0xffffffffffffffff 0x0 0xffffffffffffffff 0xffffffffffffffff oops 0 methods 0
ciMethodData java/util/jar/Manifest <init> (Ljava/io/InputStream;Ljava/lang/String;)V 1 104 orig 80 0 0 0 0 0 0 0 0 0 0 0 0 251 1 0 0 0 0 0 0 0 0 0 0 0 0 0 0 0 0 0 0 0 0 0 0 0 0 0 0 0 0 0 0 0 0 0 0 0 0 0 0 0 0 0 0 0 0 0 0 0 0 0 0 0 0 0 0 0 0 0 0 0 0 0 0 0 0 0 0 data 9 0x40002 0x68 0x0 0x0 0x9 0x3 0x0 0x0 0x0 oops 0 methods 0
ciMethodData java/lang/Throwable addSuppressed (Ljava/lang/Throwable;)V 1 0 orig 80 0 0 0 0 0 0 0 0 0 0 0 0 251 1 0 0 0 0 0 0 0 0 0 0 0 0 0 0 0 0 0 0 0 0 0 0 0 0 0 0 0 0 0 0 0 0 0 0 0 0 0 0 0 0 0 0 0 0 0 0 0 0 0 0 0 0 0 0 0 0 0 0 0 0 0 0 0 0 0 0 data 35 0x20007 0x0 0x30 0x0 0xd0002 0x0 0x150002 0x0 0x1d0007 0x0 0x20 0x0 0x280007 0x0 0x30 0x0 0x310002 0x0 0x3c0005 0x0 0x0 0x0 0x0 0x0 0x0 0x0 0x0 0x0 0x0 0x0 0x0 0x9 0x2 0x10 0x0 oops 0 methods 0
ciMethodData java/lang/ref/SoftReference <init> (Ljava/lang/Object;)V 2 5207 orig 80 0 0 0 0 0 0 0 0 0 0 0 0 251 1 0 0 0 0 0 0 0 0 0 0 0 0 0 0 0 0 0 0 0 0 0 0 0 0 0 0 0 0 0 0 0 0 0 0 0 0 0 0 0 0 0 0 0 0 0 0 0 0 0 0 0 0 0 0 0 0 0 0 0 0 0 0 0 0 0 0 data 10 0x20002 0x1457 0x0 0x0 0x0 0x0 0x9 0x2 0x36 0x0 oops 0 methods 0
ciMethodData java/lang/ref/Reference <init> (Ljava/lang/Object;)V 2 10151 orig 80 0 0 0 0 0 0 0 0 0 0 0 0 251 1 0 0 0 0 0 0 0 0 0 0 0 0 0 0 0 0 0 0 0 0 0 0 0 0 0 0 0 0 0 0 0 0 0 0 0 0 0 0 0 0 0 0 0 0 0 0 0 0 0 0 0 0 0 0 0 0 0 0 0 0 0 0 0 0 0 0 data 8 0x30002 0x27a7 0x0 0x0 0x9 0x2 0x6 0x0 oops 0 methods 0
ciMethodData java/util/jar/JavaUtilJarAccessImpl getTrustedAttributes (Ljava/util/jar/Manifest;Ljava/lang/String;)Ljava/util/jar/Attributes; 2 4985 orig 80 0 0 0 0 0 0 0 0 0 0 0 0 251 1 0 0 0 0 0 0 0 0 0 0 0 0 0 0 0 0 0 0 0 0 0 0 0 0 0 0 0 0 0 0 0 0 0 0 0 0 0 0 0 0 0 0 0 0 0 0 0 0 0 0 0 0 0 0 0 0 0 0 0 0 0 0 0 0 0 0 data 18 0x20005 0x0 0x0 0x1fbfd8f6d38 0x1379 0x0 0x0 0x0 0x0 0x0 0x0 0x0 0x0 0x9 0x3 0x0 0x0 0x0 oops 1 3 java/util/jar/Manifest methods 0
ciMethodData java/util/jar/Manifest getTrustedAttributes (Ljava/lang/String;)Ljava/util/jar/Attributes; 2 4985 orig 80 0 0 0 0 0 0 0 0 0 0 0 0 251 1 0 0 0 0 0 0 0 0 0 0 0 0 0 0 0 0 0 0 0 0 0 0 0 0 0 0 0 0 0 0 0 0 0 0 0 0 0 0 0 0 0 0 0 0 0 0 0 0 0 0 0 0 0 0 0 0 0 0 0 0 0 0 0 0 0 0 data 61 0x20005 0x0 0x0 0x1fbfd8f6d38 0x1379 0x0 0x0 0x70007 0x1375 0x160 0x4 0xe0007 0x4 0x140 0x0 0x160005 0x0 0x0 0x0 0x0 0x0 0x0 0x190007 0x0 0xe8 0x0 0x240002 0x0 0x290005 0x0 0x0 0x0 0x0 0x0 0x0 0x2d0005 0x0 0x0 0x0 0x0 0x0 0x0 0x300005 0x0 0x0 0x0 0x0 0x0 0x0 0x330002 0x0 0x0 0x0 0x0 0x0 0x0 0x0 0x9 0x2 0x0 0x0 oops 1 3 java/util/jar/Manifest methods 0
ciMethodData java/util/jar/Manifest getAttributes (Ljava/lang/String;)Ljava/util/jar/Attributes; 2 9856 orig 80 0 0 0 0 0 0 0 0 0 0 0 0 251 1 0 0 0 0 0 0 0 0 0 0 0 0 0 0 0 0 0 0 0 0 0 0 0 0 0 0 0 0 0 0 0 0 0 0 0 0 0 0 0 0 0 0 0 0 0 0 0 0 0 0 0 0 0 0 0 0 0 0 0 0 0 0 0 0 0 0 data 31 0x10005 0x0 0x0 0x1fbfd8f6d38 0x2680 0x0 0x0 0x50005 0x0 0x0 0x1fbe41f4a20 0x2680 0x0 0x0 0xa0104 0x0 0x0 0x1fbe4511338 0x5b 0x0 0x0 0x0 0x0 0x0 0x0 0x0 0x0 0x9 0x2 0x0 0x0 oops 3 3 java/util/jar/Manifest 10 java/util/HashMap 17 java/util/jar/Attributes methods 0
ciMethodData java/util/jar/JarVerifier isTrustedManifestEntry (Ljava/lang/String;)Z 1 0 orig 80 0 0 0 0 0 0 0 0 0 0 0 0 251 1 0 0 0 0 0 0 0 0 0 0 0 0 0 0 0 0 0 0 0 0 0 0 0 0 0 0 0 0 0 0 0 0 0 0 0 0 0 0 0 0 0 0 0 0 0 0 0 0 0 0 0 0 0 0 0 0 0 0 0 0 0 0 0 0 0 0 data 71 0x80005 0x0 0x0 0x0 0x0 0x0 0x0 0xb0004 0x0 0x0 0x0 0x0 0x0 0x0 0x100007 0x0 0x20 0x0 0x1a0005 0x0 0x0 0x0 0x0 0x0 0x0 0x1d0004 0x0 0x0 0x0 0x0 0x0 0x0 0x220007 0x0 0x90 0x0 0x2a0005 0x0 0x0 0x0 0x0 0x0 0x0 0x2d0004 0x0 0x0 0x0 0x0 0x0 0x0 0x320007 0x0 0x58 0x0 0x390007 0x0 0x38 0x0 0x3d0003 0x0 0x18 0x0 0x0 0x0 0x0 0x0 0x0 0x9 0x2 0x0 0xffffffffffffffff oops 0 methods 0
ciMethodData java/lang/invoke/DirectMethodHandle allocateInstance (Ljava/lang/Object;)Ljava/lang/Object; 2 26537 orig 80 0 0 0 0 0 0 0 0 0 0 0 0 251 1 0 0 0 0 0 0 0 0 0 0 0 0 0 0 0 0 0 0 0 0 0 0 0 0 0 0 0 0 0 0 0 0 0 0 0 0 0 0 0 0 0 0 0 0 0 0 0 0 0 0 0 0 0 0 0 0 0 0 0 0 0 0 0 0 0 0 data 23 0x10004 0x0 0x0 0x1fbe4fa4a40 0x258c 0x0 0x0 0xc0005 0x67a9 0x0 0x0 0x0 0x0 0x0 0x0 0x0 0x0 0x0 0x0 0x0 0x9 0x1 0x0 oops 1 3 java/lang/invoke/DirectMethodHandle$Constructor methods 0
ciMethodData java/lang/invoke/DirectMethodHandle constructorMethod (Ljava/lang/Object;)Ljava/lang/Object; 2 25981 orig 80 0 0 0 0 0 0 0 0 0 0 0 0 251 1 0 0 0 0 0 0 0 0 0 0 0 0 0 0 0 0 0 0 0 0 0 0 0 0 0 0 0 0 0 0 0 0 0 0 0 0 0 0 0 0 0 0 0 0 0 0 0 0 0 0 0 0 0 0 0 0 0 0 0 0 0 0 0 0 0 0 data 16 0x10004 0x0 0x0 0x1fbe4fa4a40 0x2360 0x0 0x0 0x0 0x0 0x0 0x0 0x0 0x0 0x9 0x1 0x0 oops 1 3 java/lang/invoke/DirectMethodHandle$Constructor methods 0
ciMethodData java/lang/RuntimeException <init> (Ljava/lang/Throwable;)V 1 0 orig 80 0 0 0 0 0 0 0 0 0 0 0 0 251 1 0 0 0 0 0 0 0 0 0 0 0 0 0 0 0 0 0 0 0 0 0 0 0 0 0 0 0 0 0 0 0 0 0 0 0 0 0 0 0 0 0 0 0 0 0 0 0 0 0 0 0 0 0 0 0 0 0 0 0 0 0 0 0 0 0 0 data 8 0x20002 0x0 0x0 0x0 0x9 0x2 0x1c 0xffffffffffffffff oops 0 methods 0
ciMethodData java/util/jar/JarFile beginInit ()Ljava/lang/Object; 1 2 orig 80 0 0 0 0 0 0 0 0 0 0 0 0 251 1 0 0 0 0 0 0 0 0 0 0 0 0 0 0 0 0 0 0 0 0 0 0 0 0 0 0 0 0 0 0 0 0 0 0 0 0 0 0 0 0 0 0 0 0 0 0 0 0 0 0 0 0 0 0 0 0 0 0 0 0 0 0 0 0 0 0 data 15 0x30005 0x0 0x0 0x1fbe4bd56a0 0x2 0x0 0x0 0x0 0x0 0x0 0x0 0x0 0x0 0x9 0x0 oops 1 3 jdk/internal/misc/ThreadTracker methods 0
ciMethodData java/util/jar/JarFile initializeVerifier ()V 1 2 orig 80 0 0 0 0 0 0 0 0 0 0 0 0 251 1 0 0 0 0 0 0 0 0 0 0 0 0 0 0 0 0 0 0 0 0 0 0 0 0 0 0 0 0 0 0 0 0 0 0 0 0 0 0 0 0 0 0 0 0 0 0 0 0 0 0 0 0 0 0 0 0 0 0 0 0 0 0 0 0 0 0 data 200 0x60005 0x0 0x0 0x1fbe41db778 0x2 0x0 0x0 0xd0005 0x0 0x0 0x1fbfd8f71d8 0x2 0x0 0x0 0x140005 0x0 0x0 0x1fbe4c24280 0x8 0x0 0x0 0x190007 0x2 0x308 0x6 0x1d0005 0x0 0x0 0x1fbe4c24280 0x6 0x0 0x0 0x220004 0x0 0x0 0x1fbfd8f3898 0x6 0x0 0x0 0x2a0005 0x0 0x0 0x1fbe4140070 0x6 0x0 0x0 0x310007 0x6 0x30 0x0 0x3b0002 0x0 0x400007 0x4 0x68 0x2 0x480005 0x2 0x0 0x0 0x0 0x0 0x0 0x520002 0x2 0x5b0005 0x6 0x0 0x0 0x0 0x0 0x0 0x5e0007 0x4 0x38 0x2 0x6a0003 0x2 0x50 0x700005 0x4 0x0 0x0 0x0 0x0 0x0 0x770007 0x0 0xe8 0x6 0x7d0007 0x0 0xc8 0x6 0x870005 0x0 0x0 0x1fbe4144278 0x6 0x0 0x0 0x980005 0x0 0x0 0x1fbe4144278 0x6 0x0 0x0 0xa40005 0x0 0x0 0x1fbe4144278 0x6 0x0 0x0 0xa70003 0x6 0xfffffffffffffcd8 0xaa0003 0x2 0xa8 0xbb0007 0x0 0x90 0x0 0xc40005 0x0 0x0 0x0 0x0 0x0 0x0 0xc80005 0x0 0x0 0x0 0x0 0x0 0x0 0xcf0007 0x0 0x160 0x2 0xd60005 0x0 0x0 0x1fbe4144278 0x2 0x0 0x0 0xdc0007 0x2 0x58 0x0 0xe50005 0x0 0x0 0x0 0x0 0x0 0x0 0xec0005 0x0 0x0 0x1fbe4144278 0x2 0x0 0x0 0xef0007 0x2 0x78 0x0 0xf50007 0x0 0x58 0x0 0xfe0005 0x0 0x0 0x0 0x0 0x0 0x0 0x0 0x0 0x0 0x0 0x0 0x0 0x0 0x0 0x0 0x0 0x0 0x0 0x0 0x0 0x9 0x1 0x0 oops 11 3 java/util/zip/ZipFile$1 10 java/util/ArrayList 17 java/util/ArrayList$Itr 28 java/util/ArrayList$Itr 35 java/lang/String 42 java/util/jar/JarFile 97 java/util/jar/JarVerifier 104 java/util/jar/JarVerifier 111 java/util/jar/JarVerifier 146 java/util/jar/JarVerifier 164 java/util/jar/JarVerifier methods 0
ciMethodData java/util/jar/JarFile endInit (Ljava/lang/Object;)V 1 2 orig 80 0 0 0 0 0 0 0 0 0 0 0 0 251 1 0 0 0 0 0 0 0 0 0 0 0 0 0 0 0 0 0 0 0 0 0 0 0 0 0 0 0 0 0 0 0 0 0 0 0 0 0 0 0 0 0 0 0 0 0 0 0 0 0 0 0 0 0 0 0 0 0 0 0 0 0 0 0 0 0 0 data 16 0x40005 0x0 0x0 0x1fbe4bd56a0 0x2 0x0 0x0 0x0 0x0 0x0 0x0 0x0 0x0 0x9 0x1 0xffffffffffffffff oops 1 3 jdk/internal/misc/ThreadTracker methods 0
ciMethodData jdk/internal/loader/Resource getBytes ()[B 2 5139 orig 80 0 0 0 0 0 0 0 0 0 0 0 0 251 1 0 0 0 0 0 0 0 0 0 0 0 0 0 0 0 0 0 0 0 0 0 0 0 0 0 0 0 0 0 0 0 0 0 0 0 0 0 0 0 0 0 0 0 0 0 0 0 0 0 0 0 0 0 0 0 0 0 0 0 0 0 0 0 0 0 0 data 145 0x10005 0x1413 0x0 0x0 0x0 0x0 0x0 0x50002 0x1413 0xa0005 0x0 0x0 0x1fbe40fbb60 0x1411 0x1fbe40fbc10 0x2 0xf0003 0x1413 0x40 0x140002 0x0 0x1a0003 0x0 0xffffffffffffffa0 0x240007 0x1413 0x20 0x0 0x320007 0x1413 0x1a8 0x2ac7 0x390007 0x2e 0x78 0x2a99 0x470002 0x2a99 0x4e0007 0x2a99 0x20 0x0 0x5e0002 0x2a99 0x620003 0x2a99 0x18 0x750005 0x5 0x0 0x1fbe441fdf0 0x2a39 0x1fbe43e49e8 0x89 0x7a0003 0x2ac7 0x28 0x7f0002 0x0 0x870007 0x2ac7 0x98 0x0 0x8e0007 0x0 0x30 0x0 0x970002 0x0 0x9f0007 0x0 0x60 0x0 0xa50002 0x0 0xa90003 0x0 0x30 0xb30003 0x2ac7 0xfffffffffffffe70 0xb70005 0x2 0x0 0x1fbe441fdf0 0x13ba 0x1fbe43e49e8 0x57 0xba0003 0x1413 0x30 0xc10003 0x0 0x18 0xc70007 0x1413 0x150 0x0 0xca0002 0x0 0xcd0005 0x0 0x0 0x0 0x0 0x0 0x0 0xd00003 0x0 0xe8 0xd60005 0x0 0x0 0x0 0x0 0x0 0x0 0xd90003 0x0 0x30 0xe00003 0x0 0x18 0xe60007 0x0 0x68 0x0 0xe90002 0x0 0xec0005 0x0 0x0 0x0 0x0 0x0 0x0 0x0 0x0 0x0 0x0 0x0 0x0 0x9 0x1 0x0 oops 6 12 jdk/internal/loader/URLClassPath$JarLoader$2 14 jdk/internal/loader/URLClassPath$FileLoader$1 50 java/util/zip/ZipFile$ZipFileInflaterInputStream 52 java/util/jar/JarVerifier$VerifierStream 84 java/util/zip/ZipFile$ZipFileInflaterInputStream 86 java/util/jar/JarVerifier$VerifierStream methods 0
ciMethodData java/io/ByteArrayOutputStream <init> ()V 2 7884 orig 80 0 0 0 0 0 0 0 0 0 0 0 0 251 1 0 0 0 0 0 0 0 0 0 0 0 0 0 0 0 0 0 0 0 0 0 0 0 0 0 0 0 0 0 0 0 0 0 0 0 0 0 0 0 0 0 0 0 0 0 0 0 0 0 0 0 0 0 0 0 0 0 0 0 0 0 0 0 0 0 0 data 7 0x30002 0x1ecc 0x0 0x0 0x9 0x1 0x0 oops 0 methods 0
ciMethodData java/io/ByteArrayOutputStream <init> (I)V 2 7971 orig 80 0 0 0 0 0 0 0 0 0 0 0 0 251 1 0 0 0 0 0 0 0 0 0 0 0 0 0 0 0 0 0 0 0 0 0 0 0 0 0 0 0 0 0 0 0 0 0 0 0 0 0 0 0 0 0 0 0 0 0 0 0 0 0 0 0 0 0 0 0 0 0 0 0 0 0 0 0 0 0 0 data 41 0x10002 0x1f23 0x50007 0x1f23 0xe8 0x0 0x100002 0x0 0x150005 0x0 0x0 0x0 0x0 0x0 0x0 0x190005 0x0 0x0 0x0 0x0 0x0 0x0 0x1c0005 0x0 0x0 0x0 0x0 0x0 0x0 0x1f0002 0x0 0x0 0x0 0x0 0x0 0x0 0x0 0x9 0x2 0x0 0x0 oops 0 methods 0
ciMethodData java/util/Dictionary <init> ()V 1 951 orig 80 0 0 0 0 0 0 0 0 0 0 0 0 251 1 0 0 0 0 0 0 0 0 0 0 0 0 0 0 0 0 0 0 0 0 0 0 0 0 0 0 0 0 0 0 0 0 0 0 0 0 0 0 0 0 0 0 0 0 0 0 0 0 0 0 0 0 0 0 0 0 0 0 0 0 0 0 0 0 0 0 data 7 0x10002 0x3b7 0x0 0x0 0x9 0x1 0x0 oops 0 methods 0
ciMethodData java/util/HashMap calculateHashMapCapacity (I)I 2 5795 orig 80 0 0 0 0 0 0 0 0 0 0 0 0 251 1 0 0 0 0 0 0 0 0 0 0 0 0 0 0 0 0 0 0 0 0 0 0 0 0 0 0 0 0 0 0 0 0 0 0 0 0 0 0 0 0 0 0 0 0 0 0 0 0 0 0 0 0 0 0 0 0 0 0 0 0 0 0 0 0 0 0 data 11 0x60002 0x16a3 0x0 0x0 0x0 0x0 0x0 0x0 0x9 0x1 0x0 oops 0 methods 0
ciMethodData java/util/Hashtable <init> (IF)V 1 680 orig 80 0 0 0 0 0 0 0 0 0 0 0 0 251 1 0 0 0 0 0 0 0 0 0 0 0 0 0 0 0 0 0 0 0 0 0 0 0 0 0 0 0 0 0 0 0 0 0 0 0 0 0 0 0 0 0 0 0 0 0 0 0 0 0 0 0 0 0 0 0 0 0 0 0 0 0 0 0 0 0 0 data 83 0x10002 0x2a8 0xa0007 0x2a8 0xe8 0x0 0x150002 0x0 0x1a0005 0x0 0x0 0x0 0x0 0x0 0x0 0x1e0005 0x0 0x0 0x0 0x0 0x0 0x0 0x210005 0x0 0x0 0x0 0x0 0x0 0x0 0x240002 0x0 0x2b0007 0x0 0x50 0x2a8 0x2f0002 0x2a8 0x320007 0x2a8 0xe8 0x0 0x3d0002 0x0 0x420005 0x0 0x0 0x0 0x0 0x0 0x0 0x460005 0x0 0x0 0x0 0x0 0x0 0x0 0x490005 0x0 0x0 0x0 0x0 0x0 0x0 0x4c0002 0x0 0x510007 0x2a8 0x20 0x0 0x6a0002 0x2a8 0x0 0x0 0x0 0x0 0x0 0x0 0x9 0x3 0x0 0x0 0x0 oops 0 methods 0
ciMethodData java/io/OutputStream <init> ()V 2 8222 orig 80 0 0 0 0 0 0 0 0 0 0 0 0 251 1 0 0 0 0 0 0 0 0 0 0 0 0 0 0 0 0 0 0 0 0 0 0 0 0 0 0 0 0 0 0 0 0 0 0 0 0 0 0 0 0 0 0 0 0 0 0 0 0 0 0 0 0 0 0 0 0 0 0 0 0 0 0 0 0 0 0 data 7 0x10002 0x201e 0x0 0x0 0x9 0x1 0x0 oops 0 methods 0
ciMethodData java/util/Hashtable <init> ()V 1 486 orig 80 0 0 0 0 0 0 0 0 0 0 0 0 251 1 0 0 0 0 0 0 0 0 0 0 0 0 0 0 0 0 0 0 0 0 0 0 0 0 0 0 0 0 0 0 0 0 0 0 0 0 0 0 0 0 0 0 0 0 0 0 0 0 0 0 0 0 0 0 0 0 0 0 0 0 0 0 0 0 0 0 data 8 0x50002 0x1e6 0x0 0x0 0x0 0x9 0x1 0x0 oops 0 methods 0
ciMethodData java/util/LinkedHashMap <init> (I)V 2 4962 orig 80 0 0 0 0 0 0 0 0 0 0 0 0 251 1 0 0 0 0 0 0 0 0 0 0 0 0 0 0 0 0 0 0 0 0 0 0 0 0 0 0 0 0 0 0 0 0 0 0 0 0 0 0 0 0 0 0 0 0 0 0 0 0 0 0 0 0 0 0 0 0 0 0 0 0 0 0 0 0 0 0 data 10 0x20002 0x1362 0x0 0x0 0x0 0x0 0x9 0x2 0x78 0x0 oops 0 methods 0
ciMethod  @bci java/lang/ClassLoader definePackage (Ljava/lang/String;Ljava/lang/Module;)Ljava/lang/Package; 73 <appendix> member <vmtarget> ; <init> (Ljava/lang/ClassLoader;Ljava/lang/Module;)V 150 0 75 0 0
ciMethodData java/lang/invoke/Invokers$Holder linkToTargetMethod (Ljava/lang/Object;Ljava/lang/Object;Ljava/lang/Object;)Ljava/lang/Object; 2 7699 orig 80 0 0 0 0 0 0 0 0 0 0 0 0 251 1 0 0 0 0 0 0 0 0 0 0 0 0 0 0 0 0 0 0 0 0 0 0 0 0 0 0 0 0 0 0 0 0 0 0 0 0 0 0 0 0 0 0 0 0 0 0 0 0 0 0 0 0 0 0 0 0 0 0 0 0 0 0 0 0 0 0 data 37 0x10004 0x0 0x0 0x1fbe4fa4a40 0x784 0x1fbe4fa5500 0x9c 0x6000b 0x1e13 0x0 0x0 0x0 0x0 0x0 0x5 0x1 0x2 0x2 0x2 0x2 0x0 0x0 0x0 0x0 0x0 0x0 0x9 0x3 0x0 0x0 0x0 0xc 0x4 0x0 0x2 0x1 0x2 oops 2 3 java/lang/invoke/DirectMethodHandle$Constructor 5 java/lang/invoke/BoundMethodHandle$Species_LLLLL methods 0
ciMethodData java/lang/invoke/DirectMethodHandle$Holder newInvokeSpecial (Ljava/lang/Object;Ljava/lang/Object;Ljava/lang/Object;)Ljava/lang/Object; 2 7690 orig 80 0 0 0 0 0 0 0 0 0 0 0 0 251 1 0 0 0 0 0 0 0 0 0 0 0 0 0 0 0 0 0 0 0 0 0 0 0 0 0 0 0 0 0 0 0 0 0 0 0 0 0 0 0 0 0 0 0 0 0 0 0 0 0 0 0 0 0 0 0 0 0 0 0 0 0 0 0 0 0 0 data 43 0x1000a 0x1e0a 0x3 0x0 0x1fbe4fa4a40 0x2 0x6000a 0x1e0a 0x3 0x0 0x1fbe4fa4a40 0x1fbfd8f5ee8 0x100004 0x0 0x0 0x0 0x0 0x0 0x0 0x13000a 0x1e0a 0x4 0x0 0x2 0x1 0x2 0x0 0x0 0x0 0x0 0x0 0x0 0x9 0x3 0x0 0x0 0x0 0xc 0x4 0x0 0x1fbe4fa4a40 0x1 0x2 oops 4 4 java/lang/invoke/DirectMethodHandle$Constructor 10 java/lang/invoke/DirectMethodHandle$Constructor 11 java/lang/invoke/MemberName 40 java/lang/invoke/DirectMethodHandle$Constructor methods 0
ciMethodData java/util/jar/Manifest read (Ljava/io/InputStream;Ljava/lang/String;)V 2 98 orig 80 0 0 0 0 0 0 0 0 0 0 0 0 251 1 0 0 0 0 0 0 0 0 0 0 0 0 0 0 0 0 0 0 0 0 0 0 0 0 0 0 0 0 0 0 0 0 0 0 0 0 0 0 0 0 0 0 0 0 0 0 0 0 0 0 0 0 0 0 0 0 0 0 0 0 0 0 0 0 0 0 data 219 0x50002 0x62 0x190005 0x0 0x0 0x1fbe4511338 0x62 0x0 0x0 0x330005 0x0 0x0 0x1fbe49eb0b0 0x1fed 0x0 0x0 0x3a0007 0x62 0x5e8 0x1f8b 0x4e0007 0x1f8b 0x150 0x0 0x550007 0x0 0x130 0x0 0x600002 0x0 0x650005 0x0 0x0 0x0 0x0 0x0 0x0 0x6b0002 0x0 0x6e0005 0x0 0x0 0x0 0x0 0x0 0x0 0x730005 0x0 0x0 0x0 0x0 0x0 0x0 0x760005 0x0 0x0 0x0 0x0 0x0 0x0 0x790002 0x0 0x7f0007 0x0 0x40 0x1f8b 0x8b0007 0x0 0x20 0x1f8b 0x930007 0x1f8b 0x58 0x0 0x980007 0x0 0x38 0x0 0x9b0003 0x0 0xfffffffffffffdd8 0xa30007 0xce8 0x208 0x12a3 0xab0005 0x12a3 0x0 0x0 0x0 0x0 0x0 0xb20007 0x12a3 0x130 0x0 0xbd0002 0x0 0xc20005 0x0 0x0 0x0 0x0 0x0 0x0 0xc80002 0x0 0xcb0005 0x0 0x0 0x0 0x0 0x0 0x0 0xd00005 0x0 0x0 0x0 0x0 0x0 0x0 0xd30005 0x0 0x0 0x0 0x0 0x0 0x0 0xd60002 0x0 0xdb0005 0x0 0x0 0x1fbe49eb0b0 0x12a3 0x0 0x0 0xe00007 0x5bd 0xe8 0xce6 0xf80002 0xce6 0xfb0003 0xce6 0xfffffffffffffbd0 0x1130002 0xce8 0x1220002 0xce8 0x1260005 0x0 0x0 0x1fbe49eb0b0 0xce8 0x0 0x0 0x12b0007 0xce6 0x38 0x2 0x1320003 0x2 0xfffffffffffffb40 0x13e0002 0xce6 0x1490005 0x0 0x0 0x1fbfd8f6d38 0x12a3 0x0 0x0 0x1500007 0x0 0x68 0x12a3 0x1590002 0x12a3 0x1660005 0x0 0x0 0x1fbe41f4a20 0x12a3 0x0 0x0 0x1740005 0x0 0x0 0x1fbe4511338 0x12a3 0x0 0x0 0x1800005 0x0 0x0 0x1fbe4511338 0x12a3 0x0 0x0 0x18c0002 0x12a3 0x1970003 0x12a3 0xfffffffffffff9f8 0x0 0x0 0x0 0x0 0x0 0x0 0x0 0x0 0x0 0x9 0x3 0x0 0x0 0x0 oops 8 5 java/util/jar/Attributes 12 java/util/jar/Manifest$FastInputStream 133 java/util/jar/Manifest$FastInputStream 153 java/util/jar/Manifest$FastInputStream 169 java/util/jar/Manifest 182 java/util/HashMap 189 java/util/jar/Attributes 196 java/util/jar/Attributes methods 0
ciMethod jdk/internal/loader/URLClassPath$FileLoader$1 getCodeSourceURL ()Ljava/net/URL; 38 0 15 0 0
compile java/net/URLClassLoader$1 run ()Ljava/lang/Object; -1 4 inline 328 0 -1 0 java/net/URLClassLoader$1 run ()Ljava/lang/Object; 1 1 0 java/net/URLClassLoader$1 run ()Ljava/lang/Class; 2 8 0 java/lang/String replace (CC)Ljava/lang/String; 3 6 0 java/lang/String isLatin1 ()Z 3 18 0 java/lang/StringLatin1 replace ([BCC)Ljava/lang/String; 4 1 0 java/lang/StringLatin1 canEncode (C)Z 4 41 0 java/lang/StringLatin1 canEncode (C)Z 4 49 0 java/lang/StringConcatHelper newArray (J)[B 5 33 0 jdk/internal/misc/Unsafe allocateUninitializedArray (Ljava/lang/Class;I)Ljava/lang/Object; 4 123 0 java/lang/String <init> ([BB)V 5 1 0 java/lang/Object <init> ()V 2 13 0 java/lang/String concat (Ljava/lang/String;)Ljava/lang/String; 3 1 0 java/lang/String isEmpty ()Z 3 11 0 java/lang/StringConcatHelper simpleConcat (Ljava/lang/Object;Ljava/lang/Object;)Ljava/lang/String; 4 1 0 java/lang/StringConcatHelper stringOf (Ljava/lang/Object;)Ljava/lang/String; 5 5 0 java/lang/String toString ()Ljava/lang/String; 4 6 0 java/lang/StringConcatHelper stringOf (Ljava/lang/Object;)Ljava/lang/String; 5 5 0 java/lang/String toString ()Ljava/lang/String; 4 11 0 java/lang/String isEmpty ()Z 4 22 0 java/lang/String <init> (Ljava/lang/String;)V 5 1 0 java/lang/Object <init> ()V 4 27 0 java/lang/String isEmpty ()Z 4 42 0 java/lang/StringConcatHelper initialCoder ()J 4 46 0 java/lang/StringConcatHelper mix (JLjava/lang/String;)J 5 2 0 java/lang/String length ()I 6 6 0 java/lang/String coder ()B 5 9 0 java/lang/String coder ()B 5 23 0 java/lang/StringConcatHelper checkOverflow (J)J 4 54 0 java/lang/StringConcatHelper mix (JLjava/lang/String;)J 5 2 0 java/lang/String length ()I 6 6 0 java/lang/String coder ()B 5 9 0 java/lang/String coder ()B 5 23 0 java/lang/StringConcatHelper checkOverflow (J)J 4 61 0 java/lang/StringConcatHelper newArray (J)[B 5 33 0 jdk/internal/misc/Unsafe allocateUninitializedArray (Ljava/lang/Class;I)Ljava/lang/Object; 4 71 0 java/lang/StringConcatHelper prepend (J[BLjava/lang/String;)J 5 2 0 java/lang/String length ()I 6 6 0 java/lang/String coder ()B 5 21 0 java/lang/String getBytes ([BIB)V 6 1 0 java/lang/String coder ()B 4 81 0 java/lang/StringConcatHelper prepend (J[BLjava/lang/String;)J 5 2 0 java/lang/String length ()I 6 6 0 java/lang/String coder ()B 5 21 0 java/lang/String getBytes ([BIB)V 6 1 0 java/lang/String coder ()B 4 90 0 java/lang/StringConcatHelper newString ([BJ)Ljava/lang/String; 5 12 0 java/lang/String <init> ([BB)V 6 1 0 java/lang/Object <init> ()V 2 43 0 java/net/URLClassLoader defineClass (Ljava/lang/String;Ljdk/internal/loader/Resource;)Ljava/lang/Class; 3 7 0 java/lang/String lastIndexOf (I)I 4 3 0 java/lang/String length ()I 5 6 0 java/lang/String coder ()B 4 8 0 java/lang/String lastIndexOf (II)I 5 1 0 java/lang/String isLatin1 ()Z 5 13 0 java/lang/StringLatin1 lastIndexOf ([BII)I 6 1 0 java/lang/StringLatin1 canEncode (I)Z 3 13 0 jdk/internal/loader/URLClassPath$JarLoader$2 getCodeSourceURL ()Ljava/net/URL; 3 13 0 jdk/internal/loader/URLClassPath$FileLoader$1 getCodeSourceURL ()Ljava/net/URL; 4 4 0 jdk/internal/loader/URLClassPath$Loader getBaseURL ()Ljava/net/URL; 3 28 0 java/lang/String substring (II)Ljava/lang/String; 4 1 0 java/lang/String length ()I 5 6 0 java/lang/String coder ()B 4 8 0 java/lang/String checkBoundsBeginEnd (III)V 5 6 0 jdk/internal/util/Preconditions checkFromToIndex (IIILjava/util/function/BiFunction;)I 4 28 0 java/lang/String isLatin1 ()Z 4 41 0 java/lang/StringLatin1 newString ([BII)Ljava/lang/String; 5 16 0 java/util/Arrays copyOfRange ([BII)[B 6 13 0 java/util/Arrays copyOfRangeByte ([BII)[B 7 2 0 java/util/Arrays checkLength (II)V 5 20 0 java/lang/String <init> ([BB)V 6 1 0 java/lang/Object <init> ()V 3 34 0 jdk/internal/loader/URLClassPath$JarLoader$2 getManifest ()Ljava/util/jar/Manifest; 4 0 0 jdk/internal/access/SharedSecrets javaUtilJarAccess ()Ljdk/internal/access/JavaUtilJarAccess; 4 10 0 java/util/jar/JavaUtilJarAccessImpl ensureInitialization (Ljava/util/jar/JarFile;)V 5 1 0 java/util/jar/JarFile ensureInitialization ()V 6 1 0 java/util/jar/JarFile maybeInstantiateVerifier ()V 7 20 0 java/util/zip/ZipFile$1 getManifestName (Ljava/util/jar/JarFile;Z)Ljava/lang/String; 7 31 0 java/util/jar/JarFile getManifest ()Ljava/util/jar/Manifest; 8 1 0 java/util/jar/JarFile getManifestFromReference ()Ljava/util/jar/Manifest; 9 11 0 java/lang/ref/SoftReference get ()Ljava/lang/Object; 9 59 0 java/util/zip/ZipFile$1 getManifestNum (Ljava/util/jar/JarFile;)I 9 74 0 java/util/jar/JarFile$JarFileEntry getName ()Ljava/lang/String; 9 78 0 java/util/jar/JarVerifier <init> (Ljava/lang/String;[B)V 10 1 0 java/lang/Object <init> ()V 10 39 0 java/util/Hashtable <init> ()V 11 5 0 java/util/Hashtable <init> (IF)V 12 1 0 java/util/Dictionary <init> ()V 13 1 0 java/lang/Object <init> ()V 10 50 0 java/util/Hashtable <init> ()V 11 5 0 java/util/Hashtable <init> (IF)V 12 1 0 java/util/Dictionary <init> ()V 13 1 0 java/lang/Object <init> ()V 10 63 0 java/util/Hashtable <init> (I)V 11 4 0 java/util/Hashtable <init> (IF)V 12 1 0 java/util/Dictionary <init> ()V 13 1 0 java/lang/Object <init> ()V 10 74 0 java/util/ArrayList <init> ()V 11 1 0 java/util/AbstractList <init> ()V 12 1 0 java/util/AbstractCollection <init> ()V 13 1 0 java/lang/Object <init> ()V 10 85 0 java/io/ByteArrayOutputStream <init> ()V 11 3 0 java/io/ByteArrayOutputStream <init> (I)V 12 1 0 java/io/OutputStream <init> ()V 13 1 0 java/lang/Object <init> ()V 10 96 0 java/util/ArrayList <init> ()V 11 1 0 java/util/AbstractList <init> ()V 12 1 0 java/util/AbstractCollection <init> ()V 13 1 0 java/lang/Object <init> ()V 10 107 0 java/util/HashMap <init> ()V 11 1 0 java/util/AbstractMap <init> ()V 12 1 0 java/lang/Object <init> ()V 9 114 0 java/io/ByteArrayInputStream <init> ([B)V 10 1 0 java/io/InputStream <init> ()V 11 1 0 java/lang/Object <init> ()V 9 118 0 java/util/zip/ZipFile getName ()Ljava/lang/String; 9 121 0 java/util/jar/Manifest <init> (Ljava/util/jar/JarVerifier;Ljava/io/InputStream;Ljava/lang/String;)V 10 1 0 java/lang/Object <init> ()V 10 9 0 java/util/jar/Attributes <init> ()V 11 3 0 java/util/jar/Attributes <init> (I)V 12 1 0 java/lang/Object <init> ()V 12 6 0 java/util/LinkedHashMap newLinkedHashMap (I)Ljava/util/LinkedHashMap; 13 36 0 java/util/HashMap calculateHashMapCapacity (I)I 13 39 0 java/util/LinkedHashMap <init> (I)V 14 2 0 java/util/HashMap <init> (I)V 15 4 0 java/util/HashMap <init> (IF)V 16 1 0 java/util/AbstractMap <init> ()V 16 51 0 java/lang/Float isNaN (F)Z 16 91 0 java/util/HashMap tableSizeFor (I)I 10 20 0 java/util/HashMap <init> ()V 11 1 0 java/util/AbstractMap <init> ()V 12 1 0 java/lang/Object <init> ()V 9 140 0 java/util/zip/ZipFile getName ()Ljava/lang/String; 9 143 0 java/util/jar/Manifest <init> (Ljava/io/InputStream;Ljava/lang/String;)V 10 4 0 java/util/jar/Manifest <init> (Ljava/util/jar/JarVerifier;Ljava/io/InputStream;Ljava/lang/String;)V 11 1 0 java/lang/Object <init> ()V 11 9 0 java/util/jar/Attributes <init> ()V 12 3 0 java/util/jar/Attributes <init> (I)V 13 1 0 java/lang/Object <init> ()V 13 6 0 java/util/LinkedHashMap newLinkedHashMap (I)Ljava/util/LinkedHashMap; 14 36 0 java/util/HashMap calculateHashMapCapacity (I)I 14 39 0 java/util/LinkedHashMap <init> (I)V 15 2 0 java/util/HashMap <init> (I)V 16 4 0 java/util/HashMap <init> (IF)V 11 20 0 java/util/HashMap <init> ()V 12 1 0 java/util/AbstractMap <init> ()V 13 1 0 java/lang/Object <init> ()V 9 189 0 java/lang/ref/SoftReference <init> (Ljava/lang/Object;)V 10 2 0 java/lang/ref/Reference <init> (Ljava/lang/Object;)V 11 3 0 java/lang/ref/Reference <init> (Ljava/lang/Object;Ljava/lang/ref/ReferenceQueue;)V 12 1 0 java/lang/Object <init> ()V 4 22 0 java/util/jar/JarFile getManifest ()Ljava/util/jar/Manifest; 5 1 0 java/util/jar/JarFile getManifestFromReference ()Ljava/util/jar/Manifest; 6 11 0 java/lang/ref/SoftReference get ()Ljava/lang/Object; 6 59 0 java/util/zip/ZipFile$1 getManifestNum (Ljava/util/jar/JarFile;)I 6 74 0 java/util/jar/JarFile$JarFileEntry getName ()Ljava/lang/String; 6 78 0 java/util/jar/JarVerifier <init> (Ljava/lang/String;[B)V 7 1 0 java/lang/Object <init> ()V 7 39 0 java/util/Hashtable <init> ()V 8 5 0 java/util/Hashtable <init> (IF)V 9 1 0 java/util/Dictionary <init> ()V 10 1 0 java/lang/Object <init> ()V 7 50 0 java/util/Hashtable <init> ()V 8 5 0 java/util/Hashtable <init> (IF)V 9 1 0 java/util/Dictionary <init> ()V 10 1 0 java/lang/Object <init> ()V 7 63 0 java/util/Hashtable <init> (I)V 8 4 0 java/util/Hashtable <init> (IF)V 9 1 0 java/util/Dictionary <init> ()V 10 1 0 java/lang/Object <init> ()V 7 74 0 java/util/ArrayList <init> ()V 8 1 0 java/util/AbstractList <init> ()V 9 1 0 java/util/AbstractCollection <init> ()V 10 1 0 java/lang/Object <init> ()V 7 85 0 java/io/ByteArrayOutputStream <init> ()V 8 3 0 java/io/ByteArrayOutputStream <init> (I)V 9 1 0 java/io/OutputStream <init> ()V 10 1 0 java/lang/Object <init> ()V 7 96 0 java/util/ArrayList <init> ()V 8 1 0 java/util/AbstractList <init> ()V 9 1 0 java/util/AbstractCollection <init> ()V 10 1 0 java/lang/Object <init> ()V 7 107 0 java/util/HashMap <init> ()V 8 1 0 java/util/AbstractMap <init> ()V 9 1 0 java/lang/Object <init> ()V 6 114 0 java/io/ByteArrayInputStream <init> ([B)V 7 1 0 java/io/InputStream <init> ()V 8 1 0 java/lang/Object <init> ()V 6 118 0 java/util/zip/ZipFile getName ()Ljava/lang/String; 6 121 0 java/util/jar/Manifest <init> (Ljava/util/jar/JarVerifier;Ljava/io/InputStream;Ljava/lang/String;)V 7 1 0 java/lang/Object <init> ()V 7 9 0 java/util/jar/Attributes <init> ()V 8 3 0 java/util/jar/Attributes <init> (I)V 9 1 0 java/lang/Object <init> ()V 9 6 0 java/util/LinkedHashMap newLinkedHashMap (I)Ljava/util/LinkedHashMap; 10 36 0 java/util/HashMap calculateHashMapCapacity (I)I 10 39 0 java/util/LinkedHashMap <init> (I)V 11 2 0 java/util/HashMap <init> (I)V 12 4 0 java/util/HashMap <init> (IF)V 13 1 0 java/util/AbstractMap <init> ()V 14 1 0 java/lang/Object <init> ()V 13 51 0 java/lang/Float isNaN (F)Z 13 91 0 java/util/HashMap tableSizeFor (I)I 7 20 0 java/util/HashMap <init> ()V 8 1 0 java/util/AbstractMap <init> ()V 9 1 0 java/lang/Object <init> ()V 6 140 0 java/util/zip/ZipFile getName ()Ljava/lang/String; 6 143 0 java/util/jar/Manifest <init> (Ljava/io/InputStream;Ljava/lang/String;)V 7 4 0 java/util/jar/Manifest <init> (Ljava/util/jar/JarVerifier;Ljava/io/InputStream;Ljava/lang/String;)V 8 1 0 java/lang/Object <init> ()V 8 9 0 java/util/jar/Attributes <init> ()V 9 3 0 java/util/jar/Attributes <init> (I)V 10 1 0 java/lang/Object <init> ()V 10 6 0 java/util/LinkedHashMap newLinkedHashMap (I)Ljava/util/LinkedHashMap; 11 36 0 java/util/HashMap calculateHashMapCapacity (I)I 11 39 0 java/util/LinkedHashMap <init> (I)V 12 2 0 java/util/HashMap <init> (I)V 13 4 0 java/util/HashMap <init> (IF)V 14 1 0 java/util/AbstractMap <init> ()V 15 1 0 java/lang/Object <init> ()V 14 51 0 java/lang/Float isNaN (F)Z 14 91 0 java/util/HashMap tableSizeFor (I)I 8 20 0 java/util/HashMap <init> ()V 9 1 0 java/util/AbstractMap <init> ()V 10 1 0 java/lang/Object <init> ()V 6 189 0 java/lang/ref/SoftReference <init> (Ljava/lang/Object;)V 7 2 0 java/lang/ref/Reference <init> (Ljava/lang/Object;)V 8 3 0 java/lang/ref/Reference <init> (Ljava/lang/Object;Ljava/lang/ref/ReferenceQueue;)V 9 1 0 java/lang/Object <init> ()V 3 46 0 java/net/URLClassLoader getAndVerifyPackage (Ljava/lang/String;Ljava/util/jar/Manifest;Ljava/net/URL;)Ljava/lang/Package; 4 2 0 java/lang/ClassLoader getDefinedPackage (Ljava/lang/String;)Ljava/lang/Package; 5 4 0 java/util/Objects requireNonNull (Ljava/lang/Object;Ljava/lang/String;)Ljava/lang/Object; 5 13 0 java/util/concurrent/ConcurrentHashMap get (Ljava/lang/Object;)Ljava/lang/Object; 6 1 0 java/lang/String hashCode ()I 7 17 0 java/lang/String isLatin1 ()Z 6 4 0 java/util/concurrent/ConcurrentHashMap spread (I)I 6 34 0 java/util/concurrent/ConcurrentHashMap tabAt ([Ljava/util/concurrent/ConcurrentHashMap$Node;I)Ljava/util/concurrent/ConcurrentHashMap$Node; 6 73 0 java/lang/String equals (Ljava/lang/Object;)Z 5 29 0 java/lang/NamedPackage module ()Ljava/lang/Module; 5 32 0 java/lang/ClassLoader definePackage (Ljava/lang/String;Ljava/lang/Module;)Ljava/lang/Package; 6 1 0 java/lang/String isEmpty ()Z 6 47 0 java/util/concurrent/ConcurrentHashMap get (Ljava/lang/Object;)Ljava/lang/Object; 7 1 0 java/lang/String hashCode ()I 8 17 0 java/lang/String isLatin1 ()Z 7 4 0 java/util/concurrent/ConcurrentHashMap spread (I)I 7 34 0 java/util/concurrent/ConcurrentHashMap tabAt ([Ljava/util/concurrent/ConcurrentHashMap$Node;I)Ljava/util/concurrent/ConcurrentHashMap$Node; 7 73 0 java/lang/String equals (Ljava/lang/Object;)Z 6 73 0 java/lang/invoke/Invokers$Holder linkToTargetMethod (Ljava/lang/Object;Ljava/lang/Object;Ljava/lang/Object;)Ljava/lang/Object; 7 6 0 java/lang/invoke/DirectMethodHandle$Holder newInvokeSpecial (Ljava/lang/Object;Ljava/lang/Object;Ljava/lang/Object;)Ljava/lang/Object; 8 1 0 java/lang/invoke/DirectMethodHandle allocateInstance (Ljava/lang/Object;)Ljava/lang/Object; 8 6 0 java/lang/invoke/DirectMethodHandle constructorMethod (Ljava/lang/Object;)Ljava/lang/Object; 8 19 0  @bci java/lang/ClassLoader definePackage (Ljava/lang/String;Ljava/lang/Module;)Ljava/lang/Package; 73 <appendix> member <vmtarget> ; <init> (Ljava/lang/ClassLoader;Ljava/lang/Module;)V 9 1 0 java/lang/Object <init> ()V 4 14 0 java/lang/Package isSealed ()Z 5 1 0 java/lang/NamedPackage module ()Ljava/lang/Module; 5 4 0 java/lang/Module isNamed ()Z 4 68 0 java/net/URLClassLoader isSealed (Ljava/lang/String;Ljava/util/jar/Manifest;)Z 5 0 0 jdk/internal/access/SharedSecrets javaUtilJarAccess ()Ljdk/internal/access/JavaUtilJarAccess; 5 9 0 java/lang/String replace (CC)Ljava/lang/String; 6 6 0 java/lang/String isLatin1 ()Z 6 18 0 java/lang/StringLatin1 replace ([BCC)Ljava/lang/String; 7 1 0 java/lang/StringLatin1 canEncode (C)Z 7 41 0 java/lang/StringLatin1 canEncode (C)Z 7 49 0 java/lang/StringConcatHelper newArray (J)[B 8 33 0 jdk/internal/misc/Unsafe allocateUninitializedArray (Ljava/lang/Class;I)Ljava/lang/Object; 7 123 0 java/lang/String <init> ([BB)V 8 1 0 java/lang/Object <init> ()V 5 15 0 java/lang/String concat (Ljava/lang/String;)Ljava/lang/String; 6 1 0 java/lang/String isEmpty ()Z 6 11 0 java/lang/StringConcatHelper simpleConcat (Ljava/lang/Object;Ljava/lang/Object;)Ljava/lang/String; 7 1 0 java/lang/StringConcatHelper stringOf (Ljava/lang/Object;)Ljava/lang/String; 8 5 0 java/lang/String toString ()Ljava/lang/String; 7 6 0 java/lang/StringConcatHelper stringOf (Ljava/lang/Object;)Ljava/lang/String; 8 5 0 java/lang/String toString ()Ljava/lang/String; 7 11 0 java/lang/String isEmpty ()Z 7 22 0 java/lang/String <init> (Ljava/lang/String;)V 8 1 0 java/lang/Object <init> ()V 7 27 0 java/lang/String isEmpty ()Z 7 42 0 java/lang/StringConcatHelper initialCoder ()J 7 46 0 java/lang/StringConcatHelper mix (JLjava/lang/String;)J 8 2 0 java/lang/String length ()I 9 6 0 java/lang/String coder ()B 8 9 0 java/lang/String coder ()B 8 23 0 java/lang/StringConcatHelper checkOverflow (J)J 7 54 0 java/lang/StringConcatHelper mix (JLjava/lang/String;)J 8 2 0 java/lang/String length ()I 9 6 0 java/lang/String coder ()B 8 9 0 java/lang/String coder ()B 8 23 0 java/lang/StringConcatHelper checkOverflow (J)J 7 61 0 java/lang/StringConcatHelper newArray (J)[B 8 33 0 jdk/internal/misc/Unsafe allocateUninitializedArray (Ljava/lang/Class;I)Ljava/lang/Object; 7 71 0 java/lang/StringConcatHelper prepend (J[BLjava/lang/String;)J 8 2 0 java/lang/String length ()I 9 6 0 java/lang/String coder ()B 8 21 0 java/lang/String getBytes ([BIB)V 9 1 0 java/lang/String coder ()B 7 81 0 java/lang/StringConcatHelper prepend (J[BLjava/lang/String;)J 8 2 0 java/lang/String length ()I 9 6 0 java/lang/String coder ()B 8 21 0 java/lang/String getBytes ([BIB)V 9 1 0 java/lang/String coder ()B 7 90 0 java/lang/StringConcatHelper newString ([BJ)Ljava/lang/String; 8 12 0 java/lang/String <init> ([BB)V 9 1 0 java/lang/Object <init> ()V 5 18 0 java/util/jar/JavaUtilJarAccessImpl getTrustedAttributes (Ljava/util/jar/Manifest;Ljava/lang/String;)Ljava/util/jar/Attributes; 6 2 0 java/util/jar/Manifest getTrustedAttributes (Ljava/lang/String;)Ljava/util/jar/Attributes; 7 2 0 java/util/jar/Manifest getAttributes (Ljava/lang/String;)Ljava/util/jar/Attributes; 8 1 0 java/util/jar/Manifest getEntries ()Ljava/util/Map; 8 5 0 java/util/HashMap get (Ljava/lang/Object;)Ljava/lang/Object; 9 2 0 java/util/HashMap getNode (Ljava/lang/Object;)Ljava/util/HashMap$Node; 10 23 0 java/util/HashMap hash (Ljava/lang/Object;)I 11 9 0 java/lang/String hashCode ()I 12 17 0 java/lang/String isLatin1 ()Z 5 46 0 java/util/jar/Manifest getMainAttributes ()Ljava/util/jar/Attributes; 5 58 0 java/util/jar/Attributes getValue (Ljava/util/jar/Attributes$Name;)Ljava/lang/String; 6 2 0 java/util/jar/Attributes get (Ljava/lang/Object;)Ljava/lang/Object; 7 5 0 java/util/LinkedHashMap get (Ljava/lang/Object;)Ljava/lang/Object; 8 2 0 java/util/HashMap getNode (Ljava/lang/Object;)Ljava/util/HashMap$Node; 9 23 0 java/util/HashMap hash (Ljava/lang/Object;)I 10 9 0 java/util/jar/Attributes$Name hashCode ()I 5 68 0 java/lang/String equalsIgnoreCase (Ljava/lang/String;)Z 6 14 0 java/lang/String length ()I 7 6 0 java/lang/String coder ()B 6 18 0 java/lang/String length ()I 7 6 0 java/lang/String coder ()B 6 30 0 java/lang/String length ()I 7 6 0 java/lang/String coder ()B 3 185 0 jdk/internal/loader/Resource getCodeSigners ()[Ljava/security/CodeSigner; 3 203 0 jdk/internal/perf/PerfCounter getReadClassBytesTime ()Ljdk/internal/perf/PerfCounter;
